dataset,group,n_refs,n_queries,median_visibility,mean_log_visibility,gini_visibility,median_cited_age,share_same_field
CS,post_ai,4764,200,59.0,4.284961997822299,0.936033060522116,5.0,0.5831234256926953
CS,pre_ai,4221,200,52.0,4.192994941117176,0.9109880172355458,4.0,0.7164179104477612
Health Informatics,post_ai,5150,200,66.0,4.344008774274095,0.9340143244028852,2.0,0.4355339805825243
Health Informatics,pre_ai,4247,200,47.0,4.058378480062477,0.9180880973967676,3.0,0.4452554744525547
Public Health,post_ai,5399,200,50.0,4.059165360624378,0.9223645445294122,6.0,0.6795702907945916
Public Health,pre_ai,4535,200,48.0,4.0194361549508555,0.8866504407782947,7.0,0.7027563395810363
Psychology,post_ai,6001,198,70.0,4.416097529474472,0.926153812088589,8.0,0.4944175970671555
Psychology,pre_ai,5102,200,70.0,4.382771511159471,0.9079769080273108,8.0,0.4651117208937672
Social Sciences,post_ai,4841,199,51.0,4.056583346766687,0.925476220852508,7.0,0.5728155339805825
Social Sciences,pre_ai,4562,197,51.0,4.013448551223212,0.89251442017108,8.0,0.6063130206049978
