query_ai_group,metric,n_seed_papers,mean,median,std,sem
post_ai,median_cited_age,995,12.808542713567839,10.5,9.108046798619876,0.2887444950174186
post_ai,share_recent_refs_3yr,995,0.20990901172676302,0.16666666666666666,0.20847921181584134,0.006609235335342823
post_ai,median_log1p_cited_by_count,995,3.18764395967253,3.1780538303479458,1.093649164946238,0.03467100936574825
post_ai,share_low_citation_refs,995,0.295104855850327,0.25,0.22487169858993433,0.007128912102526586
post_ai,top10pct_share_of_citation_mass,994,0.6521178880997517,0.6537254766122838,0.19441231966679293,0.006166384338743563
post_ai,share_cross_field_refs,995,0.21709279546383162,0.10526315789473684,0.27924832730299676,0.008852767122779886
post_ai,cited_field_entropy,995,0.39930030329141525,0.3250829733914482,0.4337462587516254,0.013750680823017985
post_ai,mean_score,995,0.8978048428877855,0.9022931655248007,0.030559974035779588,0.0009688163077997895
post_ai,share_relevant_low_citation_refs,995,0.28691726094783143,0.25,0.22135900668026126,0.007017552282574407
pre_ai,median_cited_age,994,12.588028169014084,10.5,8.971760975427998,0.28456697839236533
pre_ai,share_recent_refs_3yr,994,0.2070784030707125,0.16666666666666666,0.20620957582377572,0.006540570582348117
pre_ai,median_log1p_cited_by_count,994,3.264677174082644,3.205498287419016,1.0690247150448546,0.03390740500334845
pre_ai,share_low_citation_refs,994,0.27412386707198755,0.25,0.204064088822547,0.006472519866909766
pre_ai,top10pct_share_of_citation_mass,993,0.6442172149374427,0.6336633663366337,0.20135997114565818,0.0063899655395752335
pre_ai,share_cross_field_refs,994,0.20682581609477585,0.1111111111111111,0.2600756379591305,0.008249098326425924
pre_ai,cited_field_entropy,994,0.39388311327574105,0.34883209584303193,0.41233814523602386,0.01307857179734216
pre_ai,mean_score,994,0.8978710261127689,0.9001316994428634,0.027636682374865523,0.0008765823362597827
pre_ai,share_relevant_low_citation_refs,994,0.26902706888476186,0.25,0.2037101228685206,0.006461292748591863
