metric,group_a,group_b,n_a,n_b,mean_a,mean_b,mean_diff_a_minus_b,median_a,median_b,median_diff_a_minus_b,welch_t_stat,welch_p_value,mannwhitney_u_stat,mannwhitney_p_value,welch_q_value_bh,mannwhitney_q_value_bh
median_cited_age,post_ai,pre_ai,995,994,12.808542713567839,12.588028169014084,0.22051454455375463,10.5,10.5,0.0,0.5439388454823084,0.5865445941057901,501703.0,0.5744511272325143,0.8722373346489153,0.8616766908487715
share_recent_refs_3yr,post_ai,pre_ai,995,994,0.20990901172676302,0.2070784030707125,0.002830608656050504,0.16666666666666666,0.16666666666666666,0.0,0.30441746458569413,0.7608417449201247,498407.5,0.758661313187323,0.8722373346489153,0.9371002760181661
median_log1p_cited_by_count,post_ai,pre_ai,995,994,3.18764395967253,3.264677174082644,-0.07703321441011424,3.1780538303479458,3.205498287419016,-0.02744445707107035,-1.5884686860089874,0.11233956745054861,476288.0,0.15466906087775115,0.3370187023516458,0.5760289911283235
share_low_citation_refs,post_ai,pre_ai,995,994,0.295104855850327,0.27412386707198755,0.020980988778339427,0.25,0.25,0.0,2.1789696520291653,0.02945212693079988,513312.5,0.14152922039566446,0.2650691423771989,0.5760289911283235
top10pct_share_of_citation_mass,post_ai,pre_ai,994,993,0.6521178880997517,0.6442172149374427,0.007900673162309024,0.6537254766122838,0.6336633663366337,0.02006211027565008,0.8897066714775861,0.3737313622930142,505927.5,0.3319629283963008,0.713287828817722,0.6135166408912466
share_cross_field_refs,post_ai,pre_ai,995,994,0.21709279546383162,0.20682581609477585,0.010266979369055768,0.10526315789473684,0.1111111111111111,-0.005847953216374269,0.8484842977527121,0.3962710160098456,494140.5,0.9760102561463928,0.713287828817722,0.9760102561463929
cited_field_entropy,post_ai,pre_ai,995,994,0.39930030329141525,0.39388311327574105,0.0054171900156742,0.3250829733914482,0.34883209584303193,-0.023749122451583726,0.28545934177930793,0.7753220752434803,491896.0,0.8329780231272588,0.8722373346489153,0.9371002760181661
mean_score,post_ai,pre_ai,995,994,0.8978048428877855,0.8978710261127689,-6.618322498341822e-05,0.9022931655248007,0.9001316994428634,0.0021614660819372356,-0.05065600752711516,0.9596047740800729,506714.0,0.34084257827291475,0.9596047740800729,0.6135166408912466
share_relevant_low_citation_refs,post_ai,pre_ai,995,994,0.28691726094783143,0.26902706888476186,0.017890192063069577,0.25,0.25,0.0,1.8754599907840754,0.060876985386996804,511194.0,0.19200966370944117,0.2739464342414856,0.5760289911283235
