field_label,query_ai_group,metric,n_seed_papers,mean,median,std
openalex_education_1000,post_ai,median_cited_age,994,7.189134808853119,6.0,5.136352546144355
openalex_education_1000,post_ai,share_recent_refs_3yr,994,0.325610283914068,0.268543956043956,0.263189122838242
openalex_education_1000,post_ai,median_log1p_cited_by_count,994,3.5632313158352495,3.569433499972762,1.3250473468408157
openalex_education_1000,post_ai,share_low_citation_refs,994,0.3079848094178924,0.25,0.23452655920521193
openalex_education_1000,post_ai,top10pct_share_of_citation_mass,989,0.7134750182532031,0.7287275565964091,0.20268129828093576
openalex_education_1000,post_ai,share_cross_field_refs,994,0.4175453375993814,0.4,0.26361805076897377
openalex_education_1000,post_ai,cited_field_entropy,994,0.9054649214647201,0.9523561349588903,0.4655236253829662
openalex_education_1000,post_ai,mean_score,994,0.8587361442337766,0.8599145093134472,0.03507258686889368
openalex_education_1000,post_ai,share_relevant_low_citation_refs,994,0.2696604982238453,0.2222222222222222,0.22270154552798901
openalex_education_1000,pre_ai,median_cited_age,977,8.653019447287615,8.0,5.776034574194077
openalex_education_1000,pre_ai,share_recent_refs_3yr,980,0.26061061732121993,0.1904761904761904,0.24928020286839994
openalex_education_1000,pre_ai,median_log1p_cited_by_count,980,3.561602506116244,3.6635616461296463,1.3256396870028964
openalex_education_1000,pre_ai,share_low_citation_refs,980,0.30842856907263094,0.25,0.24680748801398433
openalex_education_1000,pre_ai,top10pct_share_of_citation_mass,975,0.7192075367757241,0.7410586552217453,0.19324580140768244
openalex_education_1000,pre_ai,share_cross_field_refs,980,0.39911419519831987,0.35519713261648744,0.27378542772843256
openalex_education_1000,pre_ai,cited_field_entropy,980,0.8340816583694532,0.8486855577264172,0.4580709079699956
openalex_education_1000,pre_ai,mean_score,980,0.8571295994387008,0.8600046553072476,0.03691915275582696
openalex_education_1000,pre_ai,share_relevant_low_citation_refs,980,0.2664867434795383,0.2142857142857142,0.22674880530429853
openalex_pure_math_1000,post_ai,median_cited_age,995,12.808542713567839,10.5,9.108046798619876
openalex_pure_math_1000,post_ai,share_recent_refs_3yr,995,0.209909011726763,0.1666666666666666,0.2084792118158413
openalex_pure_math_1000,post_ai,median_log1p_cited_by_count,995,3.18764395967253,3.1780538303479458,1.0936491649462383
openalex_pure_math_1000,post_ai,share_low_citation_refs,995,0.295104855850327,0.25,0.22487169858993433
openalex_pure_math_1000,post_ai,top10pct_share_of_citation_mass,994,0.6521178880997517,0.6537254766122838,0.19441231966679293
openalex_pure_math_1000,post_ai,share_cross_field_refs,995,0.21709279546383162,0.1052631578947368,0.27924832730299676
openalex_pure_math_1000,post_ai,cited_field_entropy,995,0.39930030329141525,0.3250829733914482,0.4337462587516254
openalex_pure_math_1000,post_ai,mean_score,995,0.8978048428877855,0.9022931655248008,0.030559974035779588
openalex_pure_math_1000,post_ai,share_relevant_low_citation_refs,995,0.28691726094783143,0.25,0.2213590066802613
openalex_pure_math_1000,pre_ai,median_cited_age,994,12.588028169014084,10.5,8.971760975427998
openalex_pure_math_1000,pre_ai,share_recent_refs_3yr,994,0.2070784030707125,0.1666666666666666,0.20620957582377572
openalex_pure_math_1000,pre_ai,median_log1p_cited_by_count,994,3.264677174082644,3.205498287419016,1.0690247150448546
openalex_pure_math_1000,pre_ai,share_low_citation_refs,994,0.2741238670719875,0.25,0.204064088822547
openalex_pure_math_1000,pre_ai,top10pct_share_of_citation_mass,993,0.6442172149374427,0.6336633663366337,0.2013599711456582
openalex_pure_math_1000,pre_ai,share_cross_field_refs,994,0.20682581609477585,0.1111111111111111,0.2600756379591305
openalex_pure_math_1000,pre_ai,cited_field_entropy,994,0.39388311327574105,0.3488320958430319,0.41233814523602386
openalex_pure_math_1000,pre_ai,mean_score,994,0.8978710261127691,0.9001316994428634,0.027636682374865523
openalex_pure_math_1000,pre_ai,share_relevant_low_citation_refs,994,0.26902706888476186,0.25,0.2037101228685206
