metric,treatment_field_label,control_field_label,post_period,base_period,treatment_post_mean,treatment_base_mean,control_post_mean,control_base_mean,treatment_change,control_change,did_estimate,interaction_coef,interaction_t,interaction_p_value,interaction_q_value_bh
median_cited_age,openalex_education_1000,openalex_pure_math_1000,post_ai,pre_ai,7.189134808853119,8.653019447287615,12.808542713567839,12.588028169014084,-1.4638846384344966,0.22051454455375463,-1.6843991829882512,-1.684399182988274,-3.5441122818750683,0.0003984925112394586,0.0017932163005775637
share_recent_refs_3yr,openalex_education_1000,openalex_pure_math_1000,post_ai,pre_ai,0.32561028391406804,0.26061061732121993,0.209909011726763,0.20707840307071249,0.06499966659284812,0.002830608656050504,0.06216905793679761,0.06216905793679664,4.198014509243403,2.751811432443403e-05,0.00024766302891990625
median_log1p_cited_by_count,openalex_education_1000,openalex_pure_math_1000,post_ai,pre_ai,3.5632313158352495,3.561602506116244,3.18764395967253,3.264677174082644,0.001628809719005364,-0.07703321441011424,0.0786620241291196,0.07866202412912615,1.0238885010882872,0.3059504992854143,0.3933649276526755
share_low_citation_refs,openalex_education_1000,openalex_pure_math_1000,post_ai,pre_ai,0.3079848094178924,0.3084285690726309,0.295104855850327,0.27412386707198755,-0.0004437596547384737,0.020980988778339427,-0.0214247484330779,-0.021424748433078684,-1.4786268038183534,0.13931963939683156,0.313469188642871
top10pct_share_of_citation_mass,openalex_education_1000,openalex_pure_math_1000,post_ai,pre_ai,0.7134750182532031,0.7192075367757241,0.6521178880997517,0.6442172149374427,-0.005732518522520991,0.007900673162309024,-0.013633191684830015,-0.013633191684830823,-1.0820530972430529,0.2792950373088071,0.3933649276526755
share_cross_field_refs,openalex_education_1000,openalex_pure_math_1000,post_ai,pre_ai,0.41754533759938145,0.3991141951983199,0.21709279546383162,0.20682581609477585,0.01843114240106153,0.010266979369055768,0.008164163032005761,0.008164163032005947,0.47714894627153426,0.6332824003488664,0.6332824003488664
cited_field_entropy,openalex_education_1000,openalex_pure_math_1000,post_ai,pre_ai,0.9054649214647201,0.8340816583694532,0.39930030329141525,0.393883113275741,0.07138326309526688,0.005417190015674256,0.06596607307959262,0.0659660730795923,2.3442179709307074,0.019116202995866943,0.05734860898760083
mean_score,openalex_education_1000,openalex_pure_math_1000,post_ai,pre_ai,0.8587361442337766,0.8571295994387008,0.8978048428877855,0.897871026112769,0.001606544795075826,-6.618322498352924e-05,0.0016727280200593553,0.0016727280200596014,0.8041632422679832,0.4213509879468651,0.47401986144022323
share_relevant_low_citation_refs,openalex_education_1000,openalex_pure_math_1000,post_ai,pre_ai,0.2696604982238453,0.2664867434795383,0.28691726094783143,0.26902706888476186,0.003173754744306978,0.017890192063069577,-0.014716437318762599,-0.014716437318763119,-1.0586134362533361,0.28984044941965587,0.3933649276526755
