query_id,query_ai_group,query_year,query_field,n_reference_pairs,median_cited_age,share_recent_refs_3yr,median_log1p_cited_by_count,share_low_citation_refs,top10pct_share_of_citation_mass,share_cross_field_refs,cited_field_entropy,mean_scincl,share_relevant_low_citation_refs,dataset
W4316813657,post_ai,2023,Computer Science,22,3.5,0.5,3.449861553642436,0.3181818181818182,0.9545324153757888,0.1363636363636363,0.3983071138052841,0.887679479338906,0.1818181818181818,computer_science
W4361287508,post_ai,2023,Computer Science,25,5.0,0.36,3.970291913552122,0.28,0.9165619502387534,0.4,0.6730116670092565,0.7911405515670776,0.24,computer_science
W4366824129,post_ai,2023,Computer Science,17,16.0,0.0,6.951772164398911,0.1764705882352941,0.7432996349915925,0.0588235294117647,0.2237180760658337,0.8124125775168923,0.1764705882352941,computer_science
W4367721749,post_ai,2023,Computer Science,25,3.0,0.6,3.951243718581427,0.12,0.3842386464826358,0.12,0.3669249912727096,0.9061295771598816,0.12,computer_science
W4384702795,post_ai,2023,Computer Science,10,6.5,0.2,4.733730069422662,0.2,0.5526208858187729,0.4,1.0888999753452235,0.8191051781177521,0.1,computer_science
W4385076869,post_ai,2023,Computer Science,26,5.0,0.3076923076923077,3.910821563119991,0.2307692307692307,0.5585585585585585,0.8846153846153846,1.3785081643979995,0.8132780584005209,0.2307692307692307,computer_science
W4385767460,post_ai,2023,Computer Science,20,5.0,0.3,3.974898608080926,0.25,0.5744330131302222,0.05,0.1985152433458726,0.835378286242485,0.2,computer_science
W4387268778,post_ai,2023,Computer Science,6,23.5,0.0,8.433329899682699,0.0,0.6934392145009571,0.0,-0.0,0.8458225429058075,0.0,computer_science
W4388728414,post_ai,2023,Computer Science,15,9.0,0.1333333333333333,3.784189633918261,0.2,0.962572889105808,0.1333333333333333,0.4850940913022115,0.7750435471534729,0.0666666666666666,computer_science
W4388872877,post_ai,2023,Computer Science,10,15.0,0.2,3.0433873634561532,0.5,0.6682274247491639,0.5,1.2206072645530173,0.7871155977249146,0.3,computer_science
W4389099428,post_ai,2023,Computer Science,16,2.0,0.625,2.4814223151299535,0.6875,0.934174624829468,0.0625,0.2337916587064593,0.8454802371561527,0.625,computer_science
W4389946400,post_ai,2023,Computer Science,10,7.0,0.2,5.557297422881332,0.2,0.7631771507878979,0.1,0.3250829733914482,0.8043462216854096,0.1,computer_science
W4390549780,post_ai,2023,Computer Science,22,3.0,0.5909090909090909,3.524627420627918,0.2727272727272727,0.3441340782122905,0.9090909090909092,1.451001156602802,0.7479264113036069,0.0909090909090909,computer_science
W4391307500,post_ai,2023,Computer Science,8,6.5,0.125,3.1967953769753157,0.375,0.8588924387646433,0.625,0.9743147528693494,0.7952476814389229,0.25,computer_science
W4391582216,post_ai,2024,Computer Science,29,3.0,0.7241379310344828,5.697093486505405,0.0,0.3757199822773593,0.0,-0.0,0.8485620576759865,0.0,computer_science
W4391664394,post_ai,2023,Computer Science,21,5.0,0.3809523809523809,4.07753744390572,0.0952380952380952,0.5295753286147624,0.1428571428571428,0.5010469137590966,0.8444238078026545,0.0476190476190476,computer_science
W4392606237,post_ai,2024,Computer Science,5,6.0,0.2,4.007333185232471,0.2,0.5450121654501217,0.0,-0.0,0.8860341787338257,0.2,computer_science
W4392681534,post_ai,2023,Computer Science,17,5.0,0.1176470588235294,4.127134385045092,0.1764705882352941,0.6671838634600465,0.2352941176470588,0.7086880282185832,0.8539105092777926,0.1764705882352941,computer_science
W4393139814,post_ai,2024,Computer Science,28,5.5,0.0714285714285714,3.624252036185305,0.2857142857142857,0.707642031171443,0.5357142857142857,1.7947615753595176,0.7687936765807015,0.1071428571428571,computer_science
W4393364652,post_ai,2024,Computer Science,6,9.0,0.1666666666666666,3.039966597547795,0.5,0.7641073080481036,1.0,0.4505612088663046,0.8380547861258189,0.5,computer_science
W4393619855,post_ai,2024,Computer Science,10,3.0,0.6,2.4849066497880004,0.6,0.3590604026845637,0.2,0.5004024235381879,0.907036179304123,0.6,computer_science
W4393992298,post_ai,2024,Computer Science,40,3.5,0.5,3.9792884519069496,0.375,0.926179911254538,0.2,0.8469760138181605,0.7583121731877327,0.05,computer_science
W4394711868,post_ai,2024,Computer Science,17,5.0,0.2352941176470588,4.382026634673881,0.2941176470588235,0.579076923076923,0.2352941176470588,0.6779087256441981,0.7610247275408577,0.1764705882352941,computer_science
W4399932150,post_ai,2024,Computer Science,12,7.0,0.3333333333333333,4.560754579134784,0.3333333333333333,0.9335571184995738,0.0833333333333333,0.2868359830561607,0.8442086279392242,0.1666666666666666,computer_science
W4400060018,post_ai,2024,Computer Science,8,38.0,0.125,4.488573242404236,0.125,0.6504815409309791,1.0,-0.0,0.9122876897454262,0.125,computer_science
W4401050972,post_ai,2023,Computer Science,17,3.0,0.6470588235294118,4.143134726391533,0.2352941176470588,0.984740525884356,0.4117647058823529,1.315658070398555,0.8066871025983025,0.1764705882352941,computer_science
W4402660077,post_ai,2024,Computer Science,45,1.0,0.8666666666666667,5.655991810819852,0.0666666666666666,0.705732885731773,0.0444444444444444,0.2126268236631378,0.8666810671488444,0.0666666666666666,computer_science
W4403279247,post_ai,2024,Computer Science,16,4.5,0.375,3.9392670980701814,0.3125,0.4904109589041096,1.0,0.46341355882643,0.9057443216443062,0.3125,computer_science
W4403447326,post_ai,2024,Computer Science,11,4.0,0.1818181818181818,4.912654885736052,0.1818181818181818,0.8389089946155883,0.4545454545454545,1.120950392673583,0.7956837957555597,0.0909090909090909,computer_science
W4403896132,post_ai,2023,Computer Science,20,5.5,0.15,3.878953104175874,0.3,0.4557744302819621,0.45,1.26100156517892,0.8690502405166626,0.3,computer_science
W4405527836,post_ai,2024,Computer Science,11,4.0,0.4545454545454545,3.1780538303479458,0.4545454545454545,0.8855550792970425,0.6363636363636364,0.9164648855394713,0.84149723703211,0.2727272727272727,computer_science
W4405709996,post_ai,2024,Computer Science,10,3.5,0.5,4.083108134296071,0.4,0.9936575241980212,0.9,0.8979457248567797,0.8462235510349274,0.4,computer_science
W4406610260,post_ai,2025,Computer Science,67,6.0,0.208955223880597,2.772588722239781,0.582089552238806,0.7730706075533662,0.835820895522388,0.5753152928779394,0.8592266066750484,0.5671641791044776,computer_science
W4406614317,post_ai,2024,Computer Science,20,5.0,0.15,5.9361733172884925,0.05,0.4219303504278162,0.0,-0.0,0.8804694354534149,0.05,computer_science
W4407462654,post_ai,2024,Computer Science,16,6.0,0.3125,4.127134385045092,0.3125,0.726504093983624,0.0,-0.0,0.9187739342451096,0.3125,computer_science
W4407477102,post_ai,2024,Computer Science,8,8.5,0.125,6.7731301194749065,0.0,0.339226184463077,0.125,0.3767701612564367,0.8284352272748947,0.0,computer_science
W4407948330,post_ai,2025,Computer Science,20,3.5,0.5,3.702747831599736,0.35,0.710637177461822,0.0,-0.0,0.8649285554885864,0.25,computer_science
W4409248265,post_ai,2024,Computer Science,10,4.5,0.4,2.3937458713910233,0.7,0.4232209737827715,1.0,-0.0,0.8887608826160431,0.7,computer_science
W4409800192,post_ai,2025,Computer Science,13,7.0,0.1538461538461538,4.477336814478207,0.1538461538461538,0.5490702479338843,0.2307692307692307,0.7937300551584247,0.8868428331155044,0.1538461538461538,computer_science
W4410258111,post_ai,2025,Computer Science,22,2.0,0.8181818181818182,3.1073040492110957,0.5,0.7635641817379797,0.2272727272727272,0.6496877127476234,0.7493194585496729,0.0,computer_science
W4412521734,post_ai,2025,Computer Science,52,6.0,0.2115384615384615,3.4339872044851463,0.3846153846153846,0.5849361129791527,0.8076923076923077,1.233816983274808,0.841563914830868,0.2692307692307692,computer_science
W4412713367,post_ai,2025,Computer Science,28,6.0,0.1071428571428571,2.5249280036247685,0.6785714285714286,0.4582043343653251,0.0357142857142857,0.1540761036710294,0.895040499312537,0.6785714285714286,computer_science
W4413134672,post_ai,2025,Computer Science,23,11.0,0.0,2.833213344056216,0.5652173913043478,0.8894629503738953,0.0434782608695652,0.1788449127168475,0.8821673859720645,0.5652173913043478,computer_science
W4413229052,post_ai,2025,Computer Science,15,6.0,0.2,2.6390573296152584,0.6,0.9267110841913992,0.2666666666666666,0.5799151714181009,0.9026135842005412,0.6,computer_science
W4413460668,post_ai,2025,Computer Science,20,6.0,0.1,4.439666587393014,0.3,0.624004953122236,0.0,-0.0,0.8806363344192505,0.3,computer_science
W4414035043,post_ai,2025,Computer Science,37,3.0,0.6216216216216216,2.995732273553991,0.5405405405405406,0.7658411812579933,0.1351351351351351,0.4869806121924549,0.859256251438244,0.5135135135135135,computer_science
W4414384586,post_ai,2025,Computer Science,12,4.0,0.4166666666666667,2.5249280036247685,0.9166666666666666,0.3908045977011494,0.0833333333333333,0.2868359830561607,0.8042240937550863,0.5833333333333334,computer_science
W4414622941,post_ai,2025,Computer Science,33,4.0,0.3939393939393939,3.4339872044851463,0.4545454545454545,0.915479274611399,0.8484848484848485,1.6983232910541637,0.807413019917228,0.3333333333333333,computer_science
W4416222790,post_ai,2025,Computer Science,20,2.0,0.6,3.64034859769237,0.35,0.8607246598379452,0.05,0.1985152433458726,0.862441623210907,0.35,computer_science
W7165895296,post_ai,2026,Computer Science,11,3.0,0.8181818181818182,2.5649493574615367,0.7272727272727273,0.9270491803278688,0.5454545454545454,1.540305825226517,0.8048157312653281,0.5454545454545454,computer_science
W1549120146,pre_ai,2005,Computer Science,7,5.0,0.2857142857142857,3.7612001156935624,0.2857142857142857,0.9560377144155402,0.1428571428571428,0.410116318288409,0.8781275834356036,0.2857142857142857,computer_science
W1667825509,pre_ai,2005,Computer Science,7,5.0,0.0,4.290459441148391,0.1428571428571428,0.4055680963130173,1.0,0.5982695885852573,0.816858742918287,0.1428571428571428,computer_science
W1993236152,pre_ai,2014,Computer Science,10,4.5,0.4,2.5249280036247685,0.8,0.5179282868525896,0.3,0.6108643020548935,0.8270796597003937,0.5,computer_science
W1996410076,pre_ai,2006,Computer Science,10,7.5,0.3,6.221855321497419,0.0,0.5739120681920143,0.1,0.3250829733914482,0.8486666262149811,0.0,computer_science
W2002399196,pre_ai,1988,Computer Science,7,5.0,0.4285714285714285,3.8918202981106265,0.1428571428571428,0.3859416445623342,0.5714285714285714,1.0042424730540764,0.8470653550965446,0.1428571428571428,computer_science
W2018153843,pre_ai,2011,Computer Science,25,5.0,0.4,3.4657359027997265,0.32,0.7984999665171097,0.64,1.8314973810780415,0.8099530529975891,0.28,computer_science
W2021332424,pre_ai,1985,Computer Science,5,22.0,0.0,3.1780538303479458,0.2,0.5555555555555556,1.0,1.3321790402101223,0.8408623099327087,0.2,computer_science
W2047713188,pre_ai,2012,Computer Science,9,7.0,0.1111111111111111,7.717351272185329,0.1111111111111111,0.3926395727280314,0.2222222222222222,0.5297061990576545,0.9262296954790752,0.1111111111111111,computer_science
W2055599131,pre_ai,2010,Computer Science,11,9.0,0.3636363636363636,6.415096959171596,0.1818181818181818,0.8179421457341634,0.3636363636363636,0.8599672810355049,0.8126821301200173,0.0909090909090909,computer_science
W2062803420,pre_ai,1992,Computer Science,9,4.5,0.1111111111111111,5.575949103146316,0.0,0.6706709767604403,0.2222222222222222,0.6837389058487535,0.8312405016687181,0.0,computer_science
W2085735842,pre_ai,1993,Computer Science,26,6.0,0.2307692307692307,4.963650865317692,0.1153846153846153,0.7821024258760108,0.1538461538461538,0.5158361211027406,0.8875753466899579,0.1153846153846153,computer_science
W2087924522,pre_ai,2013,Computer Science,17,7.0,0.4117647058823529,4.9344739331306915,0.1176470588235294,0.695506179895692,0.2941176470588235,0.605797499372304,0.826430899255416,0.1176470588235294,computer_science
W2090459142,pre_ai,2014,Computer Science,16,11.5,0.3125,5.078289090109145,0.0625,0.9249091109397378,0.3125,0.7774621319109288,0.9125955142080784,0.0625,computer_science
W2094359255,pre_ai,1992,Computer Science,7,8.0,0.1428571428571428,4.532599493153256,0.4285714285714285,0.4683301343570057,0.0,-0.0,0.8875895312854222,0.4285714285714285,computer_science
W2098927941,pre_ai,2009,Computer Science,15,5.0,0.4,5.1298987149230735,0.1333333333333333,0.6112112112112112,0.1333333333333333,0.3926744672275521,0.8555613954861959,0.1333333333333333,computer_science
W2107281168,pre_ai,2007,Computer Science,7,13.0,0.0,7.288927694521257,0.0,0.7337120470127326,0.1428571428571428,0.410116318288409,0.818528550011771,0.0,computer_science
W2114708606,pre_ai,2005,Computer Science,39,3.0,0.5384615384615384,4.51085950651685,0.1538461538461538,0.669853440745414,0.0769230769230769,0.3201520013722143,0.8739064717904116,0.1025641025641025,computer_science
W2118526168,pre_ai,2000,Computer Science,5,5.0,0.2,7.069023426578259,0.0,0.7464357829039956,0.0,-0.0,0.8784967422485351,0.0,computer_science
W2126257789,pre_ai,2009,Computer Science,3,4.0,0.3333333333333333,2.302585092994046,0.6666666666666666,0.8309859154929577,0.0,-0.0,0.9402831395467124,0.6666666666666666,computer_science
W2141305966,pre_ai,2005,Computer Science,7,1.0,0.7142857142857143,5.3981627015177525,0.0,0.4865900383141762,0.0,-0.0,0.8507704564503261,0.0,computer_science
W2144617950,pre_ai,2000,Computer Science,31,7.0,0.032258064516129,4.770684624465665,0.064516129032258,0.6598317232782799,0.4516129032258064,1.1813037382105216,0.792328251946357,0.032258064516129,computer_science
W2155568280,pre_ai,2011,Computer Science,10,6.0,0.1,5.550949963140708,0.2,0.6136180499597099,0.2,0.5004024235381879,0.8867530167102814,0.2,computer_science
W2157238408,pre_ai,2009,Computer Science,16,5.0,0.0625,4.0943445622221,0.375,0.9104101494612444,0.125,0.3767701612564367,0.8417447470128536,0.3125,computer_science
W2160153521,pre_ai,2005,Computer Science,20,1.0,0.9,4.563479381518565,0.1,0.6142959345547295,0.05,0.1985152433458726,0.9013407438993454,0.1,computer_science
W2161747422,pre_ai,2011,Computer Science,9,6.0,0.3333333333333333,3.737669618283368,0.2222222222222222,0.5695067264573991,0.0,-0.0,0.8790907065073649,0.2222222222222222,computer_science
W2162462964,pre_ai,2003,Computer Science,10,3.0,0.5,3.1567740231385475,0.4,0.646064376521504,0.0,-0.0,0.8469614386558533,0.3,computer_science
W2217226955,pre_ai,2006,Computer Science,41,2.0,0.7073170731707317,2.70805020110221,0.6829268292682927,0.3768278965129358,0.073170731707317,0.3083386903452212,0.8927785085468758,0.6829268292682927,computer_science
W2276249153,pre_ai,2015,Computer Science,150,10.0,0.14,3.9316333620047863,0.34,0.651068120705109,0.08,0.3775108010549134,0.8892883185545604,0.3133333333333333,computer_science
W2310727016,pre_ai,2016,Computer Science,9,7.0,0.3333333333333333,3.610917912644224,0.4444444444444444,0.6714225765841376,0.8888888888888888,1.581093750171824,0.8170638216866387,0.3333333333333333,computer_science
W2316046903,pre_ai,2013,Computer Science,4,14.0,0.5,2.9553983220202635,0.5,0.8857808857808858,0.5,0.6931471805599453,0.9426649659872056,0.5,computer_science
W2398432903,pre_ai,2018,Computer Science,34,17.5,0.0588235294117647,6.661830211061685,0.0,0.7865874013622837,0.7058823529411765,1.4628352537921396,0.8654079822932973,0.0,computer_science
W2462878889,pre_ai,2009,Computer Science,11,5.0,0.1818181818181818,5.940171252720432,0.0,0.6709104938271605,0.0,-0.0,0.9098157015713778,0.0,computer_science
W2508075538,pre_ai,2016,Computer Science,14,5.0,0.3571428571428571,4.67722035797497,0.1428571428571428,0.5443569553805774,0.4285714285714285,0.6829081047004717,0.8899060615471431,0.1428571428571428,computer_science
W2543061217,pre_ai,2008,Computer Science,8,5.0,0.375,7.914307581162579,0.0,0.3038075796574065,0.0,-0.0,0.906871311366558,0.0,computer_science
W2574952924,pre_ai,2015,Computer Science,16,3.0,0.6875,4.159858693425303,0.125,0.5140882509303561,0.0625,0.2337916587064593,0.8865964487195015,0.125,computer_science
W2610775549,pre_ai,2017,Computer Science,5,3.0,0.8,3.1354942159291497,0.4,0.9593848346297724,0.6,1.0549201679861442,0.8660525679588318,0.4,computer_science
W2639400152,pre_ai,2012,Computer Science,8,5.5,0.375,4.332806598267256,0.375,0.3914835164835165,0.0,-0.0,0.928369477391243,0.375,computer_science
W2734274803,pre_ai,2017,Computer Science,17,2.0,0.5294117647058824,6.470799503782602,0.2352941176470588,0.8003385569012086,0.2352941176470588,0.7086880282185832,0.7978687461684731,0.0,computer_science
W2765525760,pre_ai,2017,Computer Science,16,12.0,0.1875,6.953743958680121,0.0,0.6675965216759198,0.4375,1.1900763072081852,0.8506216555833817,0.0,computer_science
W2790474436,pre_ai,2018,Computer Science,21,9.0,0.0476190476190476,5.5053315359323625,0.1428571428571428,0.6804793568123784,0.0,-0.0,0.8395048692112878,0.0476190476190476,computer_science
W2887554908,pre_ai,2018,Computer Science,7,10.0,0.2857142857142857,3.4339872044851463,0.4285714285714285,0.231578947368421,1.0,0.7963116401738131,0.8712085655757359,0.4285714285714285,computer_science
W2912911271,pre_ai,2018,Computer Science,6,6.0,0.3333333333333333,4.430320520886937,0.5,0.8097334878331403,0.5,1.0114042647073516,0.8633795281251272,0.5,computer_science
W2939104739,pre_ai,2019,Computer Science,16,7.5,0.25,4.40065947383262,0.125,0.6959216025363886,1.0,0.5623351446188083,0.8930604159832001,0.125,computer_science
W2996621388,pre_ai,2019,Computer Science,21,5.0,0.238095238095238,7.026426808699636,0.0,0.6879833222282795,0.0,-0.0,0.8109345606395176,0.0,computer_science
W3008294443,pre_ai,2020,Computer Science,55,13.0,0.2909090909090909,5.1298987149230735,0.0545454545454545,0.6287746393009551,0.3272727272727272,0.8144057280417555,0.9072924559766596,0.0545454545454545,computer_science
W3097386298,pre_ai,2020,Computer Science,40,3.0,0.625,5.236385372936844,0.075,0.5889926267491497,0.15,0.5875009311062073,0.7929687306284905,0.025,computer_science
W4243028598,pre_ai,2004,Computer Science,6,1.5,0.6666666666666666,3.60945485380953,0.0,0.6633605600933489,0.8333333333333334,1.242453324894,0.8487157026926676,0.0,computer_science
W4254471509,pre_ai,2018,Computer Science,20,5.5,0.35,4.151008904875602,0.05,0.3651098901098901,0.0,-0.0,0.9307719618082048,0.05,computer_science
W4285325856,pre_ai,2021,Computer Science,13,3.0,0.5384615384615384,4.912654885736052,0.1538461538461538,0.8040277777777778,0.6153846153846154,0.666278442414676,0.8125905302854685,0.0769230769230769,computer_science
W89942291,pre_ai,2007,Computer Science,5,1.0,1.0,4.61512051684126,0.2,0.4072992700729927,0.0,-0.0,0.9033822059631348,0.2,computer_science
W3103312471,transition,2022,Computer Science,26,5.5,0.3461538461538461,5.198252778826077,0.1153846153846153,0.5846372688477952,0.0769230769230769,0.3245083869310706,0.8910330877854273,0.1153846153846153,computer_science
W3177832995,transition,2022,Computer Science,35,7.0,0.1714285714285714,4.61512051684126,0.0571428571428571,0.4189189189189189,0.0571428571428571,0.2190325217890211,0.8781605720520019,0.0571428571428571,computer_science
W4205813950,transition,2022,Computer Science,27,6.0,0.3703703703703703,4.736198448394496,0.1481481481481481,0.8470390793574682,0.4074074074074074,1.2033083203626729,0.8149688243865967,0.074074074074074,computer_science
W4206394838,transition,2022,Computer Science,29,5.5,0.3793103448275862,3.5263605246161616,0.3103448275862069,0.8587135788894997,0.7586206896551724,1.3061496148073275,0.8533669484072718,0.3103448275862069,computer_science
W4210839881,transition,2022,Computer Science,12,16.5,0.0,5.600966911541412,0.0833333333333333,0.5842591807310661,0.0833333333333333,0.2868359830561607,0.8261692325274149,0.0833333333333333,computer_science
W4220813865,transition,2022,Computer Science,27,5.0,0.2592592592592592,5.541263545158426,0.074074074074074,0.9330266897137668,0.0,-0.0,0.873063498073154,0.037037037037037,computer_science
W4220943743,transition,2022,Computer Science,3,4.0,0.3333333333333333,3.367295829986474,0.3333333333333333,0.5384615384615384,0.6666666666666666,1.0986122886681096,0.8735020359357198,0.3333333333333333,computer_science
W4221153195,transition,2022,Computer Science,13,5.0,0.4615384615384615,7.255591274253665,0.0769230769230769,0.8758136455066778,0.0769230769230769,0.2711893730418441,0.837039209329165,0.0769230769230769,computer_science
W4224273094,transition,2022,Computer Science,13,2.0,0.6923076923076923,4.04305126783455,0.3076923076923077,0.3511543134872418,0.4615384615384615,1.4105135571148382,0.7437226818158076,0.0769230769230769,computer_science
W4229441104,transition,2022,Computer Science,7,4.0,0.4285714285714285,4.1588830833596715,0.1428571428571428,0.4610687022900763,0.2857142857142857,0.5982695885852573,0.9116877743176052,0.1428571428571428,computer_science
W4280634579,transition,2022,Computer Science,6,7.5,0.0,4.6297557079913165,0.1666666666666666,0.4027630180658874,0.0,-0.0,0.7848408818244934,0.0,computer_science
W4281719253,transition,2022,Computer Science,6,7.5,0.1666666666666666,5.0850751288819165,0.3333333333333333,0.4035264483627204,0.0,-0.0,0.9072549740473428,0.3333333333333333,computer_science
W4282012300,transition,2022,Computer Science,6,2.5,0.6666666666666666,2.8518912373281005,0.6666666666666666,0.7591036414565826,0.0,-0.0,0.8580275475978851,0.6666666666666666,computer_science
W4283029779,transition,2022,Computer Science,28,4.5,0.4285714285714285,8.289099087819627,0.0,0.5504210310125283,0.0,-0.0,0.8470285662582943,0.0,computer_science
W4285287751,transition,2022,Computer Science,48,3.0,0.5208333333333334,3.878953104175874,0.2083333333333333,0.4847958297132927,1.0,1.1110945871687896,0.8676238817473253,0.2083333333333333,computer_science
W4288070818,transition,2022,Computer Science,19,9.0,0.1052631578947368,5.7899601708972535,0.0526315789473684,0.924426003262058,0.7368421052631579,1.7912740753048926,0.7673356344825343,0.0,computer_science
W4289522218,transition,2022,Computer Science,22,5.5,0.4545454545454545,4.775615701379554,0.1363636363636363,0.8734911025499908,1.0,1.5672362621722669,0.817050194198435,0.0909090909090909,computer_science
W4292070606,transition,2022,Computer Science,13,2.0,0.6153846153846154,1.6094379124341005,0.9230769230769232,0.4117647058823529,0.5384615384615384,1.2047933096947845,0.8286059086139386,0.7692307692307693,computer_science
W4292365271,transition,2022,Computer Science,16,5.0,0.375,2.884160497896886,0.5625,0.5815147625160462,0.0,-0.0,0.8060312569141388,0.375,computer_science
W4292616203,transition,2022,Computer Science,31,7.0,0.2903225806451613,4.5217885770490405,0.064516129032258,0.7714418652742594,0.4838709677419355,1.2952595668740805,0.8640097437366363,0.064516129032258,computer_science
W4292793879,transition,2022,Computer Science,13,1.5,0.6153846153846154,5.313205979041787,0.1538461538461538,0.7357590095130228,0.0,-0.0,0.8503819337257972,0.1538461538461538,computer_science
W4292838550,transition,2022,Computer Science,7,6.0,0.0,4.418840607796598,0.0,0.5613038277511961,0.0,-0.0,0.9265674097197396,0.0,computer_science
W4293055808,transition,2022,Computer Science,15,5.0,0.2666666666666666,3.044522437723423,0.5333333333333333,0.532319391634981,0.0666666666666666,0.2449300267946353,0.8487912972768148,0.5333333333333333,computer_science
W4293199563,transition,2022,Computer Science,36,13.5,0.1388888888888889,3.9207464622300066,0.1944444444444444,0.6375482625482626,0.4722222222222222,0.9647012279034468,0.8725187646018134,0.1944444444444444,computer_science
W4293660618,transition,2022,Computer Science,24,2.0,0.6666666666666666,4.013085097473214,0.1666666666666666,0.931583576355136,0.875,0.961285752584596,0.8892816106478373,0.1666666666666666,computer_science
W4293661480,transition,2022,Computer Science,23,4.0,0.4782608695652174,4.812184355372417,0.0869565217391304,0.6634300279160092,0.8260869565217391,1.9902945263083704,0.7715613271879114,0.0,computer_science
W4293868464,transition,2022,Computer Science,6,1.5,1.0,2.470821211304652,0.6666666666666666,0.7452471482889734,0.6666666666666666,1.5607104090414063,0.8259444137414297,0.5,computer_science
W4294351611,transition,2022,Computer Science,1,1.0,1.0,1.3862943611198906,1.0,1.0,0.0,-0.0,0.898097038269043,1.0,computer_science
W4294585864,transition,2022,Computer Science,32,6.5,0.28125,4.236934033338931,0.125,0.7433367071524967,0.375,0.932112120667674,0.8034662734717131,0.03125,computer_science
W4294672399,transition,2022,Computer Science,26,6.0,0.2692307692307692,4.454347296253507,0.0,0.589311010946555,0.2307692307692307,0.5402041423888608,0.8777782596074618,0.0,computer_science
W4295953851,transition,2022,Computer Science,8,3.0,0.5,2.4814223151299535,0.625,0.2612612612612612,0.0,-0.0,0.9021476954221724,0.625,computer_science
W4296306268,transition,2022,Computer Science,45,4.0,0.4,4.127134385045092,0.2222222222222222,0.9028387761611504,0.7333333333333333,1.7722262238275155,0.8139991773499383,0.1777777777777777,computer_science
W4297841831,transition,2022,Computer Science,23,2.5,0.5217391304347826,5.0369526024136295,0.2608695652173913,0.8763473867490614,0.0,-0.0,0.8539314581000287,0.217391304347826,computer_science
W4299646822,transition,2022,Computer Science,8,4.0,0.5,2.4814223151299535,0.75,0.3450704225352112,0.125,0.3767701612564367,0.9052619859576224,0.75,computer_science
W4299692650,transition,2022,Computer Science,21,5.0,0.238095238095238,4.3694478524670215,0.1428571428571428,0.6796821793416572,0.9523809523809524,1.6152209706275102,0.8175100967997596,0.0476190476190476,computer_science
W4300089471,transition,2022,Computer Science,3,4.0,0.3333333333333333,2.6390573296152584,0.6666666666666666,0.9292035398230089,0.3333333333333333,0.6365141682948128,0.9036331375439962,0.6666666666666666,computer_science
W4300691297,transition,2022,Computer Science,11,12.0,0.0909090909090909,4.110873864173311,0.3636363636363636,0.598605577689243,0.0,-0.0,0.9046255133368752,0.3636363636363636,computer_science
W4304774431,transition,2022,Computer Science,10,4.0,0.4,2.8173948015846246,0.6,0.3538812785388128,0.8,0.8018185525433372,0.7646645724773407,0.0,computer_science
W4309468774,transition,2022,Computer Science,69,10.0,0.1014492753623188,6.0112671744041615,0.072463768115942,0.8450468155593301,0.6811594202898551,1.3686367696334991,0.8500255320383154,0.0579710144927536,computer_science
W4310345206,transition,2022,Computer Science,19,5.0,0.3684210526315789,5.2574953720277815,0.2631578947368421,0.547075208913649,0.631578947368421,1.0156378226755116,0.8337374737388209,0.2105263157894736,computer_science
W4312093513,transition,2022,Computer Science,41,3.0,0.6829268292682927,5.267858159063328,0.1219512195121951,0.6487474115879655,0.2926829268292683,0.892269487090495,0.8172781365673717,0.073170731707317,computer_science
W4312350703,transition,2022,Computer Science,20,4.5,0.3,2.962127898707266,0.5,0.3086876155268022,0.35,0.926155713095467,0.8488273680210113,0.4,computer_science
W4313152909,transition,2022,Computer Science,37,5.0,0.3243243243243243,7.553286605600419,0.081081081081081,0.6526508395634455,0.1081081081081081,0.4549437534681774,0.8360581832963068,0.027027027027027,computer_science
W4313514484,transition,2022,Computer Science,11,1.0,0.9090909090909092,2.6390573296152584,0.5454545454545454,0.5305555555555556,0.7272727272727273,1.499030672979008,0.8276252042163502,0.5454545454545454,computer_science
W4315646743,transition,2022,Computer Science,4,6.0,0.25,6.417180626870811,0.0,0.4817246662289341,0.5,0.6931471805599453,0.8955758512020111,0.0,computer_science
W4321843363,transition,2022,Computer Science,8,10.5,0.0,3.448852471564318,0.25,0.4857142857142857,0.0,-0.0,0.8384214714169502,0.25,computer_science
W4328028905,transition,2022,Computer Science,8,12.0,0.125,5.46567771833924,0.375,0.485505206867436,0.0,-0.0,0.9057671129703522,0.375,computer_science
W4376457696,transition,2022,Computer Science,14,2.0,0.6428571428571429,3.0742341479588235,0.5,0.5496535796766744,0.3571428571428571,1.1275347898191257,0.7721040419169835,0.0714285714285714,computer_science
W4385573975,transition,2022,Computer Science,45,3.0,0.6666666666666666,5.726847747587197,0.1555555555555555,0.925781415906652,0.0222222222222222,0.1065659588280199,0.8184832586182489,0.1111111111111111,computer_science
W7135031006,transition,2022,Computer Science,6,6.5,0.3333333333333333,3.7238756400239534,0.1666666666666666,0.9255734504636408,0.8333333333333334,1.329661348854758,0.85425865650177,0.0,computer_science
W2996489082,post_ai,2025,Mathematics,19,5.0,0.0,3.218875824868201,0.4210526315789473,0.8109756097560976,0.0526315789473684,0.2061920506332318,0.8838714267078199,0.3684210526315789,broad_math
W3207478357,post_ai,2024,Mathematics,14,12.5,0.0,4.208796913096741,0.2142857142857142,0.7312119160460393,0.1428571428571428,0.410116318288409,0.887794132743563,0.2142857142857142,broad_math
W4319833071,post_ai,2023,Mathematics,38,10.0,0.131578947368421,4.1190041246092015,0.131578947368421,0.9850232082899628,0.5526315789473685,1.066124368699248,0.8893425229348635,0.131578947368421,broad_math
W4321330256,post_ai,2023,Mathematics,15,13.0,0.0666666666666666,4.770684624465665,0.0666666666666666,0.6045732763598568,0.8,1.7140875411870102,0.8643449942270914,0.0666666666666666,broad_math
W4366829670,post_ai,2023,Mathematics,11,2.0,0.5454545454545454,1.791759469228055,0.7272727272727273,0.8498727735368957,0.9090909090909092,0.7595473914748635,0.9018403887748718,0.7272727272727273,broad_math
W4372353117,post_ai,2023,Mathematics,3,22.0,0.0,5.1298987149230735,0.0,0.737037037037037,0.6666666666666666,0.6365141682948128,0.8326145013173422,0.0,broad_math
W4375950341,post_ai,2023,Mathematics,12,12.0,0.0833333333333333,4.3851419095491995,0.0833333333333333,0.9653702500811951,0.1666666666666666,0.4505612088663046,0.9288593133290608,0.0833333333333333,broad_math
W4377137104,post_ai,2023,Mathematics,21,3.0,0.7619047619047619,5.043425116919247,0.2857142857142857,0.8724570412798736,0.6666666666666666,1.2994166294697254,0.796418391522907,0.1904761904761904,broad_math
W4378217996,post_ai,2023,Mathematics,23,10.0,0.217391304347826,5.049856007249537,0.1739130434782608,0.6409623689080814,0.8695652173913043,1.122093468093276,0.8738656303156978,0.1739130434782608,broad_math
W4380082238,post_ai,2023,Mathematics,24,7.0,0.2916666666666667,3.8393944990995768,0.125,0.3929942418426104,0.5416666666666666,1.2485447803385663,0.889678418636322,0.125,broad_math
W4382360116,post_ai,2023,Mathematics,18,3.0,0.6111111111111112,3.540854293052788,0.1666666666666666,0.7448099648674544,0.0555555555555555,0.2145591551764051,0.9094916449652778,0.1666666666666666,broad_math
W4383111528,post_ai,2023,Mathematics,13,17.0,0.0769230769230769,4.700480365792417,0.2307692307692307,0.6846089150546678,0.8461538461538461,1.5247073930301438,0.7986195133282588,0.0769230769230769,broad_math
W4383342118,post_ai,2023,Mathematics,8,4.5,0.25,5.384231968584772,0.125,0.1851132686084142,0.75,1.2130075659799042,0.7573476582765579,0.125,broad_math
W4386135939,post_ai,2023,Mathematics,10,16.0,0.1,3.963662180154897,0.4,0.5123152709359606,0.2,0.5004024235381879,0.8712359845638276,0.4,broad_math
W4387052174,post_ai,2023,Mathematics,25,6.0,0.24,2.772588722239781,0.52,0.8788621030467105,0.72,1.65495911737581,0.8556456351280213,0.44,broad_math
W4387316511,post_ai,2023,Mathematics,19,19.0,0.0526315789473684,4.02535169073515,0.2105263157894736,0.5135777325186693,0.6842105263157895,0.990365041474314,0.8580349181827746,0.2105263157894736,broad_math
W4390410124,post_ai,2023,Mathematics,27,3.0,0.6296296296296297,3.9318256327243257,0.2222222222222222,0.91314698203041,0.5555555555555556,1.359493712251474,0.8967677465191594,0.2222222222222222,broad_math
W4390511038,post_ai,2024,Mathematics,33,4.0,0.4242424242424242,5.176149732573829,0.1212121212121212,0.7318439155049613,0.7272727272727273,1.603064370639984,0.8535713932730935,0.1212121212121212,broad_math
W4393008400,post_ai,2024,Mathematics,23,4.0,0.391304347826087,4.143134726391533,0.1739130434782608,0.7985312590588463,0.1739130434782608,0.6428579130907905,0.9064843447312064,0.1739130434782608,broad_math
W4397037633,post_ai,2023,Mathematics,8,4.0,0.5,2.585241997519076,0.625,0.8209255533199196,0.375,0.9002560512685369,0.8840366378426552,0.625,broad_math
W4399343118,post_ai,2024,Mathematics,17,9.0,0.3529411764705882,3.688879454113936,0.3529411764705882,0.985560222224912,0.4705882352941176,1.343789894614714,0.8530625876258401,0.3529411764705882,broad_math
W4399546137,post_ai,2024,Mathematics,9,16.0,0.0,3.367295829986474,0.4444444444444444,0.618860510805501,0.1111111111111111,0.3488320958430319,0.8973413109779358,0.4444444444444444,broad_math
W4399991340,post_ai,2024,Mathematics,8,22.5,0.125,1.90333124488516,0.75,0.6618181818181819,1.0,0.7356219397587946,0.8934642747044563,0.75,broad_math
W4400234701,post_ai,2024,Mathematics,21,8.0,0.1904761904761904,4.330733340286331,0.238095238095238,0.7514792899408284,0.7619047619047619,1.2077239818393846,0.8335528600783575,0.238095238095238,broad_math
W4400946761,post_ai,2024,Mathematics,19,5.0,0.3684210526315789,3.1780538303479458,0.4210526315789473,0.8060062133241284,0.5789473684210527,1.178505282175377,0.8532939553260803,0.3684210526315789,broad_math
W4401556953,post_ai,2024,Mathematics,4,3.0,0.5,2.9540414690844656,0.5,0.6666666666666666,0.5,1.039720770839918,0.9336859732866288,0.5,broad_math
W4402556931,post_ai,2024,Mathematics,28,27.0,0.0714285714285714,3.713572066704308,0.3571428571428571,0.620359037127703,0.4642857142857143,1.398493847527302,0.8672584444284439,0.3571428571428571,broad_math
W4402610721,post_ai,2024,Mathematics,10,31.5,0.0,3.3140206880897667,0.4,0.7810480976310122,0.7,0.6108643020548935,0.8361350119113922,0.4,broad_math
W4403074122,post_ai,2024,Mathematics,3,6.0,0.0,3.5263605246161616,0.3333333333333333,0.6524822695035462,1.0,0.6365141682948128,0.8623193105061849,0.3333333333333333,broad_math
W4403392127,post_ai,2024,Mathematics,6,6.5,0.1666666666666666,3.275540167521702,0.3333333333333333,0.5601374570446735,1.0,1.7917594692280547,0.767520954211553,0.0,broad_math
W4403760818,post_ai,2024,Mathematics,12,9.5,0.0833333333333333,2.7546941683139883,0.5833333333333334,0.6264916467780429,0.1666666666666666,0.5660857389596289,0.9347243557373682,0.5833333333333334,broad_math
W4406620442,post_ai,2025,Mathematics,13,27.0,0.0769230769230769,3.784189633918261,0.3846153846153846,0.6724137931034483,0.1538461538461538,0.4293230219306162,0.9194863346906808,0.3846153846153846,broad_math
W4407217200,post_ai,2025,Mathematics,21,4.0,0.3809523809523809,2.1972245773362196,0.8095238095238095,0.6901408450704225,0.3333333333333333,0.901951381686084,0.9000563962118966,0.8095238095238095,broad_math
W4407896673,post_ai,2025,Mathematics,18,22.5,0.1111111111111111,5.599107360065264,0.2777777777777778,0.6536562426522454,0.2777777777777778,0.854806284951481,0.8870435588889651,0.2777777777777778,broad_math
W4408379349,post_ai,2025,Mathematics,7,9.0,0.1428571428571428,2.0794415416798357,0.5714285714285714,0.7095343680709535,0.7142857142857143,0.5982695885852573,0.8742660794939313,0.5714285714285714,broad_math
W4409395786,post_ai,2025,Mathematics,30,6.0,0.3333333333333333,4.790192767426543,0.2333333333333333,0.6743959588582558,0.9333333333333332,1.2798542258336674,0.8662286082903544,0.2,broad_math
W4410872554,post_ai,2025,Mathematics,25,3.0,0.56,3.295836866004329,0.44,0.6259989344698987,0.84,1.9667398382940016,0.8185192155838013,0.36,broad_math
W4411139578,post_ai,2025,Mathematics,38,3.0,0.5789473684210527,4.165913502218029,0.2894736842105263,0.8375607693933629,0.7368421052631579,0.9139612504725576,0.8900472474725623,0.2631578947368421,broad_math
W4412705539,post_ai,2025,Mathematics,8,4.5,0.25,4.288108265932849,0.125,0.723692704970949,0.0,-0.0,0.9576519057154655,0.125,broad_math
W4413005508,post_ai,2025,Mathematics,23,2.0,0.782608695652174,2.6390573296152584,0.6086956521739131,0.5166666666666667,0.5217391304347826,0.9272771162838268,0.8768289141033007,0.4782608695652174,broad_math
W4413413267,post_ai,2025,Mathematics,13,6.0,0.2307692307692307,4.795790545596741,0.1538461538461538,0.8942705704189803,0.1538461538461538,0.4293230219306162,0.8743168665812566,0.1538461538461538,broad_math
W4413448126,post_ai,2025,Mathematics,9,14.0,0.2222222222222222,3.4339872044851463,0.4444444444444444,0.4609490126731506,0.1111111111111111,0.3488320958430319,0.882559577624003,0.4444444444444444,broad_math
W4413781080,post_ai,2025,Mathematics,9,4.0,0.4444444444444444,2.995732273553991,0.5555555555555556,0.4137931034482758,0.4444444444444444,0.936888307539016,0.9192399912410312,0.5555555555555556,broad_math
W7124453002,post_ai,2026,Mathematics,13,6.0,0.2307692307692307,3.1780538303479458,0.4615384615384615,0.9741746863198928,0.1538461538461538,0.5359610497090694,0.9112674914873564,0.4615384615384615,broad_math
W7128904383,post_ai,2026,Mathematics,8,18.5,0.0,4.392387296080507,0.125,0.3227344992050874,0.0,-0.0,0.904179520905018,0.125,broad_math
W7136829854,post_ai,2026,Mathematics,21,4.0,0.4761904761904761,2.772588722239781,0.8095238095238095,0.4124629080118694,0.0,-0.0,0.9441912202608018,0.8095238095238095,broad_math
W7148797377,post_ai,2026,Mathematics,16,28.0,0.0,4.655861493132393,0.1875,0.8199599387298221,0.125,0.46341355882643,0.9080726467072964,0.1875,broad_math
W7153102395,post_ai,2026,Mathematics,26,8.0,0.2307692307692307,3.959678095330308,0.2307692307692307,0.9407584080177316,1.0,0.4843901162380035,0.9033477925337278,0.2307692307692307,broad_math
W7161940700,post_ai,2026,Mathematics,5,18.0,0.0,4.276666119016055,0.0,0.7814982973893303,0.2,0.5004024235381879,0.8883781790733337,0.0,broad_math
W7162004946,post_ai,2026,Mathematics,20,13.5,0.05,4.736159973537795,0.15,0.839288525106249,0.55,1.6773975271522592,0.84759741127491,0.1,broad_math
W1515036375,pre_ai,1996,Mathematics,4,19.5,0.0,3.619966295660235,0.25,0.9760237068965516,0.0,-0.0,0.9137980043888092,0.25,broad_math
W1545825835,pre_ai,1996,Mathematics,2,6.0,0.0,2.736135336835737,1.0,0.5517241379310345,0.0,-0.0,0.9252594709396362,1.0,broad_math
W1602065407,pre_ai,2012,Mathematics,16,11.5,0.0625,4.090160437386842,0.375,0.4668257756563246,0.125,0.46341355882643,0.8791868835687637,0.3125,broad_math
W1943045976,pre_ai,2015,Mathematics,9,2.0,0.5555555555555556,3.367295829986474,0.3333333333333333,0.4281914893617021,0.0,-0.0,0.8952041533258226,0.2222222222222222,broad_math
W1966549141,pre_ai,2010,Mathematics,20,15.0,0.05,4.426260958667686,0.3,0.3538234570936808,0.55,1.0104127537805414,0.8519637614488602,0.25,broad_math
W1967970434,pre_ai,2006,Mathematics,5,17.0,0.0,6.137727054086234,0.2,0.6167946494921972,0.2,0.5004024235381879,0.8911099195480346,0.2,broad_math
W1987427496,pre_ai,1997,Mathematics,6,17.0,0.0,4.0294800088847085,0.1666666666666666,0.6753363228699552,0.3333333333333333,0.8675632284814612,0.9227660795052848,0.1666666666666666,broad_math
W1988954436,pre_ai,2003,Mathematics,13,10.0,0.0769230769230769,7.4815557019095165,0.0769230769230769,0.7987600836570062,0.3846153846153846,1.1786549963416462,0.8639386021173917,0.0769230769230769,broad_math
W2002079232,pre_ai,1987,Mathematics,1,13.0,0.0,6.805722553416985,0.0,1.0,0.0,-0.0,0.9317570924758912,0.0,broad_math
W2016120060,pre_ai,2010,Mathematics,7,10.0,0.1428571428571428,5.209486152841421,0.0,0.728470889315419,0.4285714285714285,0.6829081047004717,0.8757983616420201,0.0,broad_math
W2016342072,pre_ai,1994,Mathematics,23,4.0,0.391304347826087,5.717027701406222,0.0434782608695652,0.7696049815139132,0.3478260869565217,0.9849825930153652,0.8923942498538805,0.0434782608695652,broad_math
W2018491016,pre_ai,2005,Mathematics,3,42.0,0.0,7.537962659768208,0.0,0.6293393057110862,0.3333333333333333,0.6365141682948128,0.8889397184054056,0.0,broad_math
W2020613050,pre_ai,1986,Mathematics,11,6.0,0.0909090909090909,3.295836866004329,0.1818181818181818,0.8602749907097733,0.7272727272727273,0.5859526183035508,0.9092944047667764,0.1818181818181818,broad_math
W2047821742,pre_ai,2005,Mathematics,3,8.0,0.3333333333333333,4.007333185232471,0.3333333333333333,0.4545454545454545,0.0,-0.0,0.8919993837674459,0.3333333333333333,broad_math
W2048243313,pre_ai,2008,Mathematics,6,8.0,0.1666666666666666,4.286975762617423,0.1666666666666666,0.9523809523809524,0.1666666666666666,0.4505612088663046,0.9065447946389515,0.1666666666666666,broad_math
W2062705446,pre_ai,1975,Mathematics,11,5.0,0.4545454545454545,5.0106352940962555,0.0909090909090909,0.6601705237515225,0.3636363636363636,0.8599672810355049,0.8754359537904913,0.0909090909090909,broad_math
W2064716935,pre_ai,2003,Mathematics,20,4.0,0.3,5.831555575867057,0.0,0.5407378438274019,0.4,1.105889879024763,0.840283888578415,0.0,broad_math
W2070603036,pre_ai,1993,Mathematics,7,32.5,0.0,4.23410650459726,0.2857142857142857,0.8166807790008468,0.1428571428571428,0.410116318288409,0.9008040598460606,0.2857142857142857,broad_math
W2074515275,pre_ai,2006,Mathematics,2,30.5,0.0,6.2703823635933755,0.0,0.9784232365145228,1.0,0.6931471805599453,0.8344492316246033,0.0,broad_math
W2076321805,pre_ai,2008,Mathematics,4,17.5,0.25,4.645499137496818,0.25,0.832725377800938,0.5,0.6931471805599453,0.8836782723665237,0.25,broad_math
W2099761144,pre_ai,1998,Mathematics,4,1.0,0.75,3.4811217321331034,0.25,0.8737373737373737,0.25,0.5623351446188083,0.849320188164711,0.25,broad_math
W2099768657,pre_ai,2007,Mathematics,9,7.0,0.2222222222222222,4.59511985013459,0.1111111111111111,0.3677130044843049,0.2222222222222222,0.5297061990576545,0.94284498029285,0.1111111111111111,broad_math
W2108958729,pre_ai,2007,Mathematics,10,9.0,0.2,4.8141962977949095,0.1,0.7989284119660663,0.7,1.8343719702816237,0.8657037675380707,0.1,broad_math
W2109385566,pre_ai,2009,Mathematics,16,10.0,0.0,4.743569213912942,0.25,0.6788970375158824,0.5625,1.488036044178116,0.8451622612774372,0.1875,broad_math
W2128097376,pre_ai,2011,Mathematics,19,9.0,0.2631578947368421,7.064759027791802,0.0526315789473684,0.6494516704922214,0.2631578947368421,0.9269075593909928,0.8602397567347476,0.0526315789473684,broad_math
W2149930707,pre_ai,2014,Mathematics,11,24.0,0.2727272727272727,3.9318256327243257,0.3636363636363636,0.5524433849821215,0.0,-0.0,0.927107491276481,0.3636363636363636,broad_math
W2159906399,pre_ai,2013,Mathematics,39,16.0,0.0256410256410256,6.0473721790462776,0.0769230769230769,0.6115659537418023,0.6153846153846154,1.383803131788067,0.8728519357167758,0.0769230769230769,broad_math
W2161519096,pre_ai,1998,Mathematics,8,6.0,0.25,5.8081379809465945,0.0,0.6788140827671402,1.0,0.9002560512685369,0.8585332706570625,0.0,broad_math
W2274729771,pre_ai,2005,Mathematics,18,9.0,0.2222222222222222,5.319751316661625,0.1111111111111111,0.8918792962833508,0.5,1.4546247143256044,0.9230620000097488,0.1111111111111111,broad_math
W2312937816,pre_ai,2014,Mathematics,5,5.5,0.0,5.616771097666572,0.0,0.4084014002333722,0.0,-0.0,0.933403980731964,0.0,broad_math
W2313027138,pre_ai,1980,Mathematics,8,5.0,0.25,5.08092189780304,0.0,0.3460610932475884,0.875,0.7356219397587946,0.9135977625846864,0.0,broad_math
W2332177865,pre_ai,1997,Mathematics,1,5.0,0.0,6.335054251498059,0.0,1.0,0.0,-0.0,0.8631666898727417,0.0,broad_math
W2337130353,pre_ai,2006,Mathematics,4,30.0,0.0,5.895732939752363,0.25,0.5110658865428644,0.0,-0.0,0.8689449280500412,0.25,broad_math
W2380924508,pre_ai,2011,Mathematics,4,2.0,0.75,4.916103175265582,0.25,0.5590361445783133,0.0,-0.0,0.8997989594936371,0.25,broad_math
W2566555818,pre_ai,2005,Mathematics,7,8.0,0.4285714285714285,4.74493212836325,0.1428571428571428,0.3053435114503817,0.0,-0.0,0.880138805934361,0.1428571428571428,broad_math
W2613497261,pre_ai,2017,Mathematics,5,7.0,0.2,3.4011973816621555,0.4,0.8495615021362717,0.2,0.5004024235381879,0.9001265645027161,0.4,broad_math
W2616467732,pre_ai,2020,Mathematics,18,15.5,0.0555555555555555,4.48926720504166,0.2777777777777778,0.3234910985670864,0.0555555555555555,0.2145591551764051,0.8963125844796499,0.2777777777777778,broad_math
W2903951583,pre_ai,2018,Mathematics,14,9.0,0.3571428571428571,7.40816238729454,0.0,0.684937617087438,0.9285714285714286,1.8337855468200532,0.8209592657429832,0.0,broad_math
W2933357700,pre_ai,2019,Mathematics,4,5.0,0.25,3.964203013090267,0.0,0.4090909090909091,0.0,-0.0,0.9234764128923416,0.0,broad_math
W2985668603,pre_ai,2019,Mathematics,4,24.0,0.25,6.447545657753169,0.0,0.4754335260115607,0.25,0.5623351446188083,0.8864409774541855,0.0,broad_math
W2996177821,pre_ai,2019,Mathematics,5,9.0,0.0,5.517452896464707,0.0,0.9427247841650874,1.0,1.3321790402101223,0.8763328790664673,0.0,broad_math
W3036724697,pre_ai,2020,Mathematics,10,6.0,0.4,1.7776740307447068,0.8,0.8959608323133414,0.4,1.2275294114572126,0.9094349801540376,0.8,broad_math
W3102725346,pre_ai,2020,Mathematics,10,2.5,0.7,3.425592463746871,0.3,0.2554945054945055,0.0,-0.0,0.9375150680541992,0.3,broad_math
W3169694855,pre_ai,2021,Mathematics,5,21.0,0.0,4.770684624465665,0.2,0.968273444347064,0.0,-0.0,0.8739177107810974,0.2,broad_math
W3175859410,pre_ai,2021,Mathematics,5,20.0,0.0,5.66988092298052,0.0,0.5931180199215212,0.0,-0.0,0.9163896083831788,0.0,broad_math
W3180684956,pre_ai,2021,Mathematics,9,3.5,0.4444444444444444,2.8903717578961645,0.6666666666666666,0.8764629388816645,0.3333333333333333,0.6365141682948128,0.8989888760778639,0.6666666666666666,broad_math
W3213357432,pre_ai,2021,Mathematics,11,4.0,0.4545454545454545,5.37989735354046,0.1818181818181818,0.838997555012225,1.0,0.8855741515766717,0.8433071374893188,0.0909090909090909,broad_math
W38354398,pre_ai,2008,Mathematics,27,13.0,0.074074074074074,7.206377291472252,0.0,0.6252688140709961,0.925925925925926,1.5239588477815669,0.6889850298563639,0.0,broad_math
W4231798971,pre_ai,1992,Mathematics,2,21.5,0.0,2.6735537653587342,0.5,0.8717948717948718,0.0,-0.0,0.9478844106197356,0.5,broad_math
W78726123,pre_ai,1988,Mathematics,7,14.0,0.1428571428571428,5.697093486505405,0.0,0.6878449258836944,0.1428571428571428,0.410116318288409,0.9087819712502616,0.0,broad_math
W2792912057,transition,2022,Mathematics,7,12.0,0.1428571428571428,4.02535169073515,0.2857142857142857,0.7076923076923077,0.1428571428571428,0.410116318288409,0.9302937729018076,0.2857142857142857,broad_math
W2973027961,transition,2022,Mathematics,16,12.0,0.125,3.4900379702808815,0.375,0.9495001612383104,0.25,0.7029189307735104,0.8829532489180565,0.375,broad_math
W3045271595,transition,2022,Mathematics,13,9.0,0.1538461538461538,3.1354942159291497,0.4615384615384615,0.6756574511126096,0.0,-0.0,0.9200192873294536,0.4615384615384615,broad_math
W3093056992,transition,2022,Mathematics,7,24.0,0.0,4.02535169073515,0.4285714285714285,0.8620169082125604,0.1428571428571428,0.410116318288409,0.9178203003747124,0.4285714285714285,broad_math
W3167991882,transition,2022,Mathematics,7,12.0,0.2857142857142857,3.49650756146648,0.4285714285714285,0.7226148409893993,0.0,-0.0,0.9173779998506818,0.4285714285714285,broad_math
W3195538177,transition,2022,Mathematics,37,10.0,0.2702702702702703,4.543294782270004,0.1621621621621621,0.7939045183290707,0.2972972972972973,0.8642228343212499,0.8779165132625683,0.1621621621621621,broad_math
W3198896681,transition,2022,Mathematics,30,5.5,0.3,2.9174053685313024,0.5333333333333333,0.4122137404580153,0.3666666666666666,0.6571577614973405,0.8880888720353445,0.5333333333333333,broad_math
W4205105490,transition,2022,Mathematics,10,7.5,0.4,1.791759469228055,0.9,0.9751269035532996,0.3,0.9404479886553264,0.9237328350543976,0.9,broad_math
W4206492858,transition,2022,Mathematics,1,103.0,0.0,4.31748811353631,0.0,1.0,0.0,-0.0,0.9031996130943298,0.0,broad_math
W4206649868,transition,2022,Mathematics,12,4.0,0.4166666666666667,3.0342127941220554,0.5,0.5521669341894061,0.6666666666666666,1.126928794800676,0.8648097713788351,0.5,broad_math
W4210730839,transition,2022,Mathematics,34,18.0,0.0588235294117647,4.421807546091975,0.0588235294117647,0.7374301675977654,0.6176470588235294,0.6652042646399301,0.876390229253208,0.0588235294117647,broad_math
W4212960156,transition,2022,Mathematics,7,2.0,1.0,5.541263545158426,0.1428571428571428,0.460231135282121,0.7142857142857143,0.5982695885852573,0.9124363660812378,0.1428571428571428,broad_math
W4213197358,transition,2022,Mathematics,10,10.5,0.2,3.1549591391132585,0.4,0.2330508474576271,0.0,-0.0,0.8993723869323731,0.4,broad_math
W4213359824,transition,2022,Mathematics,3,16.0,0.0,3.610917912644224,0.3333333333333333,0.6111111111111112,0.0,-0.0,0.8980520367622375,0.3333333333333333,broad_math
W4214904536,transition,2022,Mathematics,12,6.0,0.4166666666666667,4.956322745160447,0.1666666666666666,0.9387219917012448,0.4166666666666667,0.6791932659915256,0.9204673171043396,0.1666666666666666,broad_math
W4214946372,transition,2022,Mathematics,46,17.5,0.0434782608695652,5.751003032360476,0.108695652173913,0.6890682465763741,0.5,1.276048978879795,0.8833315463169761,0.108695652173913,broad_math
W4220768525,transition,2022,Mathematics,1,16.0,0.0,10.005096038124226,0.0,1.0,1.0,-0.0,0.7235925197601318,0.0,broad_math
W4221157093,transition,2022,Mathematics,8,11.0,0.25,4.570387954295136,0.125,0.3692946058091286,0.125,0.3767701612564367,0.9049491360783576,0.125,broad_math
W4223993915,transition,2022,Mathematics,17,19.0,0.0,7.45876269238096,0.0,0.841129841148178,0.7647058823529411,1.2622431674900143,0.9016768546665416,0.0,broad_math
W4225258829,transition,2022,Mathematics,13,10.0,0.1538461538461538,2.70805020110221,0.5384615384615384,0.3789279112754159,0.6153846153846154,1.5857708352080968,0.8847474868480976,0.5384615384615384,broad_math
W4226017373,transition,2022,Mathematics,9,3.0,0.5555555555555556,3.784189633918261,0.2222222222222222,0.8203846153846154,0.0,-0.0,0.939988136291504,0.2222222222222222,broad_math
W4226458547,transition,2022,Mathematics,13,6.0,0.3076923076923077,6.016157159698354,0.2307692307692307,0.7034888438133874,0.7692307692307693,1.0579054247036734,0.8880704320394076,0.1538461538461538,broad_math
W4229031068,transition,2022,Mathematics,9,13.0,0.3333333333333333,5.8998973535824915,0.3333333333333333,0.6191377965912889,0.1111111111111111,0.3488320958430319,0.8796747459305657,0.3333333333333333,broad_math
W4280490547,transition,2022,Mathematics,1,8.0,0.0,4.574710978503383,0.0,1.0,0.0,-0.0,0.9587152004241944,0.0,broad_math
W4280533022,transition,2022,Mathematics,14,15.5,0.0714285714285714,2.967447097809794,0.5,0.9778556364378528,0.6428571428571429,1.4894588207337585,0.8862244359084538,0.5,broad_math
W4283078105,transition,2022,Mathematics,31,14.0,0.032258064516129,5.5053315359323625,0.0,0.6273111280382245,0.6451612903225806,1.316915858629389,0.8708265308410891,0.0,broad_math
W4283262454,transition,2022,Mathematics,21,30.0,0.0476190476190476,3.688879454113936,0.2857142857142857,0.8022772060433545,0.3809523809523809,0.8080599286573673,0.870712623709724,0.2857142857142857,broad_math
W4284974499,transition,2022,Mathematics,8,3.5,0.5,3.4637789531391583,0.25,0.5809885931558936,0.875,1.4941751382893085,0.8960517421364784,0.25,broad_math
W4285092912,transition,2022,Mathematics,7,14.0,0.2857142857142857,3.970291913552122,0.0,0.3558558558558558,0.2857142857142857,0.7963116401738131,0.886948960168021,0.0,broad_math
W4285266287,transition,2022,Mathematics,20,2.0,0.9,5.0106352940962555,0.15,0.6941627225602884,0.95,0.1985152433458726,0.9251133143901824,0.15,broad_math
W4286484555,transition,2022,Mathematics,37,21.0,0.1351351351351351,5.501258210544727,0.1351351351351351,0.827043726879768,0.5135135135135135,1.5976996154549798,0.846718966960907,0.1081081081081081,broad_math
W4290793596,transition,2022,Mathematics,17,8.0,0.2352941176470588,4.127134385045092,0.1176470588235294,0.6673494469479722,0.0588235294117647,0.2237180760658337,0.8943779784090379,0.1176470588235294,broad_math
W4293058239,transition,2022,Mathematics,1,21.0,0.0,4.5217885770490405,0.0,1.0,0.0,-0.0,0.9068337678909302,0.0,broad_math
W4296986573,transition,2022,Mathematics,9,9.0,0.0,2.70805020110221,0.5555555555555556,0.3023255813953488,0.1111111111111111,0.3488320958430319,0.9480258292622036,0.5555555555555556,broad_math
W4297998620,transition,2022,Mathematics,15,3.0,0.7333333333333333,4.007333185232471,0.3333333333333333,0.5909878682842288,0.3333333333333333,0.953271014705891,0.8083451509475708,0.1333333333333333,broad_math
W4302029042,transition,2022,Mathematics,63,12.0,0.0952380952380952,4.653960350157523,0.0793650793650793,0.9105665382429105,0.3333333333333333,1.2429546922480448,0.8673102420473856,0.0634920634920634,broad_math
W4302303837,transition,2022,Mathematics,14,20.0,0.1428571428571428,4.173321045110599,0.3571428571428571,0.6409421197694813,0.1428571428571428,0.410116318288409,0.8669242646012988,0.3571428571428571,broad_math
W4307409631,transition,2022,Mathematics,4,14.0,0.25,3.6778205514871263,0.5,0.8236929922135706,0.5,1.039720770839918,0.8813709765672684,0.5,broad_math
W4307468203,transition,2022,Mathematics,8,13.5,0.25,3.1883634739493134,0.375,0.6475770925110133,0.5,1.2130075659799042,0.8824523016810417,0.25,broad_math
W4307988439,transition,2022,Mathematics,14,13.0,0.0,5.167440141327104,0.0,0.413725967388659,0.0,-0.0,0.8680781296321324,0.0,broad_math
W4309099733,transition,2022,Mathematics,42,13.5,0.119047619047619,4.708880481412578,0.1904761904761904,0.9026786213581376,0.3571428571428571,0.9124248504523376,0.847201182728722,0.1904761904761904,broad_math
W4311420211,transition,2022,Mathematics,18,1.5,0.8333333333333334,3.40064151723581,0.3333333333333333,0.971032151560412,0.1666666666666666,0.5566469035821068,0.9082809057500628,0.3333333333333333,broad_math
W4311874431,transition,2022,Mathematics,30,13.0,0.2333333333333333,4.477336814478207,0.1,0.4837481698389458,0.5666666666666667,0.8110053415676062,0.8963374157746633,0.1,broad_math
W4312363026,transition,2022,Mathematics,13,14.0,0.1538461538461538,5.631211781821365,0.2307692307692307,0.6598666666666667,0.1538461538461538,0.5359610497090694,0.9055299483812772,0.2307692307692307,broad_math
W4312804033,transition,2022,Mathematics,18,9.5,0.3888888888888889,4.211880623311842,0.2777777777777778,0.77785265049416,0.0,-0.0,0.9056968887646992,0.2777777777777778,broad_math
W4312820253,transition,2022,Mathematics,23,3.0,0.5217391304347826,2.6390573296152584,0.6521739130434783,0.9291275167785236,0.2608695652173913,0.6915021980540986,0.9267289534859036,0.6521739130434783,broad_math
W4313142221,transition,2022,Mathematics,7,1.0,1.0,2.833213344056216,0.5714285714285714,0.2608695652173913,0.1428571428571428,0.410116318288409,0.8951871650559562,0.5714285714285714,broad_math
W4317928728,transition,2022,Mathematics,3,14.0,0.0,1.6094379124341005,1.0,0.5294117647058824,0.6666666666666666,0.6365141682948128,0.9523014227549236,1.0,broad_math
W4361853647,transition,2022,Mathematics,12,9.0,0.4166666666666667,2.5249280036247685,0.75,0.8235294117647058,0.0,-0.0,0.9188472032546996,0.75,broad_math
W3087986783,post_ai,2023,Mathematics,38,19.0,0.131578947368421,3.4165158663931003,0.2894736842105263,0.7389790461978487,0.3421052631578947,1.1484411394074483,0.8839226223920521,0.2631578947368421,pure_math
W4315481742,post_ai,2023,Mathematics,4,19.0,0.25,3.901513321816109,0.25,0.6184538653366584,0.0,-0.0,0.8954707384109497,0.25,pure_math
W4318833748,post_ai,2023,Mathematics,10,8.0,0.4,2.888826161611328,0.4,0.4428044280442804,0.0,-0.0,0.8878725707530976,0.4,pure_math
W4321015226,post_ai,2023,Mathematics,12,7.0,0.0833333333333333,3.101267758593961,0.1666666666666666,0.6729074889867841,0.0,-0.0,0.8800697525342306,0.1666666666666666,pure_math
W4322733911,post_ai,2023,Mathematics,9,7.0,0.2222222222222222,5.1647859739235145,0.2222222222222222,0.6017876687340387,0.6666666666666666,0.936888307539016,0.8114704754617479,0.2222222222222222,pure_math
W4362607598,post_ai,2023,Mathematics,1,4.0,0.0,4.2626798770413155,0.0,1.0,0.0,-0.0,0.9691410660743712,0.0,pure_math
W4366404613,post_ai,2023,Mathematics,13,8.0,0.2307692307692307,4.007333185232471,0.2307692307692307,0.5347896440129449,0.0,-0.0,0.8886747910426214,0.2307692307692307,pure_math
W4378472176,post_ai,2023,Mathematics,16,6.0,0.4375,3.1073040492110957,0.375,0.5846732808758125,0.0625,0.2337916587064593,0.927271094173193,0.375,pure_math
W4380272579,post_ai,2023,Mathematics,9,22.0,0.2222222222222222,4.406719247264253,0.2222222222222222,0.2768472906403941,0.2222222222222222,0.6837389058487535,0.8802918857998319,0.2222222222222222,pure_math
W4385354961,post_ai,2023,Mathematics,29,5.0,0.3448275862068966,2.4849066497880004,0.5862068965517241,0.847926267281106,0.9310344827586208,1.8021230445370784,0.8781717912904148,0.5517241379310345,pure_math
W4386254087,post_ai,2023,Mathematics,6,15.0,0.3333333333333333,3.133600274270681,0.3333333333333333,0.3888888888888889,0.1666666666666666,0.4505612088663046,0.8898301124572754,0.3333333333333333,pure_math
W4387368778,post_ai,2023,Mathematics,5,20.0,0.0,3.4339872044851463,0.0,0.4386792452830189,0.0,-0.0,0.8826261758804321,0.0,pure_math
W4388818706,post_ai,2023,Mathematics,1,24.0,0.0,7.700747794511798,0.0,1.0,0.0,-0.0,0.8721784353256226,0.0,pure_math
W4390860696,post_ai,2023,Mathematics,19,2.0,0.7894736842105263,3.5553480614894135,0.2631578947368421,0.4989939637826961,0.0526315789473684,0.2061920506332318,0.9186680567891974,0.2631578947368421,pure_math
W4391377637,post_ai,2024,Mathematics,9,12.0,0.1111111111111111,3.713572066704308,0.1111111111111111,0.4303438496986884,0.3333333333333333,0.6365141682948128,0.9167037540011936,0.1111111111111111,pure_math
W4392919528,post_ai,2024,Mathematics,14,4.0,0.5,3.1934396596813226,0.4285714285714285,0.8229636308987075,0.0714285714285714,0.2573186405438316,0.9062550153051104,0.4285714285714285,pure_math
W4393050727,post_ai,2024,Mathematics,6,9.0,0.3333333333333333,2.0471722811110507,0.6666666666666666,0.44,0.5,1.242453324894,0.8738286097844442,0.6666666666666666,pure_math
W4393214561,post_ai,2024,Mathematics,16,22.0,0.0625,2.9634630129852053,0.4375,0.512735326688815,0.125,0.46341355882643,0.9157861210405828,0.4375,pure_math
W4393627952,post_ai,2024,Mathematics,15,12.0,0.0666666666666666,3.258096538021482,0.3333333333333333,0.3831672203765227,0.0,-0.0,0.8899856050809224,0.3333333333333333,pure_math
W4394998544,post_ai,2024,Mathematics,15,17.0,0.0,3.7612001156935624,0.3333333333333333,0.8318349469801752,0.8,1.5472867333409477,0.8719697992006937,0.3333333333333333,pure_math
W4396603015,post_ai,2024,Mathematics,12,8.0,0.0833333333333333,3.0546237913821823,0.4166666666666667,0.8925453324378778,0.0,-0.0,0.90864368279775,0.4166666666666667,pure_math
W4398236827,post_ai,2024,Mathematics,4,29.5,0.0,4.4935984103309865,0.25,0.5076530612244898,0.75,1.039720770839918,0.8838048130273819,0.25,pure_math
W4399057443,post_ai,2024,Mathematics,31,13.0,0.0,3.58351893845611,0.2580645161290322,0.6889546351084813,0.0967741935483871,0.3179367802622418,0.8757627048800068,0.2580645161290322,pure_math
W4399364100,post_ai,2024,Mathematics,14,5.0,0.2857142857142857,3.044522437723423,0.2142857142857142,0.7506925207756233,0.1428571428571428,0.509137344082687,0.7398388385772705,0.0,pure_math
W4399388968,post_ai,2024,Mathematics,30,5.5,0.3666666666666666,4.482986592105173,0.0333333333333333,0.3982442138866719,0.5,1.0580827855515034,0.8692755977312724,0.0,pure_math
W4401301405,post_ai,2024,Mathematics,32,10.5,0.25,4.470445533892731,0.15625,0.9417158391803446,0.6875,1.497140092256833,0.8634683135896921,0.15625,pure_math
W4401712950,post_ai,2024,Mathematics,25,8.0,0.08,3.258096538021482,0.28,0.9418888042650418,0.84,1.4649050095291631,0.8746832132339477,0.28,pure_math
W4403424922,post_ai,2024,Mathematics,6,9.5,0.1666666666666666,3.275540167521702,0.3333333333333333,0.4475138121546961,0.1666666666666666,0.4505612088663046,0.9054182767868042,0.3333333333333333,pure_math
W4404111389,post_ai,2024,Mathematics,10,7.5,0.5,4.022152703495319,0.1,0.6073131955484896,0.1,0.3250829733914482,0.9157852470874788,0.1,pure_math
W4405308931,post_ai,2024,Mathematics,12,11.0,0.0,3.49466763298728,0.1666666666666666,0.4207436399217221,0.0,-0.0,0.9393455038468044,0.1666666666666666,pure_math
W4405820474,post_ai,2024,Mathematics,3,19.0,0.0,4.718498871295094,0.0,0.7316561844863732,0.6666666666666666,0.6365141682948128,0.9049734870592752,0.0,pure_math
W4405874589,post_ai,2024,Mathematics,4,19.0,0.0,4.0459667279899465,0.0,0.4457831325301205,0.75,1.039720770839918,0.778456062078476,0.0,pure_math
W4406035074,post_ai,2025,Mathematics,30,3.0,0.5333333333333333,1.6094379124341005,0.7333333333333333,0.9705215419501134,0.1,0.4349442022582592,0.935610391696294,0.7333333333333333,pure_math
W4406038003,post_ai,2025,Mathematics,4,25.5,0.0,3.80666248977032,0.25,0.7571428571428571,0.0,-0.0,0.9416611045598984,0.25,pure_math
W4406617022,post_ai,2025,Mathematics,5,16.0,0.2,3.218875824868201,0.2,0.9912093432123572,0.2,0.5004024235381879,0.9391750931739808,0.2,pure_math
W4409522931,post_ai,2025,Mathematics,4,18.0,0.25,4.342707911915345,0.25,0.7830540037243948,0.5,1.039720770839918,0.8832371830940247,0.25,pure_math
W4409888759,post_ai,2025,Mathematics,5,9.0,0.2,1.0986122886681098,0.8,0.8448275862068966,0.4,0.6730116670092565,0.9304869055747986,0.8,pure_math
W4410767597,post_ai,2025,Mathematics,21,15.0,0.0952380952380952,4.48863636973214,0.0476190476190476,0.7857330530740936,0.3333333333333333,0.6365141682948128,0.8868695185298011,0.0476190476190476,pure_math
W4411032077,post_ai,2025,Mathematics,14,12.0,0.3571428571428571,5.028619076171023,0.2142857142857142,0.506896551724138,0.1428571428571428,0.509137344082687,0.8602350737367358,0.2142857142857142,pure_math
W4412161591,post_ai,2025,Mathematics,35,5.0,0.4285714285714285,2.70805020110221,0.4857142857142857,0.8742042271454036,0.8285714285714286,1.4064646922273596,0.835383004801614,0.4,pure_math
W4412979565,post_ai,2025,Mathematics,5,23.0,0.0,3.9889840465642745,0.0,0.4601941747572815,0.4,0.9502705392332348,0.8451200366020203,0.0,pure_math
W4413756297,post_ai,2025,Mathematics,31,9.0,0.3870967741935484,2.833213344056216,0.4193548387096774,0.8521867503229378,0.064516129032258,0.2392170938165128,0.9038672927887208,0.4193548387096774,pure_math
W4415761063,post_ai,2025,Mathematics,12,15.5,0.1666666666666666,1.9356005054539456,0.9166666666666666,0.8860465116279069,0.0,-0.0,0.8781821976105372,0.9166666666666666,pure_math
W4416785946,post_ai,2025,Mathematics,6,26.5,0.0,3.0816574020173206,0.1666666666666666,0.699215965787598,0.0,-0.0,0.9404283364613852,0.1666666666666666,pure_math
W7118162090,post_ai,2025,Mathematics,3,9.0,0.0,2.3978952727983707,0.6666666666666666,0.6458333333333334,0.6666666666666666,0.6365141682948128,0.8654111822446188,0.6666666666666666,pure_math
W7127382196,post_ai,2026,Mathematics,4,20.5,0.25,2.5249280036247685,0.5,0.5904761904761905,0.0,-0.0,0.9337952136993408,0.5,pure_math
W7127605547,post_ai,2026,Mathematics,44,9.0,0.1136363636363636,4.824297651453669,0.0454545454545454,0.5774019262391356,1.0,-0.0,0.9103791578249498,0.0454545454545454,pure_math
W7162085342,post_ai,2026,Mathematics,5,10.0,0.0,4.356708826689592,0.4,0.6271450858034321,0.0,-0.0,0.9344739198684692,0.4,pure_math
W7165487833,post_ai,2026,Mathematics,7,7.0,0.2857142857142857,4.007333185232471,0.2857142857142857,0.3184210526315789,0.2857142857142857,0.7963116401738131,0.8868805255208697,0.2857142857142857,pure_math
W1489936269,pre_ai,2001,Mathematics,8,7.5,0.25,5.1322565096060595,0.125,0.1964882943143812,0.0,-0.0,0.8771365731954575,0.125,pure_math
W1568599732,pre_ai,2008,Mathematics,8,40.5,0.0,4.778982240197249,0.0,0.8653559959269993,0.25,0.7356219397587946,0.8811251744627953,0.0,pure_math
W1597739364,pre_ai,2011,Mathematics,8,8.5,0.25,4.175569303543078,0.125,0.6445483776673487,0.875,0.3767701612564367,0.8910827934741974,0.125,pure_math
W1902447566,pre_ai,2018,Mathematics,8,6.0,0.125,2.9444389791664403,0.375,0.4337899543378995,0.0,-0.0,0.88479433208704,0.375,pure_math
W1980050206,pre_ai,2014,Mathematics,7,57.0,0.1428571428571428,2.772588722239781,0.2857142857142857,0.7127799736495388,0.1428571428571428,0.410116318288409,0.8686370083263942,0.2857142857142857,pure_math
W2029030501,pre_ai,2012,Mathematics,4,2.5,1.0,1.868834809141684,0.75,0.7045454545454546,0.0,-0.0,0.9260174334049224,0.75,pure_math
W2033317973,pre_ai,2014,Mathematics,31,7.0,0.1935483870967742,3.49650756146648,0.2258064516129032,0.33375,0.0,-0.0,0.916574283953636,0.2258064516129032,pure_math
W2043797788,pre_ai,2012,Mathematics,7,5.0,0.2857142857142857,4.343805421853684,0.2857142857142857,0.5532734274711169,0.0,-0.0,0.8774672150611877,0.2857142857142857,pure_math
W2055907726,pre_ai,1994,Mathematics,4,15.0,0.25,4.54594730838485,0.25,0.4760869565217391,0.25,0.5623351446188083,0.900503009557724,0.25,pure_math
W2060059091,pre_ai,2011,Mathematics,4,22.0,0.0,3.14578456977916,0.25,0.3373493975903614,0.0,-0.0,0.8824276030063629,0.25,pure_math
W2071305757,pre_ai,1994,Mathematics,4,25.0,0.0,4.7120802979147545,0.0,0.5716486902927581,0.5,0.6931471805599453,0.863872691988945,0.0,pure_math
W2078540108,pre_ai,1986,Mathematics,13,28.5,0.3076923076923077,4.51085950651685,0.2307692307692307,0.7769039735099338,0.9230769230769232,1.0317671113505356,0.8460222482681274,0.2307692307692307,pure_math
W2081738830,pre_ai,2010,Mathematics,11,3.0,0.8181818181818182,4.248495242049359,0.1818181818181818,0.3919523099850969,0.0,-0.0,0.9079477949575944,0.1818181818181818,pure_math
W2087144262,pre_ai,2010,Mathematics,13,7.0,0.1538461538461538,4.110873864173311,0.0,0.3429906542056075,0.0,-0.0,0.8842640289893517,0.0,pure_math
W2087941871,pre_ai,2001,Mathematics,3,6.0,0.3333333333333333,5.081404364984463,0.0,0.9650324000489058,0.3333333333333333,0.6365141682948128,0.9011537035306296,0.0,pure_math
W2098895127,pre_ai,2005,Mathematics,14,14.0,0.2142857142857142,3.2461199175102355,0.3571428571428571,0.7583830960036748,0.0,-0.0,0.936011152608054,0.3571428571428571,pure_math
W2099061025,pre_ai,2008,Mathematics,10,16.0,0.0,4.353906775512444,0.2,0.5059210526315789,0.3,0.6108643020548935,0.9003841340541839,0.2,pure_math
W2100413408,pre_ai,2007,Mathematics,6,4.5,0.1666666666666666,3.730820196104287,0.0,0.3493589743589743,0.5,1.242453324894,0.8536634842554728,0.0,pure_math
W2101088186,pre_ai,2010,Mathematics,3,17.0,0.3333333333333333,3.610917912644224,0.0,0.6728971962616822,0.0,-0.0,0.9428155620892844,0.0,pure_math
W2105044052,pre_ai,1980,Mathematics,2,7.5,0.0,4.417968894659918,0.5,0.9777777777777776,0.5,0.6931471805599453,0.8742547929286957,0.5,pure_math
W2107490922,pre_ai,1995,Mathematics,13,6.5,0.3076923076923077,4.382026634673881,0.2307692307692307,0.6,0.1538461538461538,0.4293230219306162,0.9171390579296992,0.2307692307692307,pure_math
W2130287246,pre_ai,1996,Mathematics,3,16.0,0.0,2.5649493574615367,0.6666666666666666,0.8433734939759037,0.0,-0.0,0.9449805816014608,0.6666666666666666,pure_math
W2153679357,pre_ai,1978,Mathematics,11,5.0,0.2727272727272727,5.3471075307174685,0.0909090909090909,0.6037937483302164,0.6363636363636364,1.162225544921092,0.8848515044559132,0.0909090909090909,pure_math
W2158995166,pre_ai,1988,Mathematics,14,5.0,0.4285714285714285,4.526843280965403,0.0,0.5592592592592592,0.5,1.4680602034990462,0.8919177821704319,0.0,pure_math
W2252788278,pre_ai,2017,Mathematics,17,16.0,0.0,4.51085950651685,0.0588235294117647,0.4142506142506142,0.0588235294117647,0.2237180760658337,0.9051804016618168,0.0588235294117647,pure_math
W2255528727,pre_ai,2016,Mathematics,7,8.0,0.1428571428571428,3.295836866004329,0.1428571428571428,0.7749529190207156,0.0,-0.0,0.9329744151660374,0.1428571428571428,pure_math
W2261293204,pre_ai,2005,Mathematics,9,12.0,0.2222222222222222,5.147494476813453,0.0,0.5101330603889458,0.2222222222222222,0.5297061990576545,0.8858142428927951,0.0,pure_math
W2289751736,pre_ai,2016,Mathematics,8,3.0,0.75,4.107503216380787,0.375,0.4625131995776135,0.0,-0.0,0.8868783265352249,0.375,pure_math
W2306255811,pre_ai,2015,Mathematics,5,13.0,0.0,2.5649493574615367,0.6,0.5076252723311547,0.0,-0.0,0.9110759496688844,0.6,pure_math
W2328886926,pre_ai,2007,Mathematics,4,5.0,0.25,5.208424977977044,0.0,0.4415055951169888,1.0,1.039720770839918,0.7640680372714996,0.0,pure_math
W2332957351,pre_ai,2016,Mathematics,2,8.5,0.5,3.5038003069759265,0.0,0.8,0.0,-0.0,0.9198591709136964,0.0,pure_math
W2527866140,pre_ai,2016,Mathematics,10,16.0,0.0,5.079471696658793,0.1,0.711388041893146,0.1,0.3250829733914482,0.9365191459655762,0.1,pure_math
W2606825990,pre_ai,2011,Mathematics,2,15.0,0.0,5.705944460396228,0.0,0.8731924360400445,0.5,0.6931471805599453,0.9144193828105928,0.0,pure_math
W2611146271,pre_ai,2020,Mathematics,16,8.0,0.25,2.2499048351651325,0.625,0.5431034482758621,0.0625,0.2337916587064593,0.9503163732588292,0.625,pure_math
W2738885466,pre_ai,2017,Mathematics,3,12.0,0.0,1.3862943611198906,1.0,0.5555555555555556,0.0,-0.0,0.9439553419748942,1.0,pure_math
W2791060274,pre_ai,2018,Mathematics,2,14.0,0.0,3.3522071774820534,0.0,0.7692307692307693,0.5,0.6931471805599453,0.9089731276035308,0.0,pure_math
W2809830220,pre_ai,2018,Mathematics,4,15.0,0.0,2.1097538525880535,0.5,0.5849056603773585,0.5,0.6931471805599453,0.9154747128486632,0.5,pure_math
W2904130952,pre_ai,2018,Mathematics,42,8.0,0.1666666666666666,4.44202803087123,0.0476190476190476,0.978542240654658,0.5714285714285714,1.627653064907907,0.8597142071951003,0.0476190476190476,pure_math
W2955101026,pre_ai,2019,Mathematics,7,8.0,0.1428571428571428,3.5263605246161616,0.1428571428571428,0.2345132743362832,0.0,-0.0,0.9464994072914124,0.1428571428571428,pure_math
W2964052954,pre_ai,2019,Mathematics,8,10.5,0.125,5.117527461400023,0.125,0.4303984259714707,0.0,-0.0,0.8986514657735825,0.125,pure_math
W2966472752,pre_ai,2020,Mathematics,4,16.5,0.0,4.4688719684712215,0.0,0.9506359129122656,0.25,0.5623351446188083,0.8891995400190353,0.0,pure_math
W3036302732,pre_ai,2020,Mathematics,13,23.5,0.3076923076923077,3.258096538021482,0.4615384615384615,0.6606490872210954,0.1538461538461538,0.5359610497090694,0.915114783323728,0.4615384615384615,pure_math
W3087322394,pre_ai,2020,Mathematics,10,22.5,0.1,3.101267758593961,0.2,0.6671911880409127,0.2,0.639031859650177,0.8705748677253723,0.2,pure_math
W3101551588,pre_ai,2013,Mathematics,28,9.5,0.0357142857142857,4.233686248216141,0.1071428571428571,0.6068391866913124,0.0714285714285714,0.2573186405438316,0.9030858704022,0.1071428571428571,pure_math
W3105948347,pre_ai,1993,Mathematics,8,0.0,0.375,4.352251144860615,0.125,0.5600695738601068,0.125,0.3767701612564367,0.9253174215555192,0.125,pure_math
W3106037591,pre_ai,2012,Mathematics,7,25.0,0.0,4.430816798843313,0.1428571428571428,0.6077621800165153,0.0,-0.0,0.9207959856305804,0.1428571428571428,pure_math
W3106166943,pre_ai,2013,Mathematics,19,11.0,0.1578947368421052,4.770684624465665,0.0,0.7635963533480038,0.0,-0.0,0.9369029371361984,0.0,pure_math
W3158352325,pre_ai,2021,Mathematics,10,46.5,0.1,2.5649493574615367,0.6,0.3119266055045872,0.0,-0.0,0.9036292195320128,0.6,pure_math
W4234461600,pre_ai,1995,Mathematics,6,23.5,0.0,5.048621743477873,0.1666666666666666,0.5385130609511052,0.0,-0.0,0.9262111783027648,0.1666666666666666,pure_math
W4320166660,pre_ai,2019,Mathematics,4,20.5,0.25,1.868834809141684,0.75,0.9575070821529744,0.0,-0.0,0.9082706570625304,0.75,pure_math
W2551238205,transition,2022,Mathematics,16,11.5,0.0625,4.682987831753816,0.0,0.5313759355210133,0.0625,0.2337916587064593,0.8982479199767113,0.0,pure_math
W2920792726,transition,2022,Mathematics,19,22.0,0.1578947368421052,3.5263605246161616,0.1578947368421052,0.8279090503789568,0.0,-0.0,0.9183736757228248,0.1578947368421052,pure_math
W3004482671,transition,2022,Mathematics,11,8.0,0.0909090909090909,3.49650756146648,0.3636363636363636,0.673972602739726,0.0,-0.0,0.9084313403476368,0.3636363636363636,pure_math
W3016993015,transition,2022,Mathematics,7,11.0,0.2857142857142857,2.772588722239781,0.4285714285714285,0.5605700712589073,0.0,-0.0,0.8613533207348415,0.4285714285714285,pure_math
W3026970419,transition,2022,Mathematics,4,12.5,0.25,3.939077668251662,0.5,0.661144578313253,0.0,-0.0,0.8362229913473129,0.5,pure_math
W3034077194,transition,2022,Mathematics,14,10.0,0.1428571428571428,3.172818180414298,0.4285714285714285,0.5548141086749285,0.0,-0.0,0.8823315458638328,0.4285714285714285,pure_math
W3084859867,transition,2022,Mathematics,18,7.0,0.2222222222222222,2.1383330595080277,0.6666666666666666,0.4390243902439024,0.0,-0.0,0.8853601548406813,0.6666666666666666,pure_math
W3091940523,transition,2022,Mathematics,5,11.0,0.4,1.6094379124341005,0.6,0.4444444444444444,0.2,0.5004024235381879,0.9339023232460022,0.6,pure_math
W3110761375,transition,2022,Mathematics,7,39.0,0.0,3.970291913552122,0.2857142857142857,0.4760705289672544,0.0,-0.0,0.8665587646620614,0.2857142857142857,pure_math
W3119906900,transition,2022,Mathematics,26,10.0,0.2307692307692307,3.49466763298728,0.2692307692307692,0.5848822800495663,0.0,-0.0,0.9176636361158812,0.2692307692307692,pure_math
W3133503293,transition,2022,Mathematics,20,18.0,0.1,4.504968153815732,0.1,0.4004154165705054,0.0,-0.0,0.9051729142665864,0.1,pure_math
W3138822619,transition,2022,Mathematics,35,10.0,0.3142857142857143,3.1780538303479458,0.2571428571428571,0.8387864366448543,0.2,0.5824256871958696,0.8899680359022958,0.2571428571428571,pure_math
W3151043586,transition,2022,Mathematics,35,2.0,0.6285714285714286,3.091042453358316,0.3428571428571428,0.8739260366081435,0.0,-0.0,0.9132621850286212,0.3142857142857143,pure_math
W3172228637,transition,2022,Mathematics,10,33.5,0.1,5.19629445191398,0.2,0.4179051242420639,0.0,-0.0,0.9195972144603728,0.2,pure_math
W3204308664,transition,2022,Mathematics,11,38.0,0.0,3.9318256327243257,0.0,0.6061959252023444,0.0,-0.0,0.8661500757390802,0.0,pure_math
W3214661752,transition,2022,Mathematics,20,16.5,0.2,4.011939996367439,0.25,0.8524478914202618,0.45,0.6881388137135884,0.8908989012241364,0.25,pure_math
W4205809268,transition,2022,Mathematics,3,11.0,0.0,3.332204510175204,0.3333333333333333,0.6222222222222222,0.0,-0.0,0.8574284712473551,0.3333333333333333,pure_math
W4210699986,transition,2022,Mathematics,12,19.5,0.25,3.5400132499612953,0.3333333333333333,0.6143344709897611,0.25,0.7214636866925115,0.8666128714879354,0.3333333333333333,pure_math
W4214759331,transition,2022,Mathematics,13,11.0,0.3846153846153846,2.772588722239781,0.3846153846153846,0.6691871455576559,0.0,-0.0,0.8990781307220459,0.3846153846153846,pure_math
W4220993086,transition,2022,Mathematics,4,7.5,0.25,3.3784661946237766,0.5,0.5,0.75,0.5623351446188083,0.8764083236455917,0.5,pure_math
W4221024433,transition,2022,Mathematics,3,7.0,0.3333333333333333,2.772588722239781,0.3333333333333333,0.5581395348837209,0.0,-0.0,0.912614127000173,0.3333333333333333,pure_math
W4221065791,transition,2022,Mathematics,3,18.0,0.3333333333333333,2.833213344056216,0.3333333333333333,0.9172932330827068,0.0,-0.0,0.9184705217679342,0.3333333333333333,pure_math
W4223910407,transition,2022,Mathematics,52,11.0,0.0576923076923076,4.5208425029730215,0.0769230769230769,0.8121727409404323,0.7115384615384616,1.415649621353284,0.907864837692334,0.0769230769230769,pure_math
W4224303416,transition,2022,Mathematics,43,6.0,0.2325581395348837,3.8501476017100584,0.0697674418604651,0.7024390243902439,0.6511627906976745,1.588000611540156,0.8697096927221432,0.0465116279069767,pure_math
W4224536450,transition,2022,Mathematics,3,29.0,0.0,4.1588830833596715,0.3333333333333333,0.9880316700423496,0.0,-0.0,0.9191613793373108,0.3333333333333333,pure_math
W4225590494,transition,2022,Mathematics,7,22.0,0.0,4.430816798843313,0.0,0.307797537619699,0.2857142857142857,0.7963116401738131,0.8822199191365924,0.0,pure_math
W4281691108,transition,2022,Mathematics,4,28.5,0.25,3.708489810690577,0.25,0.932806324110672,0.25,0.5623351446188083,0.8742160946130753,0.25,pure_math
W4283215716,transition,2022,Mathematics,8,20.5,0.0,5.255538422367213,0.125,0.3295099061522419,0.375,0.6615632381579821,0.905199222266674,0.125,pure_math
W4285157592,transition,2022,Mathematics,17,5.0,0.2352941176470588,2.1972245773362196,0.6470588235294118,0.9013747758517632,0.4117647058823529,1.2341113432738555,0.8783526736147264,0.5882352941176471,pure_math
W4285240060,transition,2022,Mathematics,4,6.0,0.5,2.0871936349478184,0.75,0.8902439024390244,0.0,-0.0,0.9218661338090895,0.75,pure_math
W4285289508,transition,2022,Mathematics,7,12.0,0.4285714285714285,2.1972245773362196,0.5714285714285714,0.6755162241887905,0.0,-0.0,0.9239061219351632,0.5714285714285714,pure_math
W4288061014,transition,2022,Mathematics,6,13.0,0.1666666666666666,2.772588722239781,0.3333333333333333,0.2337662337662337,0.0,-0.0,0.9324431618054708,0.3333333333333333,pure_math
W4289134283,transition,2022,Mathematics,4,1.5,0.75,2.0126758453675744,0.75,0.46875,0.25,0.5623351446188083,0.8777033388614655,0.75,pure_math
W4289527286,transition,2022,Mathematics,35,2.0,0.6571428571428571,3.4011973816621555,0.3142857142857143,0.8265177445505314,0.5142857142857142,1.29141470888751,0.8773469550268991,0.3142857142857143,pure_math
W4292737097,transition,2022,Mathematics,7,19.0,0.4285714285714285,4.948759890378168,0.4285714285714285,0.7767455798621516,0.0,-0.0,0.9175723791122437,0.4285714285714285,pure_math
W4293196643,transition,2022,Mathematics,14,8.5,0.2142857142857142,2.8617925509761903,0.4285714285714285,0.421188630490956,0.0,-0.0,0.8911331679139819,0.4285714285714285,pure_math
W4293241049,transition,2022,Mathematics,12,15.5,0.1666666666666666,3.005633587202081,0.3333333333333333,0.8527245949926362,0.0833333333333333,0.2868359830561607,0.9004407723744711,0.25,pure_math
W4295681385,transition,2022,Mathematics,17,5.0,0.3529411764705882,3.9318256327243257,0.2941176470588235,0.5439252336448598,0.1176470588235294,0.4437572842601484,0.8909146189689636,0.2941176470588235,pure_math
W4296445679,transition,2022,Mathematics,8,17.5,0.0,3.7647032289185063,0.25,0.5127235213204951,0.125,0.3767701612564367,0.9084606617689132,0.25,pure_math
W4302363675,transition,2022,Mathematics,6,6.5,0.5,2.359249435647547,0.5,0.954183266932271,1.0,1.0114042647073516,0.9194424549738566,0.5,pure_math
W4304014024,transition,2022,Mathematics,19,6.0,0.2631578947368421,3.828641396489095,0.2105263157894736,0.7030345147092889,0.0,-0.0,0.8961578482075742,0.2105263157894736,pure_math
W4304607001,transition,2022,Mathematics,12,2.0,0.75,3.433466642230941,0.3333333333333333,0.7832436587240584,0.0,-0.0,0.9095057596762977,0.3333333333333333,pure_math
W4308577258,transition,2022,Mathematics,59,9.0,0.1864406779661017,3.784189633918261,0.1694915254237288,0.7272398190045248,0.6271186440677966,1.3135718120451687,0.8943124524617599,0.1694915254237288,pure_math
W4311194241,transition,2022,Mathematics,6,24.5,0.1666666666666666,3.426121284525939,0.3333333333333333,0.8515439429928741,0.1666666666666666,0.4505612088663046,0.9305597543716432,0.3333333333333333,pure_math
W4311598345,transition,2022,Mathematics,15,10.0,0.1333333333333333,3.1780538303479458,0.2666666666666666,0.6615598885793872,0.0666666666666666,0.2449300267946353,0.8900107701619466,0.2666666666666666,pure_math
W4311808688,transition,2022,Mathematics,7,8.0,0.1428571428571428,1.6094379124341005,0.7142857142857143,0.5551724137931034,0.0,-0.0,0.932869051183973,0.7142857142857143,pure_math
W4312191099,transition,2022,Mathematics,13,11.0,0.2307692307692307,3.4657359027997265,0.4615384615384615,0.4408352668213457,0.0,-0.0,0.8976347721540011,0.4615384615384615,pure_math
W4313201209,transition,2022,Mathematics,14,13.5,0.1428571428571428,4.085092826439821,0.1428571428571428,0.8719278033794163,0.7857142857142857,1.4327570529970877,0.8613821608679635,0.1428571428571428,pure_math
W4362572795,transition,2022,Mathematics,3,17.0,0.3333333333333333,5.484796933490655,0.3333333333333333,0.8043303929430633,0.0,-0.0,0.9265790184338888,0.3333333333333333,pure_math
W4381306229,transition,2022,Mathematics,14,33.5,0.0,4.050838873727286,0.0714285714285714,0.564975560424743,0.0714285714285714,0.2573186405438316,0.9062296024390628,0.0714285714285714,pure_math
