dataset,query_ai_group,metric,n_seed_papers,mean,median,std
broad_math,post_ai,median_cited_age,50,10.44,7.5,7.898359426656467
broad_math,post_ai,share_recent_refs_3yr,50,0.2466800665968791,0.2198067632850241,0.21875831573583543
broad_math,post_ai,median_log1p_cited_by_count,50,3.7964571739048916,3.8856100659119512,0.9350654364503589
broad_math,post_ai,share_low_citation_refs,50,0.3319165833261875,0.287593984962406,0.20822375989754657
broad_math,post_ai,top10pct_share_of_citation_mass,50,0.7013814502705091,0.7166135365209512,0.1777291368510352
broad_math,post_ai,share_cross_field_refs,50,0.48918027234876066,0.5317028985507246,0.3186411407428059
broad_math,post_ai,cited_field_entropy,50,0.8724714593824204,0.877531168110009,0.5011184465944158
broad_math,post_ai,mean_scincl,50,0.8769100638850861,0.8839540322752375,0.04150687067136728
broad_math,post_ai,share_relevant_low_citation_refs,50,0.3101612904116269,0.25062656641604003,0.21246668461042345
broad_math,pre_ai,median_cited_age,50,12.0,9.0,8.924284685220275
broad_math,pre_ai,share_recent_refs_3yr,50,0.19675512526713895,0.1547619047619047,0.2098362923524637
broad_math,pre_ai,median_log1p_cited_by_count,50,4.957108566797352,4.865149736530245,1.3588624482187528
broad_math,pre_ai,share_low_citation_refs,50,0.18676751814166004,0.1547619047619047,0.2138443516933417
broad_math,pre_ai,top10pct_share_of_citation_mass,50,0.672452551096626,0.6770752028185476,0.2122219531725589
broad_math,pre_ai,share_cross_field_refs,50,0.3245524117165994,0.25,0.33148139731711285
broad_math,pre_ai,cited_field_entropy,50,0.6013250091209558,0.5623351446188083,0.5417782735494863
broad_math,pre_ai,mean_scincl,50,0.8861467308347758,0.8915546516577403,0.04155573244588212
broad_math,pre_ai,share_relevant_low_citation_refs,50,0.17922711410125597,0.12698412698412695,0.2116212450997661
broad_math,transition,median_cited_age,49,13.204081632653061,12.0,14.514690247924595
broad_math,transition,share_recent_refs_3yr,49,0.26039761726060084,0.2,0.2675008444629584
broad_math,transition,median_log1p_cited_by_count,49,4.19591534217566,4.02535169073515,1.4336789822638698
broad_math,transition,share_low_citation_refs,49,0.2955082871636449,0.2777777777777778,0.2390715012125292
broad_math,transition,top10pct_share_of_citation_mass,49,0.699054079053724,0.7034888438133874,0.21667341411626628
broad_math,transition,share_cross_field_refs,49,0.33444386768715095,0.2972972972972973,0.2907532913661559
broad_math,transition,cited_field_entropy,49,0.6254913130291152,0.6365141682948128,0.49839282724323125
broad_math,transition,mean_scincl,49,0.8930633246896733,0.8960517421364784,0.037539937597868694
broad_math,transition,share_relevant_low_citation_refs,49,0.28643026431011187,0.25,0.2411959198311429
computer_science,post_ai,median_cited_age,50,6.38,5.0,5.968933176481885
computer_science,post_ai,share_recent_refs_3yr,50,0.3381811586675971,0.3038461538461539,0.23050336839665467
computer_science,post_ai,median_log1p_cited_by_count,50,3.9908931664471554,3.925044330595086,1.2395554420778099
computer_science,post_ai,share_low_citation_refs,50,0.3382442515954464,0.30625,0.20920131485093338
computer_science,post_ai,top10pct_share_of_citation_mass,50,0.6870336409208104,0.706687458451608,0.20080392734450292
computer_science,post_ai,share_cross_field_refs,50,0.34288320536329664,0.21363636363636362,0.33966973695272934
computer_science,post_ai,cited_field_entropy,50,0.5945227274012187,0.4860373517473332,0.5033550112023251
computer_science,post_ai,mean_scincl,50,0.8407450209819396,0.8449520224794036,0.046398624594483684
computer_science,post_ai,share_relevant_low_citation_refs,50,0.264448835450557,0.21538461538461534,0.20111781863411807
computer_science,pre_ai,median_cited_age,50,6.43,5.0,4.216113405127756
computer_science,pre_ai,share_recent_refs_3yr,50,0.3494170660793005,0.3333333333333333,0.23761371380662225
computer_science,pre_ai,median_log1p_cited_by_count,50,4.800566078059827,4.589299949179912,1.3837449872192553
computer_science,pre_ai,share_low_citation_refs,50,0.20398776372550378,0.1428571428571428,0.19900333663528916
computer_science,pre_ai,top10pct_share_of_citation_mass,50,0.6364994869185318,0.6615961416858144,0.17518410067273532
computer_science,pre_ai,share_cross_field_refs,50,0.2988070995071481,0.1769230769230769,0.31733940430691804
computer_science,pre_ai,cited_field_entropy,50,0.5487738797385966,0.5227711600801975,0.4725458131069062
computer_science,pre_ai,mean_scincl,50,0.8647167540706675,0.8657302751260645,0.04053309752303676
computer_science,pre_ai,share_relevant_low_citation_refs,50,0.17854411823963814,0.12132352941176469,0.18400498300155788
computer_science,transition,median_cited_age,50,5.36,5.0,3.2748889995210027
computer_science,transition,share_recent_refs_3yr,50,0.389400440284169,0.3693957115009746,0.24304752718125694
computer_science,transition,median_log1p_cited_by_count,50,4.320823390112834,4.303190942902976,1.4481056664888037
computer_science,transition,share_low_citation_refs,50,0.2870563692462858,0.1805555555555555,0.25142862421286166
computer_science,transition,top10pct_share_of_citation_mass,50,0.6417957352014035,0.593958294317899,0.2013685680575506
computer_science,transition,share_cross_field_refs,50,0.3518680874246381,0.3130081300813008,0.33771626848996933
computer_science,transition,cited_field_entropy,50,0.7099689842962745,0.6648306744273791,0.6194031529631732
computer_science,transition,mean_scincl,50,0.8475769341958594,0.8494264500296633,0.04388459913400416
computer_science,transition,share_relevant_low_citation_refs,50,0.22729327544898567,0.12912087912087905,0.24735879081650333
pure_math,post_ai,median_cited_age,49,12.66326530612245,10.5,6.974199293274672
pure_math,post_ai,share_recent_refs_3yr,49,0.1942582128092822,0.1666666666666666,0.18415384465889204
pure_math,post_ai,median_log1p_cited_by_count,49,3.5857003623996455,3.49466763298728,1.063263746629118
pure_math,post_ai,share_low_citation_refs,49,0.2906049858158015,0.25,0.21780534030587412
pure_math,post_ai,top10pct_share_of_citation_mass,49,0.6533059301915706,0.6271450858034321,0.20279889048510608
pure_math,post_ai,share_cross_field_refs,49,0.2835859681856188,0.1428571428571428,0.31047318628477116
pure_math,post_ai,cited_field_entropy,49,0.5259190480637141,0.4505612088663046,0.5131926875522878
pure_math,post_ai,mean_scincl,49,0.8900171500261674,0.8878725707530976,0.04100373440932504
pure_math,post_ai,share_relevant_low_citation_refs,49,0.2825614780315626,0.25,0.22014452517236907
pure_math,pre_ai,median_cited_age,50,14.05,11.5,11.120054507280885
pure_math,pre_ai,share_recent_refs_3yr,50,0.19418709313700824,0.1558704453441295,0.2170636280847347
pure_math,pre_ai,median_log1p_cited_by_count,50,3.909110626024952,4.24109074513275,1.0418684344247418
pure_math,pre_ai,share_low_citation_refs,50,0.22801344544133914,0.1428571428571428,0.24528934773293112
pure_math,pre_ai,top10pct_share_of_citation_mass,50,0.6078752240477253,0.5924528301886792,0.20141687154901802
pure_math,pre_ai,share_cross_field_refs,50,0.20359452475628945,0.0669642857142857,0.27144667372989323
pure_math,pre_ai,cited_field_entropy,50,0.36965753484829433,0.24555514962514544,0.43461274068514166
pure_math,pre_ai,mean_scincl,50,0.9006904023175928,0.9033575449671064,0.032582518128925334
pure_math,pre_ai,share_relevant_low_citation_refs,50,0.22801344544133914,0.1428571428571428,0.24528934773293112
pure_math,transition,median_cited_age,50,13.94,11.0,9.249180879341452
pure_math,transition,share_recent_refs_3yr,50,0.24053623658445333,0.22649572649572647,0.19169884229225054
pure_math,transition,median_log1p_cited_by_count,50,3.4631486558026348,3.4802017678935036,0.9087836219221965
pure_math,transition,share_low_citation_refs,50,0.33121505854800887,0.3333333333333333,0.19007297760048583
pure_math,transition,top10pct_share_of_citation_mass,50,0.654386832013667,0.6613522334463201,0.18994166631793966
pure_math,transition,share_cross_field_refs,50,0.16811082369638675,0.0,0.2592886915405438
pure_math,transition,cited_field_entropy,50,0.34436370603233535,0.0,0.47375191897818913
pure_math,transition,mean_scincl,50,0.897346044424828,0.8986630253493786,0.023024647537286152
pure_math,transition,share_relevant_low_citation_refs,50,0.32733537644260857,0.3333333333333333,0.18926562023794669
