field_label,source_dataset,metric,group_a,group_b,n_a,n_b,mean_a,mean_b,mean_diff_a_minus_b,median_a,median_b,median_diff_a_minus_b,welch_t_stat,welch_p_value,mannwhitney_u_stat,mannwhitney_p_value,welch_q_value_bh,mannwhitney_q_value_bh
Pure Math,openalex_pure_math_1000,median_cited_age,post_ai,pre_ai,995,994,12.80854271356784,12.588028169014084,0.2205145445537546,10.5,10.5,0.0,0.5439388454823084,0.5865445941057901,501703.0,0.5744511272325143,0.8722373346489153,0.8616766908487715
Pure Math,openalex_pure_math_1000,share_recent_refs_3yr,post_ai,pre_ai,995,994,0.209909011726763,0.2070784030707125,0.0028306086560505,0.1666666666666666,0.1666666666666666,0.0,0.3044174645856941,0.7608417449201247,498407.5,0.758661313187323,0.8722373346489153,0.937100276018166
Pure Math,openalex_pure_math_1000,median_log1p_cited_by_count,post_ai,pre_ai,995,994,3.18764395967253,3.264677174082644,-0.0770332144101142,3.1780538303479458,3.205498287419016,-0.0274444570710703,-1.5884686860089874,0.1123395674505486,476288.0,0.1546690608777511,0.3370187023516458,0.5760289911283235
Pure Math,openalex_pure_math_1000,share_low_citation_refs,post_ai,pre_ai,995,994,0.295104855850327,0.2741238670719875,0.0209809887783394,0.25,0.25,0.0,2.1789696520291653,0.0294521269307998,513312.5,0.1415292203956644,0.2650691423771989,0.5760289911283235
Pure Math,openalex_pure_math_1000,top10pct_share_of_citation_mass,post_ai,pre_ai,994,993,0.6521178880997517,0.6442172149374427,0.007900673162309,0.6537254766122838,0.6336633663366337,0.02006211027565,0.8897066714775861,0.3737313622930142,505927.5,0.3319629283963008,0.713287828817722,0.6135166408912466
Pure Math,openalex_pure_math_1000,share_cross_field_refs,post_ai,pre_ai,995,994,0.2170927954638316,0.2068258160947758,0.0102669793690557,0.1052631578947368,0.1111111111111111,-0.0058479532163742,0.8484842977527121,0.3962710160098456,494140.5,0.9760102561463928,0.713287828817722,0.9760102561463928
Pure Math,openalex_pure_math_1000,cited_field_entropy,post_ai,pre_ai,995,994,0.3993003032914152,0.393883113275741,0.0054171900156742,0.3250829733914482,0.3488320958430319,-0.0237491224515837,0.2854593417793079,0.7753220752434803,491896.0,0.8329780231272588,0.8722373346489153,0.937100276018166
Pure Math,openalex_pure_math_1000,mean_score,post_ai,pre_ai,995,994,0.8978048428877855,0.8978710261127689,-6.618322498341822e-05,0.9022931655248008,0.9001316994428634,0.0021614660819372,-0.0506560075271151,0.9596047740800728,506714.0,0.3408425782729147,0.9596047740800728,0.6135166408912466
Pure Math,openalex_pure_math_1000,share_relevant_low_citation_refs,post_ai,pre_ai,995,994,0.2869172609478314,0.2690270688847618,0.0178901920630695,0.25,0.25,0.0,1.8754599907840757,0.0608769853869968,511194.0,0.1920096637094411,0.2739464342414856,0.5760289911283235
