dataset,source_dataset,metric,group_a,group_b,n_a,n_b,mean_a,mean_b,mean_diff_a_minus_b,median_a,median_b,median_diff_a_minus_b,welch_t_stat,welch_p_value,mannwhitney_u_stat,mannwhitney_p_value,welch_q_value_bh,mannwhitney_q_value_bh,post_minus_pre,welch_p,mannwhitney_p
CS,openalex_cs_1000,median_cited_age,post_ai,pre_ai,999,995,6.328328328328328,7.118090452261306,-0.7897621239329782,5.0,6.0,-1.0,-3.460166582607137,0.0005512379746676,440241.0,9.47509072940453e-06,0.0016537139240029,8.527581656464076e-05,-0.7897621239329782,0.0005512379746676,9.47509072940453e-06
CS,openalex_cs_1000,share_recent_refs_3yr,post_ai,pre_ai,999,995,0.3694465532541433,0.3293945252323296,0.0400520280218136,0.3333333333333333,0.2916666666666667,0.0416666666666666,3.679033637607666,0.0002403345048651,548367.5,6.406502465231754e-05,0.0010815052718932,0.0002494434252541,0.0400520280218136,0.0002403345048651,6.406502465231754e-05
CS,openalex_cs_1000,median_log1p_cited_by_count,post_ai,pre_ai,999,995,3.930064975698933,3.8592033559809455,0.0708616197179869,3.9318256327243257,3.881085303569102,0.0507403291552237,1.2447938258354034,0.2133541647542126,510594.5,0.2903778640493878,0.2656255010943997,0.3266750970555613,0.0708616197179869,0.2133541647542126,0.2903778640493878
CS,openalex_cs_1000,share_low_citation_refs,post_ai,pre_ai,999,995,0.2766213776024162,0.2969739818361747,-0.0203526042337585,0.2272727272727272,0.25,-0.0227272727272727,-2.120149755949365,0.034117020193693,469041.5,0.0295924553077427,0.0614106363486475,0.0532664195539369,-0.0203526042337585,0.034117020193693,0.0295924553077427
CS,openalex_cs_1000,top10pct_share_of_citation_mass,post_ai,pre_ai,998,993,0.7055878613984233,0.6953814882202609,0.0102063731781624,0.736600498741023,0.7172413793103448,0.0193591194306781,1.185120683989247,0.2361115565283553,514164.0,0.1457868211974979,0.2656255010943997,0.1874401986824973,0.0102063731781624,0.2361115565283553,0.1457868211974979
CS,openalex_cs_1000,share_cross_field_refs,post_ai,pre_ai,999,995,0.4275902208913054,0.3709825211699996,0.0566076997213058,0.3947368421052631,0.3,0.0947368421052631,4.005066698936839,6.427741565548533e-05,547551.0,8.314780841805401e-05,0.0005784967408993,0.0002494434252541,0.0566076997213058,6.427741565548533e-05,8.314780841805401e-05
CS,openalex_cs_1000,cited_field_entropy,post_ai,pre_ai,999,995,0.7713048698751217,0.717530728278634,0.0537741415964877,0.7214636866925115,0.6837389058487535,0.0377247808437579,2.447618308311041,0.0144661986422911,528140.5,0.0153415371254688,0.0325489469451551,0.0345184585323049,0.0537741415964877,0.0144661986422911,0.0153415371254688
CS,openalex_cs_1000,mean_scincl,post_ai,pre_ai,999,995,0.8482612699915749,0.8490423444271615,-0.0007810744355866,0.849959009885788,0.8507033914327622,-0.0007443815469742,-0.4021019011616261,0.6876521941944783,492932.0,0.751542495727402,0.6876521941944783,0.751542495727402,-0.0007810744355866,0.6876521941944783,0.751542495727402
CS,openalex_cs_1000,share_relevant_low_citation_refs,post_ai,pre_ai,999,995,0.2217484404654147,0.237500656942755,-0.0157522164773403,0.1764705882352941,0.1904761904761904,-0.0140056022408963,-1.858901711939393,0.0631888027130212,472659.0,0.0581252364945468,0.0947832040695317,0.0871878547418203,-0.0157522164773403,0.0631888027130212,0.0581252364945468
