query_ai_group,candidate_venue,n,share
post_ai,unknown,226,0.21042830540037244
post_ai,arXiv (Cornell University),50,0.04655493482309125
post_ai,IEEE Access,38,0.035381750465549346
post_ai,Journal of High Energy Physics,11,0.010242085661080074
post_ai,Science,10,0.00931098696461825
post_ai,IEEE Transactions on Automatic Control,9,0.008379888268156424
post_ai,IEEE Transactions on Neural Networks and Learning Systems,9,0.008379888268156424
post_ai,Mathematics of Computation,9,0.008379888268156424
post_ai,Nature Communications,9,0.008379888268156424
post_ai,ACM Transactions on Mathematical Software,7,0.006517690875232775
post_ai,IEEE Internet of Things Journal,7,0.006517690875232775
post_ai,IEEE Transactions on Cybernetics,7,0.006517690875232775
post_ai,IEEE Transactions on Systems Man and Cybernetics Systems,7,0.006517690875232775
post_ai,International Journal of Systems Science,7,0.006517690875232775
post_ai,Sensors,7,0.006517690875232775
post_ai,ACM Computing Surveys,6,0.00558659217877095
post_ai,Communications of the ACM,6,0.00558659217877095
post_ai,IEEE Transactions on Pattern Analysis and Machine Intelligence,6,0.00558659217877095
post_ai,Learning Media and Technology,6,0.00558659217877095
post_ai,Neural Computation,6,0.00558659217877095
post_ai,Scientific Reports,6,0.00558659217877095
post_ai,Sustainability,6,0.00558659217877095
post_ai,Applied Sciences,5,0.004655493482309125
post_ai,British Journal of Sports Medicine,5,0.004655493482309125
post_ai,IEEE Transactions on Instrumentation and Measurement,5,0.004655493482309125
post_ai,IEEE Transactions on Network Science and Engineering,5,0.004655493482309125
post_ai,Supply Chain Management An International Journal,5,0.004655493482309125
post_ai,IEEE Communications Surveys & Tutorials,4,0.0037243947858473
post_ai,IEEE Transactions on Engineering Management,4,0.0037243947858473
post_ai,IEEE Transactions on Fuzzy Systems,4,0.0037243947858473
post_ai,Journal of the ACM,4,0.0037243947858473
post_ai,Optica,4,0.0037243947858473
post_ai,Proceedings of the National Academy of Sciences,4,0.0037243947858473
post_ai,Systems Science & Control Engineering,4,0.0037243947858473
post_ai,The International Journal of Robotics Research,4,0.0037243947858473
post_ai,2022 IEEE/CVF Conference on Computer Vision and Pattern Recognition (CVPR),3,0.002793296089385475
post_ai,ACM SIGPLAN Notices,3,0.002793296089385475
post_ai,ACM Transactions on Reconfigurable Technology and Systems,3,0.002793296089385475
post_ai,Annals of Surgery,3,0.002793296089385475
post_ai,Applied Optics,3,0.002793296089385475
post_ai,Benchmarking An International Journal,3,0.002793296089385475
post_ai,Computers & Security,3,0.002793296089385475
post_ai,DROPS (Schloss Dagstuhl – Leibniz Center for Informatics),3,0.002793296089385475
post_ai,Electronics,3,0.002793296089385475
post_ai,IEEE Intelligent Systems,3,0.002793296089385475
post_ai,IEEE Transactions on Information Theory,3,0.002793296089385475
post_ai,IEEE Transactions on Smart Grid,3,0.002793296089385475
post_ai,IEEE Transactions on Software Engineering,3,0.002793296089385475
post_ai,IEEE Transactions on Wireless Communications,3,0.002793296089385475
post_ai,International Journal of Educational Technology in Higher Education,3,0.002793296089385475
post_ai,International Journal of Network Dynamics and Intelligence,3,0.002793296089385475
post_ai,International Journal of Production Research,3,0.002793296089385475
post_ai,Journal of Functional Programming,3,0.002793296089385475
post_ai,Journal of Lightwave Technology,3,0.002793296089385475
post_ai,Journal of the American Medical Informatics Association,3,0.002793296089385475
post_ai,Neural Networks,3,0.002793296089385475
post_ai,Optics Express,3,0.002793296089385475
post_ai,PLoS ONE,3,0.002793296089385475
post_ai,Proceedings of the ACM on Programming Languages,3,0.002793296089385475
post_ai,Proceedings of the IEEE,3,0.002793296089385475
post_ai,PubMed,3,0.002793296089385475
post_ai,SIAM Journal on Computing,3,0.002793296089385475
post_ai,Software Testing Verification and Reliability,3,0.002793296089385475
post_ai,The International Review of Research in Open and Distributed Learning,3,0.002793296089385475
post_ai,2009 IEEE Conference on Computer Vision and Pattern Recognition,2,0.00186219739292365
post_ai,2021 IEEE Global Communications Conference (GLOBECOM),2,0.00186219739292365
post_ai,2021 IEEE/CVF International Conference on Computer Vision (ICCV),2,0.00186219739292365
post_ai,ACM Transactions on Software Engineering and Methodology,2,0.00186219739292365
post_ai,Annals of Operations Research,2,0.00186219739292365
post_ai,Applied Physics Letters,2,0.00186219739292365
post_ai,Australasian Journal of Educational Technology,2,0.00186219739292365
post_ai,Biomolecules,2,0.00186219739292365
post_ai,Birkhäuser Boston eBooks,2,0.00186219739292365
post_ai,British Journal of Educational Technology,2,0.00186219739292365
post_ai,Business Process Management Journal,2,0.00186219739292365
post_ai,Cambridge University Press eBooks,2,0.00186219739292365
post_ai,China Communications,2,0.00186219739292365
post_ai,Computational Intelligence and Neuroscience,2,0.00186219739292365
post_ai,Electromagnetic waves,2,0.00186219739292365
post_ai,Energy Reports,2,0.00186219739292365
post_ai,Engineering Applications of Artificial Intelligence,2,0.00186219739292365
post_ai,European Business Review,2,0.00186219739292365
post_ai,Human Behavior and Emerging Technologies,2,0.00186219739292365
post_ai,IEEE Journal of Selected Topics in Quantum Electronics,2,0.00186219739292365
post_ai,IEEE Transactions on Circuits & Systems II Express Briefs,2,0.00186219739292365
post_ai,IEEE Transactions on Circuits and Systems I Regular Papers,2,0.00186219739292365
post_ai,IEEE Transactions on Circuits and Systems for Video Technology,2,0.00186219739292365
post_ai,IEEE Transactions on Geoscience and Remote Sensing,2,0.00186219739292365
post_ai,IEEE Transactions on Neural Networks,2,0.00186219739292365
post_ai,IEEE Transactions on Signal Processing,2,0.00186219739292365
post_ai,IEEE Transactions on Systems Man and Cybernetics,2,0.00186219739292365
post_ai,IEEE Transactions on Vehicular Technology,2,0.00186219739292365
post_ai,IOP Conference Series Materials Science and Engineering,2,0.00186219739292365
post_ai,International Journal of Molecular Sciences,2,0.00186219739292365
post_ai,International Journal of Operations & Production Management,2,0.00186219739292365
post_ai,JAMA Internal Medicine,2,0.00186219739292365
post_ai,Journal of Basic Engineering,2,0.00186219739292365
post_ai,Journal of Biomolecular Structure and Dynamics,2,0.00186219739292365
post_ai,Journal of Electromagnetic Waves and Applications,2,0.00186219739292365
post_ai,Journal of Operations Management,2,0.00186219739292365
post_ai,Journal of Research in Reading,2,0.00186219739292365
post_ai,Journal of Signal Processing Systems,2,0.00186219739292365
post_ai,Journal of the American Statistical Association,2,0.00186219739292365
post_ai,Mobile Networks and Applications,2,0.00186219739292365
post_ai,Molecules,2,0.00186219739292365
post_ai,Nature,2,0.00186219739292365
post_ai,Network Security,2,0.00186219739292365
post_ai,Pharmacognosy Journal,2,0.00186219739292365
post_ai,Philosophical Transactions of the Royal Society B Biological Sciences,2,0.00186219739292365
post_ai,Physical review. D/Physical review. D.,2,0.00186219739292365
post_ai,Postdigital Science and Education,2,0.00186219739292365
post_ai,Procedia Computer Science,2,0.00186219739292365
post_ai,"Proceedings of SPIE, the International Society for Optical Engineering/Proceedings of SPIE",2,0.00186219739292365
post_ai,Production Planning & Control,2,0.00186219739292365
post_ai,Quantum Information and Computation,2,0.00186219739292365
post_ai,Quarterly Journal of the Royal Meteorological Society,2,0.00186219739292365
post_ai,Remedial and Special Education,2,0.00186219739292365
post_ai,Remote Sensing,2,0.00186219739292365
post_ai,Renewable and Sustainable Energy Reviews,2,0.00186219739292365
post_ai,SIAM Journal on Numerical Analysis,2,0.00186219739292365
post_ai,SIAM Review,2,0.00186219739292365
post_ai,SciPost Physics,2,0.00186219739292365
post_ai,Scientific Data,2,0.00186219739292365
post_ai,The American Naturalist,2,0.00186219739292365
post_ai,The Lancet Digital Health,2,0.00186219739292365
post_ai,eLife,2,0.00186219739292365
post_ai,2019 International Conference on Smart Energy Systems and Technologies (SEST),1,0.000931098696461825
post_ai,2020 IEEE International Conference for Innovation in Technology (INOCON),1,0.000931098696461825
post_ai,"2020 IEEE International Conference on Computing, Power and Communication Technologies (GUCON)",1,0.000931098696461825
post_ai,2020 International Conference on Electronics and Sustainable Communication Systems (ICESC),1,0.000931098696461825
post_ai,"2021 IEEE International Conference on Systems, Man, and Cybernetics (SMC)",1,0.000931098696461825
post_ai,2021 IEEE/RSJ International Conference on Intelligent Robots and Systems (IROS),1,0.000931098696461825
post_ai,2021 International Conference on Computational Science and Computational Intelligence (CSCI),1,0.000931098696461825
post_ai,2021 Third International Conference on Inventive Research in Computing Applications (ICIRCA),1,0.000931098696461825
post_ai,2022 2nd International Conference on Advance Computing and Innovative Technologies in Engineering (ICACITE),1,0.000931098696461825
post_ai,2022 6th International Conference on Computing Methodologies and Communication (ICCMC),1,0.000931098696461825
post_ai,2022 9th International Conference on Computing for Sustainable Global Development (INDIACom),1,0.000931098696461825
post_ai,2022 Conference of Russian Young Researchers in Electrical and Electronic Engineering (ElConRus),1,0.000931098696461825
post_ai,2022 IEEE 61st Conference on Decision and Control (CDC),1,0.000931098696461825
post_ai,2022 IEEE 96th Vehicular Technology Conference (VTC2022-Fall),1,0.000931098696461825
post_ai,2022 IEEE International Conference on Consumer Electronics (ICCE),1,0.000931098696461825
post_ai,2022 IEEE International Conference on Fuzzy Systems (FUZZ-IEEE),1,0.000931098696461825
post_ai,2022 IEEE International Conference on Pervasive Computing and Communications Workshops and other Affiliated Events (PerCom Workshops),1,0.000931098696461825
post_ai,2022 IEEE/RSJ International Conference on Intelligent Robots and Systems (IROS),1,0.000931098696461825
post_ai,2022 International Conference on Robotics and Automation (ICRA),1,0.000931098696461825
post_ai,ACM Transactions on Computational Logic,1,0.000931098696461825
post_ai,ACM Transactions on Computer Systems,1,0.000931098696461825
post_ai,ACM Transactions on Graphics,1,0.000931098696461825
post_ai,ACM Transactions on Knowledge Discovery from Data,1,0.000931098696461825
post_ai,ACM Transactions on Programming Languages and Systems,1,0.000931098696461825
post_ai,ACTA AUTOMATICA SINICA,1,0.000931098696461825
post_ai,AI Magazine,1,0.000931098696461825
post_ai,AIAA Journal,1,0.000931098696461825
post_ai,AIDS Research and Therapy,1,0.000931098696461825
post_ai,APL Machine Learning,1,0.000931098696461825
post_ai,Acta Académica (Acta Académica),1,0.000931098696461825
post_ai,American Mathematical Monthly,1,0.000931098696461825
post_ai,American Psychologist,1,0.000931098696461825
post_ai,Annals of Internal Medicine,1,0.000931098696461825
post_ai,Annals of Mathematics,1,0.000931098696461825
post_ai,Annals of Medicine and Surgery,1,0.000931098696461825
post_ai,Annual Review of Fluid Mechanics,1,0.000931098696461825
post_ai,Apollo (University of Cambridge),1,0.000931098696461825
post_ai,Applied Clinical Informatics,1,0.000931098696461825
post_ai,Applied Energy,1,0.000931098696461825
post_ai,Applied and Computational Engineering,1,0.000931098696461825
post_ai,Archives for Technical Sciences,1,0.000931098696461825
post_ai,Artificial Intelligence in Agriculture,1,0.000931098696461825
post_ai,Athabasca University Press eBooks,1,0.000931098696461825
post_ai,Bangladesh Journal of Multidisciplinary Scientific Research,1,0.000931098696461825
post_ai,Behavioral Ecology,1,0.000931098696461825
post_ai,BioMed Research International,1,0.000931098696461825
post_ai,Bioinformatics and Biology Insights,1,0.000931098696461825
post_ai,Biology Letters,1,0.000931098696461825
post_ai,Biometrics,1,0.000931098696461825
post_ai,Biometrika,1,0.000931098696461825
post_ai,Brain Injury,1,0.000931098696461825
post_ai,Business Inform,1,0.000931098696461825
post_ai,Business Information Review,1,0.000931098696461825
post_ai,CERN Document Server (European Organization for Nuclear Research),1,0.000931098696461825
post_ai,Cambridge Explorations in Arts and Sciences,1,0.000931098696461825
post_ai,Chalmers Research (Chalmers University of Technology),1,0.000931098696461825
post_ai,Change The Magazine of Higher Learning,1,0.000931098696461825
post_ai,City Research Online (City University London),1,0.000931098696461825
post_ai,ComTech Computer Mathematics and Engineering Applications,1,0.000931098696461825
post_ai,Communications Physics,1,0.000931098696461825
post_ai,Comprehensive Reviews in Food Science and Food Safety,1,0.000931098696461825
post_ai,Computer Methods in Applied Mechanics and Engineering,1,0.000931098696461825
post_ai,Computers & Education,1,0.000931098696461825
post_ai,Computers and Education Artificial Intelligence,1,0.000931098696461825
post_ai,Computers in the Schools,1,0.000931098696461825
post_ai,Concurrency and Computation Practice and Experience,1,0.000931098696461825
post_ai,Current Directions in Psychological Science,1,0.000931098696461825
post_ai,DSpace@MIT (Massachusetts Institute of Technology),1,0.000931098696461825
post_ai,Dagstuhl Research Online Publication Server,1,0.000931098696461825
post_ai,Data Archiving and Networked Services (DANS),1,0.000931098696461825
post_ai,Data Mining and Knowledge Discovery,1,0.000931098696461825
post_ai,Data in Brief,1,0.000931098696461825
post_ai,Datokarama English Education Journal,1,0.000931098696461825
post_ai,Didaktik Jurnal Ilmiah PGSD STKIP Subang,1,0.000931098696461825
post_ai,Digital Communications and Networks,1,0.000931098696461825
post_ai,Digital Health,1,0.000931098696461825
post_ai,Digital Threats Research and Practice,1,0.000931098696461825
post_ai,Diophantine Journal of Mathematics and Its Applications,1,0.000931098696461825
post_ai,Distance Education,1,0.000931098696461825
post_ai,E3S Web of Conferences,1,0.000931098696461825
post_ai,EBioMedicine,1,0.000931098696461825
post_ai,Electric Power Components and Systems,1,0.000931098696461825
post_ai,Electronic Proceedings in Theoretical Computer Science,1,0.000931098696461825
post_ai,Entropy,1,0.000931098696461825
post_ai,European Journal of Educational Research,1,0.000931098696461825
post_ai,Exploration Geophysics,1,0.000931098696461825
post_ai,FIIB Business Review,1,0.000931098696461825
post_ai,FUDMA JOURNAL OF SCIENCES - ISSN: 2616-1370,1,0.000931098696461825
post_ai,Frontiers in Computational Neuroscience,1,0.000931098696461825
post_ai,Frontiers in Digital Health,1,0.000931098696461825
post_ai,Frontiers in Energy Research,1,0.000931098696461825
post_ai,Frontiers in Physiology,1,0.000931098696461825
post_ai,Frontiers in Robotics and AI,1,0.000931098696461825
post_ai,Frontiers of Optoelectronics,1,0.000931098696461825
post_ai,Fundamenta Informaticae,1,0.000931098696461825
post_ai,Fundamental Journal of Mathematics and Applications,1,0.000931098696461825
post_ai,Geophysics,1,0.000931098696461825
post_ai,GetMobile Mobile Computing and Communications,1,0.000931098696461825
post_ai,HAL (Le Centre pour la Communication Scientifique Directe),1,0.000931098696461825
post_ai,HIV & AIDS Review,1,0.000931098696461825
post_ai,Healthcare in Low-resource Settings,1,0.000931098696461825
post_ai,Heart,1,0.000931098696461825
post_ai,Heliyon,1,0.000931098696461825
post_ai,Human-centric Computing and Information Sciences,1,0.000931098696461825
post_ai,IACR Cryptology ePrint Archive,1,0.000931098696461825
post_ai,IEEE Cloud Computing,1,0.000931098696461825
post_ai,IEEE Communications Magazine,1,0.000931098696461825
post_ai,IEEE Control Systems Magazine,1,0.000931098696461825
post_ai,IEEE Geoscience and Remote Sensing Letters,1,0.000931098696461825
post_ai,IEEE Journal of Microwaves,1,0.000931098696461825
post_ai,IEEE Journal of Oceanic Engineering,1,0.000931098696461825
post_ai,IEEE Journal of Quantum Electronics,1,0.000931098696461825
post_ai,IEEE Journal of Selected Topics in Applied Earth Observations and Remote Sensing,1,0.000931098696461825
post_ai,IEEE Journal of Solid-State Circuits,1,0.000931098696461825
post_ai,IEEE Journal of Translational Engineering in Health and Medicine,1,0.000931098696461825
post_ai,IEEE Journal on Selected Areas in Communications,1,0.000931098696461825
post_ai,IEEE Network,1,0.000931098696461825
post_ai,IEEE Reviews in Biomedical Engineering,1,0.000931098696461825
post_ai,IEEE Robotics and Automation Letters,1,0.000931098696461825
post_ai,IEEE Sensors Journal,1,0.000931098696461825
post_ai,IEEE Signal Processing Magazine,1,0.000931098696461825
post_ai,IEEE Software,1,0.000931098696461825
post_ai,IEEE Systems Journal,1,0.000931098696461825
post_ai,IEEE Transactions on Automation Science and Engineering,1,0.000931098696461825
post_ai,IEEE Transactions on Cognitive Communications and Networking,1,0.000931098696461825
post_ai,IEEE Transactions on Communications,1,0.000931098696461825
post_ai,IEEE Transactions on Computer-Aided Design of Integrated Circuits and Systems,1,0.000931098696461825
post_ai,IEEE Transactions on Computers,1,0.000931098696461825
post_ai,IEEE Transactions on Consumer Electronics,1,0.000931098696461825
post_ai,IEEE Transactions on Industrial Informatics,1,0.000931098696461825
post_ai,IEEE Transactions on Information Forensics and Security,1,0.000931098696461825
post_ai,IEEE Transactions on Intelligent Transportation Systems,1,0.000931098696461825
post_ai,IEEE Transactions on Mobile Computing,1,0.000931098696461825
post_ai,IEEE Transactions on Multimedia,1,0.000931098696461825
post_ai,IEEE Transactions on Network and Service Management,1,0.000931098696461825
post_ai,IEEE Transactions on Neural Systems and Rehabilitation Engineering,1,0.000931098696461825
post_ai,IEEE Transactions on Services Computing,1,0.000931098696461825
post_ai,IEEE Transactions on Signal and Information Processing over Networks,1,0.000931098696461825
post_ai,IEEE Transactions on Sustainable Energy,1,0.000931098696461825
post_ai,IEEE Transactions on Very Large Scale Integration (VLSI) Systems,1,0.000931098696461825
post_ai,IEEE Vehicular Technology Magazine,1,0.000931098696461825
post_ai,IEEE Wireless Communications Letters,1,0.000931098696461825
post_ai,IEEE/ACM Transactions on Networking,1,0.000931098696461825
post_ai,IEEE/ASME Transactions on Mechatronics,1,0.000931098696461825
post_ai,IEEE/CAA Journal of Automatica Sinica,1,0.000931098696461825
post_ai,IET Signal Processing,1,0.000931098696461825
post_ai,IMA Journal of Numerical Analysis,1,0.000931098696461825
post_ai,INDONESIAN JOURNAL OF MEDICAL LABORATORY SCIENCE AND TECHNOLOGY,1,0.000931098696461825
post_ai,IT Professional,1,0.000931098696461825
post_ai,Indian Journal of Information Sources and Services,1,0.000931098696461825
post_ai,Industrial Management & Data Systems,1,0.000931098696461825
post_ai,Information,1,0.000931098696461825
post_ai,Information & Management,1,0.000931098696461825
post_ai,Information Communication & Society,1,0.000931098696461825
post_ai,Information Discovery and Delivery,1,0.000931098696461825
post_ai,Information Processing in Agriculture,1,0.000931098696461825
post_ai,Information and Software Technology,1,0.000931098696461825
post_ai,Intelligent Data Analysis,1,0.000931098696461825
post_ai,Intelligent and Converged Networks,1,0.000931098696461825
post_ai,International Conference on Machine Learning,1,0.000931098696461825
post_ai,International Journal Corner of Educational Research,1,0.000931098696461825
post_ai,International Journal for Numerical Methods in Engineering,1,0.000931098696461825
post_ai,International Journal for Research in Applied Science and Engineering Technology,1,0.000931098696461825
post_ai,International Journal of Advanced Computer Science and Applications,1,0.000931098696461825
post_ai,International Journal of Aerospace Engineering,1,0.000931098696461825
post_ai,International Journal of Bifurcation and Chaos,1,0.000931098696461825
post_ai,International Journal of Computer Applications,1,0.000931098696461825
post_ai,International Journal of Digital Earth,1,0.000931098696461825
post_ai,International Journal of Distributed Sensor Networks,1,0.000931098696461825
post_ai,International Journal of E-Services and Mobile Applications,1,0.000931098696461825
post_ai,International Journal of Electrical and Computer Engineering (IJECE),1,0.000931098696461825
post_ai,International Journal of Emerging Technologies in Learning (iJET),1,0.000931098696461825
post_ai,International Journal of Human-Computer Interaction,1,0.000931098696461825
post_ai,International Journal of Internet Protocol Technology,1,0.000931098696461825
post_ai,International Journal of Network Security & Its Applications,1,0.000931098696461825
post_ai,International Journal of Physical Distribution & Logistics Management,1,0.000931098696461825
post_ai,International Journal of Productivity and Performance Management,1,0.000931098696461825
post_ai,International Journal of Psychology,1,0.000931098696461825
post_ai,International Journal of Remote Sensing,1,0.000931098696461825
post_ai,International Journal of Renewable Energy Research,1,0.000931098696461825
post_ai,International Journal of Research in Advent Technology,1,0.000931098696461825
post_ai,International Journal of Smart Home,1,0.000931098696461825
post_ai,International Journal of Surgery,1,0.000931098696461825
post_ai,International Journal on Natural Language Computing,1,0.000931098696461825
post_ai,International Transactions in Operational Research,1,0.000931098696461825
post_ai,JAMA,1,0.000931098696461825
post_ai,JAMA Dermatology,1,0.000931098696461825
post_ai,JAMA Network Open,1,0.000931098696461825
post_ai,JBJS Reviews,1,0.000931098696461825
post_ai,JRSM Open,1,0.000931098696461825
post_ai,JURNAL AKUNTANSI DAN BISNIS Jurnal Program Studi Akuntansi,1,0.000931098696461825
post_ai,JURNAL MEDIA INFORMATIKA BUDIDARMA,1,0.000931098696461825
post_ai,JURNAL PASIFIK PENDIDIKAN,1,0.000931098696461825
post_ai,JUTSI (Jurnal Teknologi dan Sistem Informasi),1,0.000931098696461825
post_ai,Journal Of Advanced Zoology,1,0.000931098696461825
post_ai,Journal of Artificial General Intelligence,1,0.000931098696461825
post_ai,Journal of Computational Neuroscience,1,0.000931098696461825
post_ai,Journal of Computational Physics,1,0.000931098696461825
post_ai,Journal of Computational and Theoretical Nanoscience,1,0.000931098696461825
post_ai,Journal of Consumer Psychology,1,0.000931098696461825
post_ai,Journal of Economic Impact,1,0.000931098696461825
post_ai,Journal of Educational Psychology,1,0.000931098696461825
post_ai,Journal of Electronic Imaging,1,0.000931098696461825
post_ai,Journal of English Education Studies,1,0.000931098696461825
post_ai,Journal of Enterprise Information Management,1,0.000931098696461825
post_ai,Journal of Experimental Biology,1,0.000931098696461825
post_ai,Journal of Global Information Management,1,0.000931098696461825
post_ai,Journal of Global Research in Computer Sciences,1,0.000931098696461825
post_ai,Journal of Higher Education Policy and Management,1,0.000931098696461825
post_ai,Journal of Humanitarian Logistics and Supply Chain Management,1,0.000931098696461825
post_ai,Journal of Information Technology Education Research,1,0.000931098696461825
post_ai,Journal of Instrumentation,1,0.000931098696461825
post_ai,Journal of Intelligent & Fuzzy Systems,1,0.000931098696461825
post_ai,Journal of Machine and Computing,1,0.000931098696461825
post_ai,Journal of Manufacturing Technology Management,1,0.000931098696461825
post_ai,Journal of Marketing Research,1,0.000931098696461825
post_ai,Journal of Mathematical Cryptology,1,0.000931098696461825
post_ai,Journal of Medical Education and Curricular Development,1,0.000931098696461825
post_ai,Journal of Network and Computer Applications,1,0.000931098696461825
post_ai,Journal of NeuroEngineering and Rehabilitation,1,0.000931098696461825
post_ai,Journal of Optical Communications and Networking,1,0.000931098696461825
post_ai,Journal of Orthopaedic and Sports Physical Therapy,1,0.000931098696461825
post_ai,Journal of Physics Conference Series,1,0.000931098696461825
post_ai,Journal of Physics Photonics,1,0.000931098696461825
post_ai,Journal of Pure and Applied Microbiology,1,0.000931098696461825
post_ai,Journal of Scientific Computing,1,0.000931098696461825
post_ai,Journal of Sensors,1,0.000931098696461825
post_ai,Journal of Sports Sciences,1,0.000931098696461825
post_ai,Journal of The Royal Society Interface,1,0.000931098696461825
post_ai,Journal of Virology,1,0.000931098696461825
post_ai,Journal of the Academy of Marketing Science,1,0.000931098696461825
post_ai,Journal of the American College of Surgeons,1,0.000931098696461825
post_ai,Journal of the Association for Consumer Research,1,0.000931098696461825
post_ai,Journal of the Royal Statistical Society Series C (Applied Statistics),1,0.000931098696461825
post_ai,Jurnal Informatika Teknologi dan Sains (Jinteks),1,0.000931098696461825
post_ai,Jurnal NERS,1,0.000931098696461825
post_ai,Jurnal Pendidikan Bahasa Inggris Proficiency,1,0.000931098696461825
post_ai,KIU journal of science engineering and technology,1,0.000931098696461825
post_ai,Light Science & Applications,1,0.000931098696461825
post_ai,Linear and Multilinear Algebra,1,0.000931098696461825
post_ai,Lingua,1,0.000931098696461825
post_ai,Logical Methods in Computer Science,1,0.000931098696461825
post_ai,MINISTERIO DE EDUCACIÓN,1,0.000931098696461825
post_ai,Makara Journal of Science,1,0.000931098696461825
post_ai,Management Decision,1,0.000931098696461825
post_ai,Management Research Review,1,0.000931098696461825
post_ai,Management Science,1,0.000931098696461825
post_ai,Materials & Design,1,0.000931098696461825
post_ai,Mathematical Problems in Engineering,1,0.000931098696461825
post_ai,Medical Care,1,0.000931098696461825
post_ai,Methods in Ecology and Evolution,1,0.000931098696461825
post_ai,Microprocessors and Microsystems,1,0.000931098696461825
post_ai,Milenial Journal for Teachers and Learning,1,0.000931098696461825
post_ai,Monthly Weather Review,1,0.000931098696461825
post_ai,Nanophotonics,1,0.000931098696461825
post_ai,National Bureau of Economic Research,1,0.000931098696461825
post_ai,National Science Open,1,0.000931098696461825
post_ai,Nature Computational Science,1,0.000931098696461825
post_ai,Nature Medicine,1,0.000931098696461825
post_ai,Nature Photonics,1,0.000931098696461825
post_ai,Nutrition Research Reviews,1,0.000931098696461825
post_ai,"OCEANS 2022, Hampton Roads",1,0.000931098696461825
post_ai,Obesity,1,0.000931098696461825
post_ai,Online Learning,1,0.000931098696461825
post_ai,Open Research Exeter (University of Exeter),1,0.000931098696461825
post_ai,Open Veterinary Journal,1,0.000931098696461825
post_ai,Optical Communication Technology,1,0.000931098696461825
post_ai,Optical Materials Express,1,0.000931098696461825
post_ai,Optics Letters,1,0.000931098696461825
post_ai,Optics and Photonics News,1,0.000931098696461825
post_ai,PLoS Computational Biology,1,0.000931098696461825
post_ai,Pakistan Journal of Medical Sciences,1,0.000931098696461825
post_ai,Pakistan Journal of Public Health,1,0.000931098696461825
post_ai,Pathogens,1,0.000931098696461825
post_ai,Personality and Social Psychology Bulletin,1,0.000931098696461825
post_ai,Personality and Social Psychology Review,1,0.000931098696461825
post_ai,Philosophy and Canon Law,1,0.000931098696461825
post_ai,Photoniques,1,0.000931098696461825
post_ai,Physical Review Applied,1,0.000931098696461825
post_ai,Physical Review E,1,0.000931098696461825
post_ai,Physical Review Letters,1,0.000931098696461825
post_ai,Physical Review Research,1,0.000931098696461825
post_ai,Physical Review X,1,0.000931098696461825
post_ai,Physical review. B./Physical review. B,1,0.000931098696461825
post_ai,Physiological Entomology,1,0.000931098696461825
post_ai,Phytotherapy Research,1,0.000931098696461825
post_ai,Plants,1,0.000931098696461825
post_ai,Princeton University Press eBooks,1,0.000931098696461825
post_ai,Procedia Engineering,1,0.000931098696461825
post_ai,Procedia Technology,1,0.000931098696461825
post_ai,Proceedings of The Nutrition Society,1,0.000931098696461825
post_ai,Proceedings of the ... Annual Hawaii International Conference on System Sciences/Proceedings of the Annual Hawaii International Conference on System Sciences,1,0.000931098696461825
post_ai,Proceedings of the AAAI Conference on Artificial Intelligence,1,0.000931098696461825
post_ai,Proceedings of the Institution of Mechanical Engineers Part I Journal of Systems and Control Engineering,1,0.000931098696461825
post_ai,Proceedings of the Royal Society of London Series A Mathematical and Physical Sciences,1,0.000931098696461825
post_ai,Production and Operations Management,1,0.000931098696461825
post_ai,Progress in Neurobiology,1,0.000931098696461825
post_ai,Psychological Review,1,0.000931098696461825
post_ai,Pure and Applied Mathematics Quarterly,1,0.000931098696461825
post_ai,Radiotekhnika,1,0.000931098696461825
post_ai,Research Journal of Pharmacy and Technology,1,0.000931098696461825
post_ai,Review of Educational Research,1,0.000931098696461825
post_ai,Review of Scientific Instruments,1,0.000931098696461825
post_ai,Reviews in Physics,1,0.000931098696461825
post_ai,Reviews of Geophysics,1,0.000931098696461825
post_ai,Risks,1,0.000931098696461825
post_ai,SAGE Open,1,0.000931098696461825
post_ai,SIAM Journal on Discrete Mathematics,1,0.000931098696461825
post_ai,SIMULATION,1,0.000931098696461825
post_ai,Saudi Journal of Biological Sciences,1,0.000931098696461825
post_ai,Sbornik Mathematics,1,0.000931098696461825
post_ai,Science of Computer Programming,1,0.000931098696461825
post_ai,Scientia Sinica Informationis,1,0.000931098696461825
post_ai,Security and Communication Networks,1,0.000931098696461825
post_ai,Society for Industrial and Applied Mathematics eBooks,1,0.000931098696461825
post_ai,Sports Medicine - Open,1,0.000931098696461825
post_ai,Springer Link (Chiba Institute of Technology),1,0.000931098696461825
post_ai,Statistical Science,1,0.000931098696461825
post_ai,Sustainable Energy Grids and Networks,1,0.000931098696461825
post_ai,Symmetry,1,0.000931098696461825
post_ai,Technometrics,1,0.000931098696461825
post_ai,Telecommunication and information technologies,1,0.000931098696461825
post_ai,The American Journal of Sports Medicine,1,0.000931098696461825
post_ai,The American Surgeon,1,0.000931098696461825
post_ai,The Canadian Journal of Chemical Engineering,1,0.000931098696461825
post_ai,The Electronic Journal of Combinatorics,1,0.000931098696461825
post_ai,The International Journal of Education and Development using Information and Communication Technology (The University of the West Indies),1,0.000931098696461825
post_ai,The International Journal of Logistics Management,1,0.000931098696461825
post_ai,The Journal of Finance and Data Science,1,0.000931098696461825
post_ai,The Lancet,1,0.000931098696461825
post_ai,The MIT Press eBooks,1,0.000931098696461825
post_ai,The TQM Journal,1,0.000931098696461825
post_ai,Transactions of the American Mathematical Society,1,0.000931098696461825
post_ai,Transportation research procedia,1,0.000931098696461825
post_ai,Trends in Cognitive Sciences,1,0.000931098696461825
post_ai,Universiti Utara Malaysia Institutional Repository (Universiti Utara Malaysia),1,0.000931098696461825
post_ai,University of North Texas Digital Library (University of North Texas),1,0.000931098696461825
post_ai,UvA-DARE (University of Amsterdam),1,0.000931098696461825
post_ai,Virology Research and Reviews,1,0.000931098696461825
post_ai,Warwick Research Archive Portal (University of Warwick),1,0.000931098696461825
post_ai,Webology,1,0.000931098696461825
post_ai,Wireless Communications and Mobile Computing,1,0.000931098696461825
post_ai,World Journal of Advanced Research and Reviews,1,0.000931098696461825
post_ai,World of Media Journal of Russian Media and Journalism Studies,1,0.000931098696461825
post_ai,Zenodo (CERN European Organization for Nuclear Research),1,0.000931098696461825
post_ai,bioRxiv (Cold Spring Harbor Laboratory),1,0.000931098696461825
post_ai,cIRcle (University of British Columbia),1,0.000931098696461825
post_ai,journal for the education of the gifted,1,0.000931098696461825
post_ai,medRxiv,1,0.000931098696461825
post_ai,The turkish online journal of educational technology,1,0.000931098696461825
post_ai,İlköğretim Online,1,0.000931098696461825
pre_ai,unknown,413,0.3892554194156456
pre_ai,arXiv (Cornell University),92,0.08671065032987747
pre_ai,IEEE Transactions on Image Processing,33,0.03110273327049953
pre_ai,IEEE Transactions on Evolutionary Computation,31,0.029217719132893498
pre_ai,IEEE Transactions on Cybernetics,20,0.01885014137606032
pre_ai,IEEE Transactions on Pattern Analysis and Machine Intelligence,13,0.012252591894439209
pre_ai,ACM Transactions on Graphics,12,0.011310084825636193
pre_ai,IEEE Access,10,0.00942507068803016
pre_ai,ACM SIGARCH Computer Architecture News,9,0.008482563619227144
pre_ai,Computer Graphics Forum,7,0.006597549481621112
pre_ai,IEEE Signal Processing Letters,7,0.006597549481621112
pre_ai,IEEE Transactions on Antennas and Propagation,7,0.006597549481621112
pre_ai,IEEE Transactions on Neural Networks and Learning Systems,7,0.006597549481621112
pre_ai,IEEE Transactions on Signal Processing,6,0.005655042412818096
pre_ai,IEEE Transactions on Systems Man and Cybernetics Systems,6,0.005655042412818096
pre_ai,Proceedings of the AAAI Conference on Artificial Intelligence,6,0.005655042412818096
pre_ai,IEEE Transactions on Automatic Control,5,0.00471253534401508
pre_ai,IEEE Transactions on Information Forensics and Security,5,0.00471253534401508
pre_ai,Proceedings of the IEEE,5,0.00471253534401508
pre_ai,ACM SIGPLAN Notices,4,0.003770028275212064
pre_ai,IEEE Transactions on Circuits and Systems for Video Technology,4,0.003770028275212064
pre_ai,ACM SIGSOFT Software Engineering Notes,3,0.002827521206409048
pre_ai,Educational Review,3,0.002827521206409048
pre_ai,HAL (Le Centre pour la Communication Scientifique Directe),3,0.002827521206409048
pre_ai,IEEE Transactions on Circuits and Systems I Regular Papers,3,0.002827521206409048
pre_ai,IEEE Transactions on Knowledge and Data Engineering,3,0.002827521206409048
pre_ai,IEEE Transactions on Neural Networks,3,0.002827521206409048
pre_ai,IOP Conference Series Materials Science and Engineering,3,0.002827521206409048
pre_ai,Intelligent Data Analysis,3,0.002827521206409048
pre_ai,International Conference on Learning Representations,3,0.002827521206409048
pre_ai,Journal of Japan Society for Fuzzy Theory and Intelligent Informatics,3,0.002827521206409048
pre_ai,Journal of Machine Learning Research,3,0.002827521206409048
pre_ai,Medical Entomology and Zoology,3,0.002827521206409048
pre_ai,Neural Computation,3,0.002827521206409048
pre_ai,Procedia Computer Science,3,0.002827521206409048
pre_ai,"Proceedings of SPIE, the International Society for Optical Engineering/Proceedings of SPIE",3,0.002827521206409048
pre_ai,SIAM Journal on Imaging Sciences,3,0.002827521206409048
pre_ai,UvA-DARE (University of Amsterdam),3,0.002827521206409048
pre_ai,2009 IEEE Conference on Computer Vision and Pattern Recognition,2,0.001885014137606032
pre_ai,ACM Inroads,2,0.001885014137606032
pre_ai,Applied Optics,2,0.001885014137606032
pre_ai,Applied Sciences,2,0.001885014137606032
pre_ai,Asymptotic Analysis,2,0.001885014137606032
pre_ai,Child Development Perspectives,2,0.001885014137606032
pre_ai,Choice Reviews Online,2,0.001885014137606032
pre_ai,Color Research & Application,2,0.001885014137606032
pre_ai,Communications of the ACM,2,0.001885014137606032
pre_ai,Computer,2,0.001885014137606032
pre_ai,DROPS (Schloss Dagstuhl – Leibniz Center for Informatics),2,0.001885014137606032
pre_ai,Dagstuhl Research Online Publication Server,2,0.001885014137606032
pre_ai,EURASIP Journal on Image and Video Processing,2,0.001885014137606032
pre_ai,Evolutionary Computation,2,0.001885014137606032
pre_ai,Human Technology,2,0.001885014137606032
pre_ai,IACR Cryptology ePrint Archive,2,0.001885014137606032
pre_ai,IARJSET,2,0.001885014137606032
pre_ai,IEEE Computational Intelligence Magazine,2,0.001885014137606032
pre_ai,IEEE Micro,2,0.001885014137606032
pre_ai,IEEE Security & Privacy,2,0.001885014137606032
pre_ai,IEEE Signal Processing Magazine,2,0.001885014137606032
pre_ai,IEEE Transactions on Biomedical Engineering,2,0.001885014137606032
pre_ai,IEEE Transactions on Circuits & Systems II Express Briefs,2,0.001885014137606032
pre_ai,IEEE Transactions on Emerging Topics in Computational Intelligence,2,0.001885014137606032
pre_ai,IEEE Transactions on Information Theory,2,0.001885014137606032
pre_ai,IEEE Transactions on Multimedia,2,0.001885014137606032
pre_ai,IET Image Processing,2,0.001885014137606032
pre_ai,IRE Transactions on Antennas and Propagation,2,0.001885014137606032
pre_ai,"ISPRS annals of the photogrammetry, remote sensing and spatial information sciences",2,0.001885014137606032
pre_ai,International Journal of Systems Science,2,0.001885014137606032
pre_ai,Journal of Computer Networks and Communications,2,0.001885014137606032
pre_ai,Journal of Graphics Tools,2,0.001885014137606032
pre_ai,Journal of Marketing Research,2,0.001885014137606032
pre_ai,Journal of Statistical Software,2,0.001885014137606032
pre_ai,Journal of the Optical Society of America,2,0.001885014137606032
pre_ai,Journal of the Optical Society of America A,2,0.001885014137606032
pre_ai,LEUKOS The Journal of the Illuminating Engineering Society of North America,2,0.001885014137606032
pre_ai,Mathematics of Computation,2,0.001885014137606032
pre_ai,Methods and Applications of Analysis,2,0.001885014137606032
pre_ai,Nano Letters,2,0.001885014137606032
pre_ai,Physical Review Letters,2,0.001885014137606032
pre_ai,Proceedings of the Genetic and Evolutionary Computation Conference Companion,2,0.001885014137606032
pre_ai,Proceedings of the VLDB Endowment,2,0.001885014137606032
pre_ai,Program electronic library and information systems,2,0.001885014137606032
pre_ai,PubMed,2,0.001885014137606032
pre_ai,SIAM Journal on Numerical Analysis,2,0.001885014137606032
pre_ai,Transactions of the Association for Computational Linguistics,2,0.001885014137606032
pre_ai,ZAMM ‐ Journal of Applied Mathematics and Mechanics / Zeitschrift für Angewandte Mathematik und Mechanik,2,0.001885014137606032
pre_ai,2018 55th ACM/ESDA/IEEE Design Automation Conference (DAC),1,0.000942507068803016
pre_ai,2018 XIV International Scientific-Technical Conference on Actual Problems of Electronics Instrument Engineering (APEIE),1,0.000942507068803016
pre_ai,2020 International Conference on Information Science and Communications Technologies (ICISCT),1,0.000942507068803016
pre_ai,ACEReSearch Repository (Australian Council for Educational Research),1,0.000942507068803016
pre_ai,ACM Computing Surveys,1,0.000942507068803016
pre_ai,ACM Letters on Programming Languages and Systems,1,0.000942507068803016
pre_ai,ACM SIGCSE Bulletin,1,0.000942507068803016
pre_ai,ACM SIGKDD Explorations Newsletter,1,0.000942507068803016
pre_ai,ACM Transactions on Architecture and Code Optimization,1,0.000942507068803016
pre_ai,ACM Transactions on Computer Systems,1,0.000942507068803016
pre_ai,ACM Transactions on Embedded Computing Systems,1,0.000942507068803016
pre_ai,ACM Transactions on Programming Languages and Systems,1,0.000942507068803016
pre_ai,AIMS energy,1,0.000942507068803016
pre_ai,ANZIAM Journal,1,0.000942507068803016
pre_ai,Academy of Management Proceedings,1,0.000942507068803016
pre_ai,Acta Numerica,1,0.000942507068803016
pre_ai,Advanced Information Management and Service,1,0.000942507068803016
pre_ai,Advances in Mathematical Physics,1,0.000942507068803016
pre_ai,Advances in Mathematics Scientific Journal,1,0.000942507068803016
pre_ai,American Foreign Policy Interests,1,0.000942507068803016
pre_ai,American Mathematical Society eBooks,1,0.000942507068803016
pre_ai,American Psychologist,1,0.000942507068803016
pre_ai,Annual Review of Neuroscience,1,0.000942507068803016
pre_ai,Annual Review of Psychology,1,0.000942507068803016
pre_ai,Applicable Analysis,1,0.000942507068803016
pre_ai,Applied Artificial Intelligence,1,0.000942507068803016
pre_ai,Artificial Intelligence Review,1,0.000942507068803016
pre_ai,Asia-Pacific Journal of Information Technology and Multimedia,1,0.000942507068803016
pre_ai,Asian Journal Of Social Psychology,1,0.000942507068803016
pre_ai,BIO Web of Conferences,1,0.000942507068803016
pre_ai,Baltic Journal of Management,1,0.000942507068803016
pre_ai,Bioinformatics,1,0.000942507068803016
pre_ai,Briefings in Bioinformatics,1,0.000942507068803016
pre_ai,CERN Document Server (European Organization for Nuclear Research),1,0.000942507068803016
pre_ai,Chaos An Interdisciplinary Journal of Nonlinear Science,1,0.000942507068803016
pre_ai,Cognitive Science,1,0.000942507068803016
pre_ai,Communications on Pure and Applied Mathematics,1,0.000942507068803016
pre_ai,Complex & Intelligent Systems,1,0.000942507068803016
pre_ai,Complexity,1,0.000942507068803016
pre_ai,Computers in Physics,1,0.000942507068803016
pre_ai,"Computers, materials & continua/Computers, materials & continua (Print)",1,0.000942507068803016
pre_ai,Concurrency and Computation Practice and Experience,1,0.000942507068803016
pre_ai,Contemporary Sociology A Journal of Reviews,1,0.000942507068803016
pre_ai,Cybernetics and Information Technologies,1,0.000942507068803016
pre_ai,Digital Library (University of West Bohemia),1,0.000942507068803016
pre_ai,ERA,1,0.000942507068803016
pre_ai,Education and Information Technologies,1,0.000942507068803016
pre_ai,Educational Researcher,1,0.000942507068803016
pre_ai,Educational and Psychological Measurement,1,0.000942507068803016
pre_ai,Electromagnetic waves,1,0.000942507068803016
pre_ai,Electronic Imaging,1,0.000942507068803016
pre_ai,Electronics,1,0.000942507068803016
pre_ai,Electronics Letters,1,0.000942507068803016
pre_ai,Empirical Software Engineering,1,0.000942507068803016
pre_ai,Energy Reports,1,0.000942507068803016
pre_ai,Engineering Science and Technology an International Journal,1,0.000942507068803016
pre_ai,Eurasia Journal of Mathematics Science and Technology Education,1,0.000942507068803016
pre_ai,Fall joint computer conference,1,0.000942507068803016
pre_ai,Frontiers in Psychology,1,0.000942507068803016
pre_ai,Ghent University Academic Bibliography (Ghent University),1,0.000942507068803016
pre_ai,IEE Proceedings - Radar Sonar and Navigation,1,0.000942507068803016
pre_ai,IEEE Antennas and Propagation Magazine,1,0.000942507068803016
pre_ai,IEEE Antennas and Wireless Propagation Letters,1,0.000942507068803016
pre_ai,IEEE Communications Magazine,1,0.000942507068803016
pre_ai,IEEE Computer Graphics and Applications,1,0.000942507068803016
pre_ai,IEEE Geoscience and Remote Sensing Letters,1,0.000942507068803016
pre_ai,IEEE Journal of Solid-State Circuits,1,0.000942507068803016
pre_ai,IEEE Journal on Selected Areas in Information Theory,1,0.000942507068803016
pre_ai,IEEE Multimedia,1,0.000942507068803016
pre_ai,IEEE Software,1,0.000942507068803016
pre_ai,IEEE Transactions on Artificial Intelligence,1,0.000942507068803016
pre_ai,IEEE Transactions on Automation Science and Engineering,1,0.000942507068803016
pre_ai,IEEE Transactions on Big Data,1,0.000942507068803016
pre_ai,IEEE Transactions on Circuits and Systems I Fundamental Theory and Applications,1,0.000942507068803016
pre_ai,IEEE Transactions on Cloud Computing,1,0.000942507068803016
pre_ai,IEEE Transactions on Computers,1,0.000942507068803016
pre_ai,IEEE Transactions on Consumer Electronics,1,0.000942507068803016
pre_ai,IEEE Transactions on Dependable and Secure Computing,1,0.000942507068803016
pre_ai,IEEE Transactions on Electrical Insulation,1,0.000942507068803016
pre_ai,IEEE Transactions on Electromagnetic Compatibility,1,0.000942507068803016
pre_ai,IEEE Transactions on Fuzzy Systems,1,0.000942507068803016
pre_ai,IEEE Transactions on Geoscience and Remote Sensing,1,0.000942507068803016
pre_ai,IEEE Transactions on Instrumentation and Measurement,1,0.000942507068803016
pre_ai,IEEE Transactions on Intelligent Transportation Systems,1,0.000942507068803016
pre_ai,IEEE Transactions on Medical Imaging,1,0.000942507068803016
pre_ai,IEEE Transactions on Mobile Computing,1,0.000942507068803016
pre_ai,IEEE Transactions on Parallel and Distributed Systems,1,0.000942507068803016
pre_ai,IEEE Transactions on Professional Communication,1,0.000942507068803016
pre_ai,IEEE Transactions on Reliability,1,0.000942507068803016
pre_ai,IEEE Transactions on Software Engineering,1,0.000942507068803016
pre_ai,IEEE Transactions on Systems Man and Cybernetics Part C (Applications and Reviews),1,0.000942507068803016
pre_ai,IEEE Transactions on Wireless Communications,1,0.000942507068803016
pre_ai,IEEE/ACM Transactions on Audio Speech and Language Processing,1,0.000942507068803016
pre_ai,IEEE/ACM Transactions on Networking,1,0.000942507068803016
pre_ai,IEEE/ASME Transactions on Mechatronics,1,0.000942507068803016
pre_ai,IGI Global eBooks,1,0.000942507068803016
pre_ai,IJARCCE,1,0.000942507068803016
pre_ai,IOP Conference Series Earth and Environmental Science,1,0.000942507068803016
pre_ai,ISTI Open Portal,1,0.000942507068803016
pre_ai,Integrated Network Management,1,0.000942507068803016
pre_ai,Integration of Education,1,0.000942507068803016
pre_ai,International Conference on Computer Aided Design,1,0.000942507068803016
pre_ai,International Joint Conference on Artificial Intelligence,1,0.000942507068803016
pre_ai,International Journal of Advanced Computer Science and Applications,1,0.000942507068803016
pre_ai,International Journal of Computer Applications,1,0.000942507068803016
pre_ai,International Journal of Computer Science and Information Technology,1,0.000942507068803016
pre_ai,International Journal of Early Years Education,1,0.000942507068803016
pre_ai,International Journal of Entrepreneurial Behaviour & Research,1,0.000942507068803016
pre_ai,International Journal of Environmental Research and Public Health,1,0.000942507068803016
pre_ai,International Journal of Information and Network Security (IJINS),1,0.000942507068803016
pre_ai,International Journal of Multicultural and Multireligious Understanding,1,0.000942507068803016
pre_ai,International Journal of Remote Sensing,1,0.000942507068803016
pre_ai,International journal of scientific research,1,0.000942507068803016
pre_ai,Journal Of Big Data,1,0.000942507068803016
pre_ai,Journal of Artificial Intelligence Research,1,0.000942507068803016
pre_ai,Journal of Computer Assisted Learning,1,0.000942507068803016
pre_ai,Journal of Digital Imaging,1,0.000942507068803016
pre_ai,Journal of Discrete Mathematical Sciences and Cryptography,1,0.000942507068803016
pre_ai,Journal of Economics and Behavioral Studies,1,0.000942507068803016
pre_ai,Journal of Educational Measurement,1,0.000942507068803016
pre_ai,Journal of Electronic Imaging,1,0.000942507068803016
pre_ai,Journal of Field Robotics,1,0.000942507068803016
pre_ai,Journal of Modern Applied Statistical Methods,1,0.000942507068803016
pre_ai,Journal of Physics Conference Series,1,0.000942507068803016
pre_ai,Journal of Small Business & Entrepreneurship,1,0.000942507068803016
pre_ai,Journal of Survey Statistics and Methodology,1,0.000942507068803016
pre_ai,Journal of Visual Languages and Sentient Systems,1,0.000942507068803016
pre_ai,Journal of the ACM,1,0.000942507068803016
pre_ai,Journal of the American Society for Information Science and Technology,1,0.000942507068803016
pre_ai,Journal of the American Statistical Association,1,0.000942507068803016
pre_ai,Jurnal Mantik,1,0.000942507068803016
pre_ai,Language,1,0.000942507068803016
pre_ai,Language Learning,1,0.000942507068803016
pre_ai,Learning and Instruction,1,0.000942507068803016
pre_ai,Logic Group preprint series,1,0.000942507068803016
pre_ai,MATEC Web of Conferences,1,0.000942507068803016
pre_ai,MPG.PuRe (Max Planck Society),1,0.000942507068803016
pre_ai,Machine Intelligence Research,1,0.000942507068803016
pre_ai,Magnetic Resonance in Medicine,1,0.000942507068803016
pre_ai,Management Science,1,0.000942507068803016
pre_ai,Mathematical Modelling of Natural Phenomena,1,0.000942507068803016
pre_ai,Matrix Jurnal Manajemen Teknologi dan Informatika,1,0.000942507068803016
pre_ai,Microsystems & Nanoengineering,1,0.000942507068803016
pre_ai,Multiscale Modeling and Simulation,1,0.000942507068803016
pre_ai,Nanophotonics,1,0.000942507068803016
pre_ai,Network Computation in Neural Systems,1,0.000942507068803016
pre_ai,Neural Information Processing Systems,1,0.000942507068803016
pre_ai,Open Collections,1,0.000942507068803016
pre_ai,Operating Systems Design and Implementation,1,0.000942507068803016
pre_ai,Optica Acta International Journal of Optics,1,0.000942507068803016
pre_ai,Optical Engineering,1,0.000942507068803016
pre_ai,PDXScholar  (Portland State University),1,0.000942507068803016
pre_ai,PLoS ONE,1,0.000942507068803016
pre_ai,Personality and Social Psychology Review,1,0.000942507068803016
pre_ai,PhilPapers (PhilPapers Foundation),1,0.000942507068803016
pre_ai,Philosophical Transactions of the Royal Society A Mathematical Physical and Engineering Sciences,1,0.000942507068803016
pre_ai,Philosophical Transactions of the Royal Society of London,1,0.000942507068803016
pre_ai,Physical Review Applied,1,0.000942507068803016
pre_ai,Physical Review E,1,0.000942507068803016
pre_ai,Physical Review X,1,0.000942507068803016
pre_ai,Physics Bulletin,1,0.000942507068803016
pre_ai,Princeton University Press eBooks,1,0.000942507068803016
pre_ai,Procedia - Social and Behavioral Sciences,1,0.000942507068803016
pre_ai,Proceedings of the 2000 International Conference on Software Engineering. ICSE 2000 the New Millennium,1,0.000942507068803016
pre_ai,"Proceedings of the First International Volga Region Conference on Economics, Humanities and Sports (FICEHS 2019)",1,0.000942507068803016
pre_ai,Proceedings of the International AAAI Conference on Web and Social Media,1,0.000942507068803016
pre_ai,Proceedings of the International Congress of Mathematicians 2010 (ICM 2010),1,0.000942507068803016
pre_ai,Proceedings of the National Academy of Sciences,1,0.000942507068803016
pre_ai,Proceedings on Privacy Enhancing Technologies,1,0.000942507068803016
pre_ai,Psychological Inquiry,1,0.000942507068803016
pre_ai,Psychometrika,1,0.000942507068803016
pre_ai,Public Opinion Quarterly,1,0.000942507068803016
pre_ai,QUT ePrints (Queensland University of Technology),1,0.000942507068803016
pre_ai,Quarterly Journal of Finance,1,0.000942507068803016
pre_ai,Queensland's institutional digital repository (The University of Queensland),1,0.000942507068803016
pre_ai,Queue,1,0.000942507068803016
pre_ai,Radio Science,1,0.000942507068803016
pre_ai,Repository for Publications and Research Data (ETH Zurich),1,0.000942507068803016
pre_ai,Research Commons (University of Waikato),1,0.000942507068803016
pre_ai,Research Quarterly for Exercise and Sport,1,0.000942507068803016
pre_ai,Research in Nursing & Health,1,0.000942507068803016
pre_ai,Research portal (Tilburg University),1,0.000942507068803016
pre_ai,Review of Educational Research,1,0.000942507068803016
pre_ai,SIAM Journal on Applied Mathematics,1,0.000942507068803016
pre_ai,SIAM Journal on Mathematical Analysis,1,0.000942507068803016
pre_ai,SIAM Journal on Matrix Analysis and Applications,1,0.000942507068803016
pre_ai,SIAM Journal on Optimization,1,0.000942507068803016
pre_ai,ScholarlyCommons (University of Pennsylvania),1,0.000942507068803016
pre_ai,Science,1,0.000942507068803016
pre_ai,Science Advances,1,0.000942507068803016
pre_ai,Scientific Reports,1,0.000942507068803016
pre_ai,Social Science Computer Review,1,0.000942507068803016
pre_ai,Social Science Open Access Repository (GESIS – Leibniz Institute for the Social Sciences),1,0.000942507068803016
pre_ai,Strategic Management Journal,1,0.000942507068803016
pre_ai,Technical Journal,1,0.000942507068803016
pre_ai,Telfor Journal,1,0.000942507068803016
pre_ai,The Journal of Marketing Theory and Practice,1,0.000942507068803016
pre_ai,The Journal of Photographic Science,1,0.000942507068803016
pre_ai,The MIT Press eBooks,1,0.000942507068803016
pre_ai,The Philosophical Review,1,0.000942507068803016
pre_ai,The Smart Computing Review,1,0.000942507068803016
pre_ai,The Stata Journal Promoting communications on statistics and Stata,1,0.000942507068803016
pre_ai,Transactions of the Society of Motion Picture Engineers,1,0.000942507068803016
pre_ai,USENIX Annual Technical Conference,1,0.000942507068803016
pre_ai,USENIX Security Symposium,1,0.000942507068803016
pre_ai,UTS ePRESS (University of Technology Sydney),1,0.000942507068803016
pre_ai,Victoria University Research Repository (Victoria University),1,0.000942507068803016
pre_ai,Wiley Interdisciplinary Reviews Computational Statistics,1,0.000942507068803016
pre_ai,World Journal of Engineering,1,0.000942507068803016
pre_ai,ePrints Soton (University of Southampton),1,0.000942507068803016
pre_ai,ePubWU Institutional Repository (Wirtschaftsuniversität Wien),1,0.000942507068803016
pre_ai,"The international archives of the photogrammetry, remote sensing and spatial information sciences/International archives of the photogrammetry, remote sensing and spatial information sciences",1,0.000942507068803016
