query_id,query_ai_group,query_year,query_field,n_reference_pairs,median_cited_age,share_recent_refs_3yr,median_log1p_cited_by_count,share_low_citation_refs,top10pct_share_of_citation_mass,share_cross_field_refs,cited_field_entropy
W3179832531,post_ai,2023,Computer Science,47,5.0,0.14893617021276595,6.371611847231857,0.06382978723404255,0.7633091721890659,0.02127659574468085,0.10296666046541245
W3191129978,post_ai,2023,Computer Science,25,9.0,0.24,4.709530201312334,0.16,0.6395292600354667,0.28,0.7077858865682289
W3199119351,post_ai,2023,Computer Science,61,17.0,0.09836065573770492,3.258096538021482,0.36065573770491804,0.8617382819071974,0.5409836065573771,1.031619780378194
W4221141965,post_ai,2023,Computer Science,10,5.5,0.3,5.418317700738353,0.0,0.41651686581368297,0.3,0.9404479886553263
W4317795078,post_ai,2023,Computer Science,57,2.0,0.8245614035087719,4.174387269895637,0.15789473684210525,0.7538437483712931,0.03508771929824561,0.17632626454006067
W4322730856,post_ai,2023,Computer Science,111,4.0,0.4774774774774775,4.290459441148391,0.17117117117117117,0.6883841463414634,0.23423423423423423,0.6078640473380325
W4362474784,post_ai,2023,Computer Science,44,7.0,0.22727272727272727,3.236945348176137,0.38636363636363635,0.9179988882712619,0.5227272727272727,1.2834696297327464
W4362608722,post_ai,2023,Computer Science,23,3.0,0.6086956521739131,2.833213344056216,0.43478260869565216,0.9900096636768249,0.08695652173913043,0.355712859746894
W4362672542,post_ai,2023,Computer Science,53,4.0,0.39622641509433965,6.401917196727186,0.1320754716981132,0.8686296504019443,0.0,-0.0
W4362719849,post_ai,2023,Computer Science,10,11.5,0.0,2.5529727369502906,0.5,0.7807367953839325,0.2,0.5004024235381879
W4368275067,post_ai,2023,Computer Science,20,1.5,0.9,2.5249280036247685,0.65,0.23333333333333334,0.55,1.256597943527338
W4372234532,post_ai,2023,Computer Science,5,5.0,0.4,3.5553480614894135,0.4,0.9796975637076449,0.4,0.6730116670092565
W4376481262,post_ai,2023,Computer Science,30,4.0,0.4666666666666667,4.1187396443068165,0.2,0.7305571677307022,0.3,0.6108643020548935
W4376611843,post_ai,2023,Computer Science,21,14.0,0.047619047619047616,2.5649493574615367,0.5238095238095238,0.9273897058823529,0.7142857142857143,0.944765368086837
W4376862407,post_ai,2023,Computer Science,15,4.0,0.4,4.624972813284271,0.06666666666666667,0.5943496801705757,0.26666666666666666,0.857174043642079
W4377821330,post_ai,2023,Computer Science,2,11.0,0.0,4.437433817844027,0.5,0.9972086531751571,0.0,-0.0
W4378194180,post_ai,2023,Computer Science,11,2.0,0.7272727272727273,2.772588722239781,0.45454545454545453,0.7099125364431487,1.0,0.30463609734923813
W4378472616,post_ai,2023,Computer Science,9,6.0,0.1111111111111111,4.276666119016055,0.2222222222222222,0.48883374689826303,0.7777777777777778,0.8486855577264172
W4378651886,post_ai,2023,Computer Science,7,3.0,0.5714285714285714,1.6094379124341003,0.5714285714285714,0.8485943775100402,0.0,-0.0
W4380302256,post_ai,2023,Computer Science,8,9.0,0.0,2.9944807084449314,0.375,0.35714285714285715,0.125,0.37677016125643675
W4381792751,post_ai,2023,Computer Science,17,18.0,0.11764705882352941,5.908082938168931,0.17647058823529413,0.8798703551357405,0.7058823529411765,0.605797499372304
W4381835614,post_ai,2023,Computer Science,13,13.0,0.0,4.5217885770490405,0.23076923076923078,0.6216387219234419,0.07692307692307693,0.2711893730418441
W4382053483,post_ai,2023,Computer Science,12,8.0,0.08333333333333333,3.496048213707944,0.16666666666666666,0.45081967213114754,0.3333333333333333,0.6365141682948128
W4382204742,post_ai,2023,Computer Science,45,3.0,0.6,4.634728988229636,0.17777777777777778,0.7164895210038322,0.3111111111111111,0.8240681408605085
W4382240077,post_ai,2023,Computer Science,15,9.0,0.26666666666666666,2.995732273553991,0.4666666666666667,0.8646666666666667,0.06666666666666667,0.24493002679463532
W4382787045,post_ai,2023,Computer Science,10,6.5,0.3,5.236314626562477,0.0,0.38289121941188564,0.0,-0.0
W4383109010,post_ai,2023,Computer Science,30,10.5,0.3333333333333333,4.288955963225472,0.2,0.657660158035656,0.3333333333333333,0.8495247881782053
W4384699192,post_ai,2023,Computer Science,14,19.5,0.14285714285714285,6.536471007035305,0.21428571428571427,0.6728701406120761,0.21428571428571427,0.6559757323365467
W4384834891,post_ai,2023,Computer Science,50,6.0,0.2,4.875197323201151,0.2,0.52604662226451,0.56,1.340222651275
W4385569650,post_ai,2023,Computer Science,38,3.0,0.5263157894736842,3.634460064096861,0.21052631578947367,0.9469142351900972,0.34210526315789475,0.825777117029357
W4385688139,post_ai,2023,Computer Science,29,4.0,0.4482758620689655,4.3694478524670215,0.3448275862068966,0.6205817954332187,0.06896551724137931,0.2509548043576197
W4385763653,post_ai,2023,Computer Science,19,6.0,0.21052631578947367,4.248495242049359,0.21052631578947367,0.7103967045759828,0.05263157894736842,0.20619205063323187
W4385767776,post_ai,2023,Computer Science,41,3.0,0.5365853658536586,4.330733340286331,0.1951219512195122,0.852254808145882,0.0,-0.0
W4385938106,post_ai,2023,Computer Science,18,2.0,0.8888888888888888,2.3502401828962083,0.6111111111111112,0.5580865603644647,0.2777777777777778,0.5908422462755826
W4386322171,post_ai,2023,Computer Science,19,2.0,0.7894736842105263,2.4849066497880004,0.631578947368421,0.3492537313432836,0.05263157894736842,0.20619205063323187
W4386462717,post_ai,2023,Computer Science,37,9.0,0.2702702702702703,3.9889840465642745,0.24324324324324326,0.6399848254931715,0.8648648648648649,1.5132719340031415
W4386763626,post_ai,2023,Computer Science,35,5.0,0.34285714285714286,3.044522437723423,0.34285714285714286,0.5646620542841937,0.2571428571428571,0.5700471705012848
W4386867956,post_ai,2023,Computer Science,8,10.0,0.0,4.9412340926560265,0.0,0.2664233576642336,1.0,-0.0
W4386997987,post_ai,2023,Computer Science,14,4.0,0.42857142857142855,3.3060205174165462,0.42857142857142855,0.39303482587064675,0.35714285714285715,0.6517565611726531
W4387220182,post_ai,2023,Computer Science,3,3.0,0.6666666666666666,4.0943445622221,0.0,0.4485294117647059,0.6666666666666666,1.0986122886681096
W4387654860,post_ai,2023,Computer Science,9,3.0,0.5555555555555556,4.897839799950911,0.2222222222222222,0.5022740610328639,0.3333333333333333,0.6365141682948128
W4387730124,post_ai,2023,Computer Science,26,4.0,0.4230769230769231,4.357776062953908,0.34615384615384615,0.6407998806148336,0.038461538461538464,0.16302362949436594
W4387880868,post_ai,2023,Computer Science,17,10.0,0.17647058823529413,3.9318256327243257,0.23529411764705882,0.6129512467435801,0.058823529411764705,0.22371807606583377
W4387914226,post_ai,2023,Computer Science,17,7.0,0.23529411764705882,3.6375861597263857,0.4117647058823529,0.5843373493975904,0.0,-0.0
W4387951800,post_ai,2023,Computer Science,47,3.0,0.5531914893617021,4.762173934797756,0.06382978723404255,0.8963159525838692,0.0,-0.0
W4387983429,post_ai,2023,Computer Science,20,8.5,0.1,3.2059091338549486,0.45,0.5661521499448732,0.85,1.1097385521061456
W4388038761,post_ai,2023,Computer Science,13,2.0,0.6923076923076923,1.791759469228055,0.6923076923076923,0.39705882352941174,0.3076923076923077,0.9371558530657009
W4388153852,post_ai,2023,Computer Science,21,4.0,0.38095238095238093,2.3978952727983707,0.5714285714285714,0.6680707666385847,0.8095238095238095,1.4601860250149767
W4388286247,post_ai,2023,Computer Science,31,11.0,0.1935483870967742,4.0943445622221,0.3225806451612903,0.8386733416770964,0.8387096774193549,1.3616350315687404
W4388830017,post_ai,2023,Computer Science,23,0.0,0.9565217391304348,3.044522437723423,0.30434782608695654,0.2857142857142857,1.0,1.355653487530374
W4388937920,post_ai,2023,Computer Science,13,4.0,0.46153846153846156,2.6390573296152584,0.5384615384615384,0.7284644194756554,0.23076923076923078,0.6870920273799715
W4389104903,post_ai,2023,Computer Science,29,9.0,0.20689655172413793,5.081404364984463,0.10344827586206896,0.44480565371024733,0.3448275862068966,0.816738336927131
W4389331406,post_ai,2023,Computer Science,16,1.5,0.9375,2.0126758453675744,0.5625,0.5566600397614314,0.125,0.37677016125643675
W4389389291,post_ai,2023,Computer Science,14,6.5,0.21428571428571427,3.3485171238332425,0.42857142857142855,0.5796089385474861,0.07142857142857142,0.25731864054383163
W4389519547,post_ai,2023,Computer Science,34,2.0,0.5588235294117647,5.473487326538464,0.14705882352941177,0.8581355987371025,0.058823529411764705,0.2644914396281835
W4389519905,post_ai,2023,Computer Science,39,2.0,0.7435897435897436,3.828641396489095,0.2564102564102564,0.9582803545432768,0.0,-0.0
W4389666747,post_ai,2023,Computer Science,21,3.0,0.6190476190476191,6.035481432524756,0.047619047619047616,0.8111965667719458,0.14285714285714285,0.410116318288409
W4390418677,post_ai,2023,Computer Science,11,3.0,0.6363636363636364,3.4657359027997265,0.36363636363636365,0.40710382513661203,0.9090909090909091,0.6001660731596457
W4390622334,post_ai,2023,Computer Science,7,6.0,0.14285714285714285,3.8066624897703196,0.42857142857142855,0.7288977159880834,0.2857142857142857,0.7963116401738131
W4391183914,post_ai,2023,Computer Science,8,2.0,0.625,2.8810256913900885,0.5,0.5057915057915058,0.375,0.9002560512685369
W4391594474,post_ai,2023,Computer Science,20,3.0,0.8,2.8029010331479984,0.4,0.43410852713178294,0.25,0.7999027794271169
W4391813132,post_ai,2024,Computer Science,16,2.0,0.6875,2.908555579981602,0.5,0.7123428551164069,0.5625,0.6853142072764582
W4392172736,post_ai,2024,Computer Science,3,4.0,0.0,2.302585092994046,0.6666666666666666,0.65,0.0,-0.0
W4392910435,post_ai,2024,Computer Science,11,5.0,0.2727272727272727,5.288267030694535,0.0,0.6541882876204596,0.18181818181818182,0.47413931305783735
W4392911111,post_ai,2024,Computer Science,15,4.0,0.4666666666666667,3.784189633918261,0.2,0.6586964905514847,0.0,-0.0
W4393231163,post_ai,2024,Computer Science,66,9.0,0.18181818181818182,4.822002067221513,0.18181818181818182,0.9355850956309137,0.9393939393939394,1.9895752890627723
W4393381643,post_ai,2024,Computer Science,31,4.0,0.3225806451612903,4.143134726391533,0.0967741935483871,0.4767794043412418,0.0,-0.0
W4393858957,post_ai,2023,Computer Science,11,2.0,0.7272727272727273,0.0,0.9090909090909091,0.9230769230769231,0.6363636363636364,0.9164648855394713
W4394593977,post_ai,2024,Computer Science,12,6.0,0.16666666666666666,3.978588661729738,0.25,0.73992673992674,0.8333333333333334,1.1187433359857524
W4394629177,post_ai,2023,Computer Science,5,30.0,0.0,7.098375638590786,0.0,0.6256585063526495,0.4,0.6730116670092565
W4394823125,post_ai,2024,Computer Science,36,8.0,0.3055555555555556,3.4637789531391583,0.3333333333333333,0.8988568162332095,0.6111111111111112,1.347816745088446
W4394842583,post_ai,2024,Computer Science,21,2.0,0.6190476190476191,4.465908118654584,0.2857142857142857,0.6642418930762489,0.23809523809523808,0.7091152575824363
W4394911111,post_ai,2023,Computer Science,14,2.0,0.9285714285714286,3.091042453358316,0.42857142857142855,0.6402214022140221,0.42857142857142855,1.0547209169068124
W4394998736,post_ai,2024,Computer Science,21,2.0,0.7142857142857143,4.406719247264253,0.09523809523809523,0.41002811621368324,0.8095238095238095,0.8461447967228176
W4396558532,post_ai,2024,Computer Science,30,2.5,0.5333333333333333,2.7403194616709956,0.4666666666666667,0.9643111250249026,0.23333333333333334,0.8874572539163298
W4398251593,post_ai,2024,Computer Science,19,2.0,0.6842105263157895,3.332204510175204,0.15789473684210525,0.3759124087591241,0.10526315789473684,0.40945861869508926
W4399070883,post_ai,2024,Computer Science,10,11.5,0.1,4.090160437386842,0.2,0.9019994367783722,0.6,1.0888999753452238
W4399118916,post_ai,2024,Computer Science,52,3.0,0.75,3.568639218630193,0.3076923076923077,0.9510629955146658,0.23076923076923078,0.7801397048903803
W4399262514,post_ai,2024,Computer Science,18,3.0,0.5555555555555556,5.523440991988066,0.0,0.3341084144746403,0.05555555555555555,0.2145591551764051
W4399363522,post_ai,2024,Computer Science,63,4.0,0.42857142857142855,4.709530201312334,0.14285714285714285,0.6687293597101542,0.6984126984126984,1.3893522052461194
W4399604636,post_ai,2024,Computer Science,26,2.0,0.8076923076923077,3.113268334643733,0.38461538461538464,0.3347953216374269,0.8076923076923077,1.6805691805229728
W4399887591,post_ai,2024,Computer Science,18,4.0,0.4444444444444444,4.808036055600889,0.1111111111111111,0.6266304347826087,0.1111111111111111,0.42584844923858145
W4399976008,post_ai,2024,Computer Science,22,7.5,0.22727272727272727,5.006865563317444,0.22727272727272727,0.928786449206991,1.0,1.0971663861388312
W4399976793,post_ai,2024,Computer Science,26,5.0,0.38461538461538464,7.311673998235177,0.0,0.7528510562491649,0.038461538461538464,0.16302362949436594
W4400089507,post_ai,2024,Computer Science,38,4.0,0.39473684210526316,5.820118149990847,0.0,0.8022076059196026,0.5,0.961479461802208
W4400280425,post_ai,2024,Computer Science,17,4.0,0.47058823529411764,2.772588722239781,0.35294117647058826,0.8902875857128236,0.058823529411764705,0.22371807606583377
W4400427700,post_ai,2024,Computer Science,26,3.5,0.5,4.532599493153256,0.15384615384615385,0.7141815325928419,0.6538461538461539,1.5373496661911743
W4400600147,post_ai,2024,Computer Science,18,3.0,0.6111111111111112,2.3221954495706862,0.6111111111111112,0.7044854881266491,0.5,1.3296613488547582
W4400976123,post_ai,2024,Computer Science,17,6.0,0.4117647058823529,3.784189633918261,0.35294117647058826,0.8007829491083079,0.9411764705882353,0.22371807606583377
W4401105716,post_ai,2024,Computer Science,4,4.5,0.25,2.644133515347268,0.5,0.8074534161490683,0.25,0.5623351446188083
W4401326672,post_ai,2024,Computer Science,14,7.0,0.07142857142857142,2.984353779992683,0.2857142857142857,0.6406436233611442,0.21428571428571427,0.5195798391305154
W4401331142,post_ai,2024,Computer Science,18,20.0,0.0,6.1380604799206715,0.05555555555555555,0.7878785675331758,0.6666666666666666,1.7249347863977138
W4401342280,post_ai,2024,Computer Science,17,8.0,0.29411764705882354,2.6390573296152584,0.5294117647058824,0.386,0.0,-0.0
W4401510258,post_ai,2024,Computer Science,15,10.0,0.13333333333333333,2.9444389791664403,0.4666666666666667,0.43243243243243246,0.2,0.6277052571971504
W4401612358,post_ai,2024,Computer Science,12,3.0,0.5833333333333334,3.564648774464686,0.16666666666666666,0.8176039119804401,0.8333333333333334,0.9830877585747855
W4401631698,post_ai,2024,Computer Science,41,6.0,0.1951219512195122,4.6913478822291435,0.14634146341463414,0.6295499669093315,0.5853658536585366,1.4272772448223106
W4401633177,post_ai,2024,Computer Science,13,10.0,0.23076923076923078,2.8903717578961645,0.38461538461538464,0.576621456579032,0.46153846153846156,1.0905994737794786
W4401692626,post_ai,2024,Computer Science,18,3.5,0.5,2.7058230259275198,0.5,0.5066666666666667,0.8888888888888888,0.34883209584303193
W4401815753,post_ai,2024,Computer Science,19,5.0,0.3157894736842105,3.4011973816621555,0.15789473684210525,0.8035548399083421,0.6842105263157895,1.166733308360715
W4402126542,post_ai,2024,Computer Science,10,5.5,0.3,4.148522574540913,0.1,0.6864864864864865,0.4,0.9502705392332347
W4402215920,post_ai,2024,Computer Science,32,3.0,0.5625,3.020127355638707,0.40625,0.9488089204257476,0.03125,0.13906079845474112
W4402265087,post_ai,2024,Computer Science,10,3.0,0.8,4.268497909356208,0.0,0.6842841163310962,0.1,0.3250829733914482
W4402572184,post_ai,2024,Computer Science,17,5.0,0.35294117647058826,6.53813982376767,0.0,0.41716122650840753,0.058823529411764705,0.22371807606583377
W4402660091,post_ai,2024,Computer Science,27,2.0,0.7037037037037037,5.877735781779639,0.1111111111111111,0.9177350387660256,0.07407407407407407,0.3153962874226617
W4402674215,post_ai,2024,Computer Science,8,3.0,0.5,4.002683533658332,0.375,0.4604519774011299,0.25,0.7356219397587946
W4402857802,post_ai,2024,Computer Science,37,3.0,0.6486486486486487,4.543294782270004,0.10810810810810811,0.8000986963852449,0.08108108108108109,0.3330110964801871
W4402858752,post_ai,2024,Computer Science,15,3.0,0.5333333333333333,2.6390573296152584,0.5333333333333333,0.44282744282744285,0.06666666666666667,0.24493002679463532
W4402915985,post_ai,2024,Computer Science,21,9.0,0.14285714285714285,2.833213344056216,0.42857142857142855,0.9884425651867512,0.2857142857142857,0.5982695885852573
W4403060627,post_ai,2024,Computer Science,4,7.0,0.25,2.6208735075298213,0.5,0.9904907975460123,0.75,1.0397207708399179
W4403085885,post_ai,2024,Computer Science,18,5.0,0.2222222222222222,4.262282972872825,0.05555555555555555,0.4160948222083593,0.8888888888888888,1.6731421371534199
W4403251710,post_ai,2024,Computer Science,9,36.0,0.2222222222222222,4.276666119016055,0.2222222222222222,0.4984083674397453,0.5555555555555556,1.2730283365896258
W4403536893,post_ai,2024,Computer Science,39,4.0,0.41025641025641024,3.7612001156935624,0.3333333333333333,0.50782924015164,0.02564102564102564,0.11924692639624491
W4403600989,post_ai,2024,Computer Science,42,5.0,0.35714285714285715,5.4326434398205246,0.14285714285714285,0.9276565906675578,0.47619047619047616,1.345710836685421
W4403938132,post_ai,2024,Computer Science,9,2.0,0.6666666666666666,2.4849066497880004,0.5555555555555556,0.513189448441247,0.2222222222222222,0.5297061990576545
W4404317764,post_ai,2024,Computer Science,9,4.0,0.4444444444444444,5.493061443340548,0.2222222222222222,0.4378288979100887,0.0,-0.0
W4404465340,post_ai,2024,Computer Science,24,4.0,0.20833333333333334,4.150760827470364,0.125,0.9794316240475093,0.5,1.3256478681964805
W4404520924,post_ai,2024,Computer Science,23,2.0,0.7391304347826086,3.912023005428146,0.2608695652173913,0.49379178605539636,0.043478260869565216,0.17884491271684755
W4404639573,post_ai,2024,Computer Science,35,7.0,0.17142857142857143,4.736198448394496,0.14285714285714285,0.6635067495828909,0.02857142857142857,0.12974069471942834
W4404688982,post_ai,2024,Computer Science,17,2.0,0.7058823529411765,3.5553480614894135,0.35294117647058826,0.9694755877034358,0.058823529411764705,0.22371807606583377
W4404815779,post_ai,2024,Computer Science,35,10.0,0.17142857142857143,5.159055299214529,0.2,0.7463541815889752,0.7714285714285715,2.032983652724661
W4404953593,post_ai,2024,Computer Science,10,4.0,0.4,2.585241997519076,0.5,0.4317673378076063,0.5,0.6931471805599453
W4405362566,post_ai,2024,Computer Science,19,3.0,0.6842105263157895,3.1354942159291497,0.3157894736842105,0.8860505885299274,0.9473684210526315,0.708018976056273
W4405480553,post_ai,2024,Computer Science,38,5.0,0.2894736842105263,3.5926935077902082,0.3157894736842105,0.6850558659217877,0.4473684210526316,0.9463212079388754
W4405830684,post_ai,2024,Computer Science,11,2.0,0.8181818181818182,4.290459441148391,0.09090909090909091,0.7859028511087646,0.9090909090909091,0.6001660731596457
W4405935767,post_ai,2024,Computer Science,13,2.0,0.6923076923076923,3.9512437185814275,0.23076923076923078,0.8302993649833686,0.15384615384615385,0.5359610497090694
W4405979671,post_ai,2024,Computer Science,9,1.0,0.8888888888888888,2.302585092994046,0.5555555555555556,0.48338368580060426,0.4444444444444444,0.936888307539016
W4406355354,post_ai,2024,Computer Science,10,3.5,0.5,3.012932986912657,0.4,0.7318722943722944,0.1,0.3250829733914482
W4406459368,post_ai,2024,Computer Science,12,4.0,0.4166666666666667,3.8918202981106265,0.16666666666666666,0.33078101071975496,0.08333333333333333,0.2868359830561607
W4406736884,post_ai,2025,Computer Science,18,9.0,0.0,3.198464827608073,0.3888888888888889,0.7564553990610329,0.1111111111111111,0.34883209584303193
W4406813813,post_ai,2025,Computer Science,14,2.0,0.9285714285714286,3.4734879960677087,0.5,0.5483323911814585,0.9285714285714286,1.7721393884375285
W4407130203,post_ai,2024,Computer Science,16,6.5,0.25,4.677393488170605,0.0625,0.9014789158282478,0.4375,0.6853142072764582
W4407432611,post_ai,2024,Computer Science,42,5.0,0.3333333333333333,4.973273520998287,0.047619047619047616,0.7576893815889577,0.5238095238095238,1.5513239553406537
W4407535415,post_ai,2025,Computer Science,43,7.0,0.23255813953488372,4.787491742782046,0.11627906976744186,0.8562572403644447,0.32558139534883723,0.9162163723164244
W4407781942,post_ai,2025,Computer Science,28,2.0,0.7142857142857143,4.197173680708696,0.17857142857142858,0.8881219245489338,0.25,0.7330621707939262
W4407985921,post_ai,2025,Computer Science,76,8.0,0.09210526315789473,2.8903717578961645,0.39473684210526316,0.9916430944025164,0.618421052631579,1.1282018532609066
W4408017803,post_ai,2024,Computer Science,14,1.0,1.0,1.6094379124341003,0.7857142857142857,0.49645390070921985,0.21428571428571427,0.6559757323365467
W4408018584,post_ai,2025,Computer Science,11,3.0,0.5454545454545454,4.143134726391533,0.18181818181818182,0.5108323831242874,0.2727272727272727,0.7595473914748635
W4408048537,post_ai,2024,Computer Science,25,8.0,0.16,4.060443010546419,0.24,0.5660168365086398,0.0,-0.0
W4408324235,post_ai,2024,Computer Science,12,6.0,0.16666666666666666,3.447335019716741,0.08333333333333333,0.7962577962577962,0.08333333333333333,0.2868359830561607
W4408324765,post_ai,2024,Computer Science,10,6.5,0.1,5.322426652683274,0.0,0.40003059507419303,0.1,0.3250829733914482
W4408353573,post_ai,2025,Computer Science,17,5.0,0.29411764705882354,6.3578422665081,0.058823529411764705,0.7198766752658403,0.0,-0.0
W4408713467,post_ai,2024,Computer Science,30,4.0,0.4666666666666667,4.562391241807268,0.1,0.4312220982142857,0.43333333333333335,1.5184509478063213
W4408826699,post_ai,2025,Computer Science,52,9.0,0.1346153846153846,5.16917481874754,0.057692307692307696,0.6313971589803463,0.75,1.695298577287568
W4408989905,post_ai,2025,Computer Science,11,16.0,0.0,4.51085950651685,0.09090909090909091,0.9231844272523084,0.45454545454545453,1.294545165844896
W4409000560,post_ai,2025,Computer Science,31,3.0,0.5161290322580645,4.465908118654584,0.3548387096774194,0.9851772877360613,0.0967741935483871,0.3179367802622418
W4409367401,post_ai,2025,Computer Science,5,3.0,0.6,5.303304908059076,0.2,0.6068044788975021,0.4,0.9502705392332347
W4409426027,post_ai,2025,Computer Science,164,8.0,0.2073170731707317,4.783307617946788,0.06097560975609756,0.6976134154624447,1.0,0.16859595907263386
W4409442225,post_ai,2025,Computer Science,16,7.5,0.4375,3.3649120352447377,0.375,0.5031486146095718,0.875,1.4226300262075475
W4409845043,post_ai,2025,Computer Science,25,4.0,0.4,3.8918202981106265,0.28,0.8108151735270379,0.92,1.6069214245371812
W4409853442,post_ai,2025,Computer Science,27,3.0,0.6296296296296297,4.454347296253507,0.2222222222222222,0.7776848144385347,1.0,0.8326398584825336
W4410001637,post_ai,2025,Computer Science,13,10.0,0.15384615384615385,3.8918202981106265,0.15384615384615385,0.4125799573560768,1.0,0.6172417697303416
W4410040291,post_ai,2025,Computer Science,57,3.0,0.5614035087719298,3.8501476017100584,0.12280701754385964,0.35914454277286134,0.45614035087719296,0.9580893086408241
W4410229566,post_ai,2024,Computer Science,8,7.0,0.25,9.892817687018589,0.125,0.2764826864382589,0.25,0.5623351446188083
W4410258249,post_ai,2025,Computer Science,18,2.0,0.7777777777777778,2.833213344056216,0.4444444444444444,0.4664981036662453,0.6111111111111112,1.2998697330131492
W4410444325,post_ai,2025,Computer Science,23,12.0,0.13043478260869565,4.7535901911063645,0.08695652173913043,0.7563241798453559,0.34782608695652173,1.165803596639699
W4410640247,post_ai,2025,Computer Science,26,4.0,0.46153846153846156,3.828641396489095,0.23076923076923078,0.9775928269952883,0.19230769230769232,0.6722962280908585
W4410853533,post_ai,2025,Computer Science,9,3.0,0.6666666666666666,2.6390573296152584,0.5555555555555556,0.32558139534883723,0.0,-0.0
W4410987050,post_ai,2025,Computer Science,18,2.0,0.6111111111111112,5.202646306540518,0.05555555555555555,0.35560523265441296,0.6666666666666666,1.3989864279123125
W4411143611,post_ai,2025,Computer Science,15,6.0,0.26666666666666666,3.7612001156935624,0.26666666666666666,0.7085326953748007,0.13333333333333333,0.48509409130221154
W4411202070,post_ai,2025,Computer Science,10,3.0,0.6,0.6931471805599453,0.8,0.5238095238095238,0.1,0.3250829733914482
W4411336522,post_ai,2025,Computer Science,26,4.0,0.46153846153846156,3.433466642230941,0.34615384615384615,0.8448351648351649,0.07692307692307693,0.32450838693107065
W4411798985,post_ai,2025,Computer Science,24,5.0,0.2916666666666667,4.317399216745251,0.08333333333333333,0.6442553191489362,0.3333333333333333,0.7621042220469585
W4412069114,post_ai,2025,Computer Science,35,6.0,0.2571428571428571,4.962844630259907,0.14285714285714285,0.6855824056475699,0.08571428571428572,0.38667523607252086
W4412072006,post_ai,2025,Computer Science,36,7.5,0.027777777777777776,4.653234199535202,0.027777777777777776,0.7867386536190315,0.8888888888888888,1.3839575727752578
W4412376962,post_ai,2025,Computer Science,14,4.0,0.5,3.6505739029280164,0.35714285714285715,0.7469009227327803,0.5,1.0913030006468518
W4412676623,post_ai,2025,Computer Science,19,7.0,0.3157894736842105,5.062595033026967,0.2631578947368421,0.8932330504382906,0.7368421052631579,1.5902696011065307
W4412821479,post_ai,2025,Computer Science,73,3.0,0.5205479452054794,4.060443010546419,0.136986301369863,0.9427889733142458,0.7397260273972602,1.95595758220388
W4412837100,post_ai,2025,Computer Science,24,2.5,0.5833333333333334,4.037324537533326,0.3333333333333333,0.9052842514232488,0.375,1.1171468583889022
W4412928977,post_ai,2025,Computer Science,40,3.0,0.575,3.367295829986474,0.35,0.5861753958587089,0.475,1.4535915082110749
W4413205918,post_ai,2025,Computer Science,7,3.0,0.5714285714285714,2.833213344056216,0.2857142857142857,0.8081180811808119,0.0,-0.0
W4413322571,post_ai,2025,Computer Science,25,2.0,0.88,4.204692619390966,0.2,0.95036756646157,0.64,1.6402831117619097
W4413327560,post_ai,2025,Computer Science,20,3.5,0.5,5.699206039090734,0.3,0.9268101913230636,0.25,0.7999027794271169
W4413475155,post_ai,2025,Computer Science,46,9.5,0.15217391304347827,4.016017657199413,0.1956521739130435,0.5785833798103737,0.6304347826086957,1.0518206216345147
W4413553985,post_ai,2025,Computer Science,52,4.0,0.46153846153846156,5.095666055893107,0.15384615384615385,0.7076547028159529,0.038461538461538464,0.1896831364389792
W4413679870,post_ai,2025,Computer Science,18,4.5,0.3333333333333333,4.561682678980888,0.4444444444444444,0.5590256721245199,0.6111111111111112,1.035016633484322
W4414020826,post_ai,2025,Computer Science,21,2.0,0.5714285714285714,4.7535901911063645,0.14285714285714285,0.9791258263278372,0.23809523809523808,0.7751292747786217
W4414116991,post_ai,2025,Computer Science,19,5.0,0.2631578947368421,4.394449154672439,0.3157894736842105,0.644733550162622,0.21052631578947367,0.7335417487636489
W4414196918,post_ai,2025,Computer Science,14,3.5,0.5,4.492973019380161,0.07142857142857142,0.482837528604119,0.14285714285714285,0.410116318288409
W4414197605,post_ai,2025,Computer Science,15,9.0,0.26666666666666666,5.093750200806762,0.2,0.662467939583927,0.06666666666666667,0.24493002679463532
W4414206248,post_ai,2025,Computer Science,30,8.0,0.3333333333333333,2.70805020110221,0.4666666666666667,0.9753422194250264,0.36666666666666664,0.9931948861951468
W4414231817,post_ai,2025,Computer Science,7,23.0,0.14285714285714285,4.875197323201151,0.0,0.6166582192937996,0.0,-0.0
W4415003136,post_ai,2025,Computer Science,36,5.0,0.3611111111111111,3.4292825173956825,0.3611111111111111,0.5347856640899508,0.9722222222222222,0.3783870071118365
W4415027142,post_ai,2025,Computer Science,5,1.0,1.0,2.4849066497880004,0.6,0.47540983606557374,0.4,0.9502705392332347
W4415447912,post_ai,2025,Computer Science,18,3.0,0.5555555555555556,2.4814223151299535,0.5555555555555556,0.9847854356306892,0.9444444444444444,1.9812075507356177
W4415624307,post_ai,2025,Computer Science,28,4.0,0.42857142857142855,6.592598660787848,0.14285714285714285,0.7483869219897865,0.25,0.7614130546622616
W4416229704,post_ai,2025,Computer Science,15,13.0,0.0,4.219507705176107,0.2,0.5142998027613412,0.0,-0.0
W4417333804,post_ai,2025,Computer Science,44,1.0,0.9090909090909091,2.5249280036247685,0.5681818181818182,0.6518478843063739,0.7272727272727273,1.5971041067693879
W4417457004,post_ai,2025,Computer Science,17,3.0,0.5294117647058824,1.791759469228055,0.7058823529411765,0.9630252100840336,0.8823529411764706,0.362210557135449
W7117973277,post_ai,2026,Computer Science,34,6.0,0.2647058823529412,4.491594399632217,0.11764705882352941,0.3364967462039046,0.5294117647058824,1.4628352537921396
W7128300256,post_ai,2026,Computer Science,15,17.0,0.0,3.6635616461296463,0.13333333333333333,0.4599559147685525,0.6666666666666666,0.8532361505557784
W7128618954,post_ai,2026,Computer Science,40,4.0,0.425,3.9991676979764916,0.25,0.4436460974922513,0.375,1.302615529377062
W7128765976,post_ai,2026,Computer Science,5,4.0,0.2,3.1354942159291497,0.2,0.9879384615384615,0.0,-0.0
W7130110154,post_ai,2026,Computer Science,28,16.0,0.03571428571428571,7.14117835380684,0.07142857142857142,0.5656351189693292,0.8214285714285714,1.3084968052764419
W7131671716,post_ai,2026,Computer Science,33,2.0,0.6060606060606061,4.77912349311153,0.12121212121212122,0.5736044455670624,0.696969696969697,1.6560356740073918
W7133224764,post_ai,2026,Computer Science,17,3.0,0.5294117647058824,4.663439094112067,0.11764705882352941,0.9455560639022978,0.7058823529411765,0.8082699580001821
W7135178826,post_ai,2026,Computer Science,18,4.0,0.3888888888888889,5.224400777880346,0.1111111111111111,0.3739008090045726,0.3888888888888889,1.0399095464305241
W7138055272,post_ai,2026,Computer Science,18,15.0,0.05555555555555555,5.334989063660141,0.05555555555555555,0.5433194510821329,0.0,-0.0
W7162753337,post_ai,2026,Computer Science,12,17.5,0.08333333333333333,6.403420672327731,0.08333333333333333,0.7385345563139932,0.5,1.1988493129136213
W7163919894,post_ai,2026,Computer Science,40,5.0,0.2,4.639466581720897,0.125,0.5005772338951743,0.4,1.0019178019407715
W7168028896,post_ai,2026,Computer Science,24,4.0,0.4583333333333333,3.828405045740189,0.4166666666666667,0.7322918246625209,0.125,0.5140966973399506
W2140906039,pre_ai,2020,Computer Science,16,18.5,0.0,3.51542873805806,0.375,0.800963290809685,0.0625,0.2337916587064593
W2794311342,pre_ai,2019,Computer Science,11,4.0,0.36363636363636365,3.58351893845611,0.2727272727272727,0.8704016913319239,0.0,-0.0
W2909077198,pre_ai,2019,Computer Science,23,5.0,0.391304347826087,4.5217885770490405,0.0,0.5941801707614567,0.21739130434782608,0.5235863374812598
W2909500108,pre_ai,2019,Computer Science,15,3.0,0.8,3.6375861597263857,0.2,0.7312629399585922,0.13333333333333333,0.48509409130221154
W2912737147,pre_ai,2019,Computer Science,13,4.0,0.3076923076923077,3.8501476017100584,0.3076923076923077,0.5533262935586061,0.38461538461538464,0.666278442414676
W2934720435,pre_ai,2019,Computer Science,63,9.0,0.1746031746031746,4.394449154672439,0.15873015873015872,0.5916414550059804,0.0,-0.0
W2940934954,pre_ai,2019,Computer Science,36,6.0,0.2777777777777778,4.21494543150672,0.19444444444444445,0.7250866793423555,0.1111111111111111,0.4113137785784551
W2947318733,pre_ai,2019,Computer Science,26,6.5,0.3076923076923077,3.648545502580209,0.15384615384615385,0.8600345541027664,0.3076923076923077,0.9475626455483489
W2949479937,pre_ai,2019,Computer Science,24,6.5,0.20833333333333334,4.773406304298698,0.125,0.640948483389504,0.2916666666666667,0.8358948132176883
W2950666223,pre_ai,2019,Computer Science,32,3.0,0.5625,6.252788528954239,0.1875,0.6893951320885419,0.0,-0.0
W2953256427,pre_ai,2019,Computer Science,19,3.0,0.6842105263157895,2.4849066497880004,0.5263157894736842,0.4694408322496749,0.10526315789473684,0.336495757583516
W2958518407,pre_ai,2019,Computer Science,9,6.0,0.2222222222222222,7.532623618788788,0.0,0.44268732469613997,0.2222222222222222,0.5297061990576545
W2964025765,pre_ai,2019,Computer Science,9,9.0,0.2222222222222222,4.189654742026425,0.3333333333333333,0.925037278026298,0.3333333333333333,0.8486855577264172
W2964127652,pre_ai,2019,Computer Science,26,3.0,0.5384615384615384,4.8440320621185275,0.3076923076923077,0.5903248099516241,0.34615384615384615,0.9388089216582554
W2965346190,pre_ai,2019,Computer Science,48,7.0,0.2916666666666667,5.016731314478937,0.10416666666666667,0.6316745951146507,0.041666666666666664,0.1732052067491771
W2965519969,pre_ai,2019,Computer Science,41,2.0,0.6341463414634146,2.0794415416798357,0.5609756097560976,0.8180129990714949,0.5609756097560976,1.387505798967842
W2966481145,pre_ai,2019,Computer Science,10,6.5,0.4,5.593943802987339,0.2,0.8697786236602224,0.0,-0.0
W2966736435,pre_ai,2019,Computer Science,1,18.0,0.0,4.219507705176107,0.0,1.0,0.0,-0.0
W2967148013,pre_ai,2019,Computer Science,10,2.5,0.6,3.1967953769753157,0.2,0.5026269702276708,0.8,0.5004024235381879
W2968290912,pre_ai,2019,Computer Science,43,4.0,0.32558139534883723,3.1780538303479458,0.3488372093023256,0.7800763452776751,0.5116279069767442,1.2207848729993938
W2968343722,pre_ai,2019,Computer Science,21,4.0,0.42857142857142855,4.418840607796598,0.047619047619047616,0.7427391603578802,0.2857142857142857,0.9532562528406859
W2971841042,pre_ai,2019,Computer Science,16,16.5,0.125,6.420803301478875,0.125,0.5484077014326124,0.25,0.908908734898781
W2973022943,pre_ai,2019,Computer Science,8,6.5,0.125,4.728131255089866,0.25,0.4528593508500773,0.375,0.6615632381579821
W2975230284,pre_ai,2019,Computer Science,6,16.5,0.16666666666666666,5.265701319079229,0.0,0.5530043966780654,1.0,1.329661348854758
W2975573143,pre_ai,2019,Computer Science,16,2.0,0.8125,3.7903498761122814,0.4375,0.7708414113997674,0.0625,0.2337916587064593
W2978450368,pre_ai,2019,Computer Science,26,5.5,0.3076923076923077,2.3502401828962083,0.5384615384615384,0.9539421440726035,0.19230769230769232,0.6924211566971873
W2979001052,pre_ai,2019,Computer Science,4,20.5,0.0,3.58850938295495,0.25,0.4793814432989691,0.25,0.5623351446188083
W2979017968,pre_ai,2019,Computer Science,9,5.0,0.4444444444444444,2.8903717578961645,0.4444444444444444,0.36054421768707484,0.0,-0.0
W2979792193,pre_ai,2019,Computer Science,13,3.0,0.5384615384615384,3.4657359027997265,0.23076923076923078,0.710999281092739,0.0,-0.0
W2980330514,pre_ai,2019,Computer Science,5,1.0,0.4,0.6931471805599453,0.8,0.944,0.4,0.6730116670092565
W2980704780,pre_ai,2019,Computer Science,3,14.0,0.0,4.812184355372417,0.0,0.38903394255874674,0.0,-0.0
W2981542845,pre_ai,2019,Computer Science,18,2.5,0.5555555555555556,3.2930858274273374,0.3888888888888889,0.5802615933412604,0.2222222222222222,0.760755259244303
W2984499846,pre_ai,2019,Computer Science,11,3.0,0.7272727272727273,4.418840607796598,0.18181818181818182,0.8994910941475827,0.36363636363636365,0.6554817739013927
W2984921342,pre_ai,2019,Computer Science,16,4.5,0.3125,4.777850778007322,0.0625,0.8282144059239314,0.0625,0.2337916587064593
W2985613649,pre_ai,2019,Computer Science,5,64.0,0.2,4.624972813284271,0.2,0.982253720223882,1.0,1.3321790402101223
W2987895039,pre_ai,2019,Computer Science,20,7.5,0.15,3.910821563119991,0.3,0.6537727666955767,0.25,0.6874357505033553
W2988335058,pre_ai,2019,Computer Science,28,5.0,0.25,5.040272639827492,0.14285714285714285,0.5732054304528087,0.0,-0.0
W2988384045,pre_ai,2019,Computer Science,17,3.0,0.5882352941176471,4.983606621708336,0.17647058823529413,0.46949869136299577,0.0,-0.0
W2989863068,pre_ai,2019,Computer Science,11,5.0,0.45454545454545453,4.564348191467836,0.45454545454545453,0.6845342706502636,0.7272727272727273,1.8462202193216335
W2991256359,pre_ai,2019,Computer Science,15,3.0,0.6,7.048386408721883,0.13333333333333333,0.6301482332920331,0.06666666666666667,0.24493002679463532
W2992097261,pre_ai,2019,Computer Science,5,3.0,0.6,1.0986122886681098,0.6,0.9511111111111111,0.4,0.9502705392332347
W2992408303,pre_ai,2019,Computer Science,10,5.0,0.3,3.384246605824315,0.3,0.3172268907563025,0.4,1.0888999753452235
W2995558939,pre_ai,2019,Computer Science,14,4.5,0.42857142857142855,3.960041599526617,0.21428571428571427,0.7075745579308524,0.21428571428571427,0.7549967581308246
W2995723163,pre_ai,2020,Computer Science,35,3.0,0.5428571428571428,5.267858159063328,0.05714285714285714,0.8568677661939285,0.02857142857142857,0.12974069471942834
W2995765375,pre_ai,2019,Computer Science,16,1.5,0.8125,2.7546941683139883,0.5,0.9357826626484665,0.5,1.229918603764207
W2995963897,pre_ai,2019,Computer Science,33,2.0,0.8181818181818182,4.060443010546419,0.15151515151515152,0.8837422406148389,0.5757575757575758,1.451582297867833
W2997406158,pre_ai,2019,Computer Science,7,9.0,0.14285714285714285,4.276666119016055,0.14285714285714285,0.5168220510741791,0.0,-0.0
W2997522794,pre_ai,2019,Computer Science,8,6.0,0.375,2.596478425445105,0.5,0.5513899394856279,0.0,-0.0
W2998028256,pre_ai,2020,Computer Science,24,4.5,0.2916666666666667,4.644113455316627,0.125,0.9067778936392075,0.125,0.4563344322932884
W2998479337,pre_ai,2019,Computer Science,26,17.0,0.15384615384615385,6.203460753469006,0.15384615384615385,0.7208218734832551,0.15384615384615385,0.589280063598296
W2999149203,pre_ai,2019,Computer Science,32,8.5,0.1875,4.384753560015113,0.21875,0.8617109550504948,0.0625,0.2771133574914559
W3000666583,pre_ai,2019,Computer Science,26,7.5,0.2692307692307692,5.178077131064294,0.19230769230769232,0.6890223921354451,0.38461538461538464,1.2319740102308725
W3002256414,pre_ai,2019,Computer Science,13,6.0,0.3076923076923077,4.1588830833596715,0.46153846153846156,0.9035157413844473,0.15384615384615385,0.4293230219306162
W3003925629,pre_ai,2020,Computer Science,14,4.0,0.5,6.198123312267044,0.07142857142857142,0.624177835894083,0.07142857142857142,0.25731864054383163
W3004119867,pre_ai,2020,Computer Science,43,9.0,0.20930232558139536,4.820281565605037,0.13953488372093023,0.7174885980989728,0.46511627906976744,1.1474284780431003
W3004363643,pre_ai,2019,Computer Science,1,4.0,0.0,1.0986122886681098,1.0,1.0,1.0,-0.0
W3005240959,pre_ai,2020,Computer Science,2,4.0,0.5,1.4978661367769954,0.5,1.0,0.0,-0.0
W3006072380,pre_ai,2019,Computer Science,7,7.0,0.0,4.04305126783455,0.2857142857142857,0.5962145110410094,0.2857142857142857,0.7963116401738131
W3008970970,pre_ai,2019,Computer Science,2,5.0,0.0,4.528361441655291,0.5,0.9986020503261882,1.0,-0.0
W3010127998,pre_ai,2019,Computer Science,8,3.0,0.625,3.113268334643733,0.375,0.2765957446808511,0.125,0.37677016125643675
W3010660360,pre_ai,2019,Computer Science,24,7.0,0.125,3.9269965436121224,0.16666666666666666,0.8506712089873059,0.5,1.1051267888104863
W3011706535,pre_ai,2020,Computer Science,58,4.5,0.39655172413793105,4.505334588423557,0.15517241379310345,0.9100437802944001,0.05172413793103448,0.26038567972252447
W3012237668,pre_ai,2019,Computer Science,13,16.0,0.0,6.897704943128636,0.15384615384615385,0.42271944922547333,0.46153846153846156,0.6901856760188042
W3012408657,pre_ai,2020,Computer Science,6,6.5,0.3333333333333333,3.1420670805354005,0.5,0.6716196136701337,0.16666666666666666,0.45056120886630463
W3014634591,pre_ai,2020,Computer Science,13,6.0,0.15384615384615385,4.77912349311153,0.07692307692307693,0.5633935797140545,0.0,-0.0
W3015351188,pre_ai,2020,Computer Science,17,9.0,0.058823529411764705,5.187385805840755,0.058823529411764705,0.4196798233508142,0.0,-0.0
W3016483802,pre_ai,2020,Computer Science,17,12.0,0.23529411764705882,5.6240175061873385,0.17647058823529413,0.4320880644881685,0.23529411764705882,0.6779087256441981
W3018341669,pre_ai,2020,Computer Science,17,2.0,0.6470588235294118,2.70805020110221,0.47058823529411764,0.5960264900662252,0.17647058823529413,0.4659992569610426
W3027471241,pre_ai,2019,Computer Science,18,14.0,0.0,4.662726589538344,0.16666666666666666,0.864954698976036,1.0,0.8277381569989198
W3028342024,pre_ai,2020,Computer Science,7,5.0,0.42857142857142855,3.091042453358316,0.2857142857142857,0.5956416464891041,0.0,-0.0
W3031432445,pre_ai,2020,Computer Science,15,4.0,0.4,3.091042453358316,0.4,0.8598289075031189,0.0,-0.0
W3031735745,pre_ai,2020,Computer Science,11,6.0,0.36363636363636365,5.220355825078324,0.09090909090909091,0.797622246104245,0.45454545454545453,1.1209503926735833
W3032554733,pre_ai,2020,Computer Science,52,5.0,0.23076923076923078,4.40043362123524,0.15384615384615385,0.40964493905670374,0.0,-0.0
W3035094063,pre_ai,2020,Computer Science,39,2.0,0.8205128205128205,3.912023005428146,0.3333333333333333,0.9099200190999165,0.0,-0.0
W3035920760,pre_ai,2020,Computer Science,33,4.0,0.3939393939393939,3.970291913552122,0.18181818181818182,0.8002987475583132,0.30303030303030304,0.8070560675328702
W3036533548,pre_ai,2020,Computer Science,7,4.5,0.2857142857142857,4.454347296253507,0.14285714285714285,0.5225515463917526,0.14285714285714285,0.410116318288409
W3036558574,pre_ai,2020,Computer Science,19,6.0,0.21052631578947367,3.8501476017100584,0.21052631578947367,0.8148318747121143,0.2631578947368421,0.7534424611802384
W3037440665,pre_ai,2019,Computer Science,19,2.0,0.8421052631578947,2.833213344056216,0.47368421052631576,0.6391797556719022,0.15789473684210525,0.4361623253853443
W3038829008,pre_ai,2020,Computer Science,22,8.0,0.3181818181818182,4.910867525331934,0.22727272727272727,0.5657544659825161,0.5909090909090909,1.4606151660689073
W3039861198,pre_ai,2020,Computer Science,42,4.0,0.40476190476190477,2.7058230259275198,0.5,0.6001738374619731,0.14285714285714285,0.4744822052693097
W3041347230,pre_ai,2020,Computer Science,5,9.5,0.2,3.784189633918261,0.2,0.6287625418060201,0.2,0.5004024235381879
W3045672748,pre_ai,2020,Computer Science,10,13.5,0.2,5.923447285686661,0.2,0.5003060912151821,0.4,0.8979457248567797
W3046016773,pre_ai,2020,Computer Science,15,14.0,0.13333333333333333,4.77912349311153,0.06666666666666667,0.7338737410955539,1.0,-0.0
W3048074874,pre_ai,2020,Computer Science,18,12.0,0.3333333333333333,3.406722299755448,0.3333333333333333,0.9408964406034862,0.2777777777777778,0.8838756262717337
W3080552462,pre_ai,2020,Computer Science,20,4.0,0.4,4.510799123689653,0.2,0.5902192242833052,0.0,-0.0
W3081071555,pre_ai,2019,Computer Science,14,3.5,0.5,2.302585092994046,0.7142857142857143,0.6007905138339921,0.2857142857142857,0.5982695885852573
W3083637667,pre_ai,2020,Computer Science,20,6.0,0.4,2.8314802400679726,0.45,0.8097182523478971,0.1,0.3250829733914482
W3086061467,pre_ai,2020,Computer Science,13,6.0,0.23076923076923078,4.07753744390572,0.23076923076923078,0.916078601671914,0.0,-0.0
W3087945586,pre_ai,2020,Computer Science,22,3.5,0.5,2.6364997792818734,0.5,0.8510523475445224,0.18181818181818182,0.47413931305783735
W3089862094,pre_ai,2020,Computer Science,30,7.0,0.36666666666666664,3.1780538303479458,0.3,0.5170157068062827,0.3333333333333333,1.172993472439513
W3090384183,pre_ai,2020,Computer Science,19,10.0,0.10526315789473684,4.07753744390572,0.10526315789473684,0.6407085561497327,0.7368421052631579,1.188260652709807
W3092566008,pre_ai,2020,Computer Science,15,5.0,0.4,3.4965075614664802,0.2,0.5888625592417062,0.06666666666666667,0.24493002679463532
W3092585369,pre_ai,2020,Computer Science,18,6.0,0.05555555555555555,4.588081460087298,0.3333333333333333,0.4215413184772516,0.05555555555555555,0.2145591551764051
W3093489464,pre_ai,2020,Computer Science,7,1.0,1.0,1.6094379124341003,0.7142857142857143,0.6330275229357798,0.42857142857142855,0.6829081047004717
W3098670919,pre_ai,2019,Computer Science,9,16.0,0.1111111111111111,2.3978952727983707,0.6666666666666666,0.5064935064935064,0.8888888888888888,0.8486855577264172
W3099187539,pre_ai,2020,Computer Science,25,5.0,0.36,3.8501476017100584,0.32,0.6293423271500843,0.8,0.9906979855077475
W3108106289,pre_ai,2020,Computer Science,4,8.0,0.0,0.34657359027997264,1.0,0.8571428571428571,0.75,1.3862943611198906
W3110090471,pre_ai,2020,Computer Science,11,8.0,0.0,4.718498871295094,0.09090909090909091,0.4167832167832168,0.36363636363636365,0.8599672810355049
W3110219956,pre_ai,2020,Computer Science,4,1.0,0.75,1.8444397270569683,1.0,0.46153846153846156,0.25,0.5623351446188083
W3110516712,pre_ai,2020,Computer Science,25,5.0,0.4,4.61512051684126,0.08,0.7453183520599251,0.0,-0.0
W3112248899,pre_ai,2020,Computer Science,39,7.0,0.358974358974359,3.6888794541139363,0.1794871794871795,0.9081164188411874,0.6666666666666666,1.640028248816667
W3112782334,pre_ai,2020,Computer Science,47,4.0,0.46808510638297873,6.042632833682381,0.10638297872340426,0.649632484537713,0.0425531914893617,0.20547074980230556
W3112906266,pre_ai,2021,Computer Science,36,3.0,0.5,5.35654177286966,0.1111111111111111,0.822234445186553,0.027777777777777776,0.12693054534140227
W3113415248,pre_ai,2020,Computer Science,3,5.0,0.3333333333333333,1.6094379124341003,0.6666666666666666,0.7777777777777778,0.6666666666666666,1.0986122886681096
W3114110555,pre_ai,2021,Computer Science,22,9.5,0.045454545454545456,3.5964671106078994,0.13636363636363635,0.7646373434314011,0.2727272727272727,0.7088329479943613
W3114645596,pre_ai,2020,Computer Science,18,10.0,0.2222222222222222,5.210068094802454,0.2222222222222222,0.5643796992481203,0.8333333333333334,1.2740230624414666
W3115555537,pre_ai,2020,Computer Science,9,9.0,0.2222222222222222,4.532599493153256,0.1111111111111111,0.4365994236311239,0.2222222222222222,0.6837389058487535
W3116938188,pre_ai,2020,Computer Science,13,2.0,0.6923076923076923,2.0794415416798357,0.5384615384615384,0.8770571151984511,0.15384615384615385,0.4293230219306162
W3117122667,pre_ai,2020,Computer Science,25,4.0,0.44,2.5649493574615367,0.56,0.9923395705136255,0.04,0.167944147734173
W3119240387,pre_ai,2021,Computer Science,11,3.0,0.6363636363636364,4.174387269895637,0.18181818181818182,0.9387117310029516,0.7272727272727273,1.2945451658448959
W3124639310,pre_ai,2020,Computer Science,132,4.0,0.45454545454545453,4.442651256490317,0.25757575757575757,0.8369760219850658,0.08333333333333333,0.4151948018250371
W3127182253,pre_ai,2021,Computer Science,36,3.0,0.5277777777777778,3.1934396596813226,0.3888888888888889,0.9686258695433008,0.3055555555555556,0.7945393600908869
W3127371221,pre_ai,2021,Computer Science,18,4.0,0.4444444444444444,4.845394629541728,0.1111111111111111,0.6934938992885815,0.8888888888888888,1.397991702060472
W3128274826,pre_ai,2020,Computer Science,15,2.0,0.9333333333333333,2.995732273553991,0.3333333333333333,0.776566757493188,0.06666666666666667,0.24493002679463532
W3128347067,pre_ai,2020,Computer Science,2,5.0,0.5,4.471687770556562,0.0,0.9571428571428572,0.0,-0.0
W3128622939,pre_ai,2021,Computer Science,47,3.0,0.574468085106383,4.110873864173311,0.1276595744680851,0.7623524103181168,0.3617021276595745,0.9402208472848558
W3129007965,pre_ai,2021,Computer Science,27,3.0,0.7037037037037037,4.553876891600541,0.07407407407407407,0.8380326255097736,0.25925925925925924,0.9547078905567682
W3129496445,pre_ai,2021,Computer Science,28,10.0,0.10714285714285714,5.110170001143844,0.0,0.6792709277200809,0.10714285714285714,0.40869772507431423
W3130784123,pre_ai,2021,Computer Science,7,6.0,0.0,4.672828834461906,0.14285714285714285,0.4731121281464531,0.0,-0.0
W3131539761,pre_ai,2021,Computer Science,24,3.0,0.5416666666666666,2.6735537653587342,0.5,0.9185623293903549,0.2916666666666667,0.9401453181214775
W3133103434,pre_ai,2021,Computer Science,30,6.5,0.26666666666666666,3.9792884519069496,0.16666666666666666,0.5557934171795558,0.43333333333333335,0.8017471601150995
W3133357144,pre_ai,2021,Computer Science,35,5.0,0.2857142857142857,4.882801922586371,0.08571428571428572,0.6700882405906717,0.14285714285714285,0.410116318288409
W3135300972,pre_ai,2021,Computer Science,8,4.0,0.375,5.894448366421968,0.125,0.7867725573945542,0.0,-0.0
W3137918754,pre_ai,2021,Computer Science,27,6.0,0.3333333333333333,4.007333185232471,0.07407407407407407,0.5459610027855153,0.6666666666666666,1.3914583869683386
W3140793567,pre_ai,2021,Computer Science,48,3.0,0.5,4.482986592105173,0.1875,0.8290886075949367,0.0625,0.2735737942248851
W3150221581,pre_ai,2021,Computer Science,9,3.0,0.5555555555555556,1.9459101490553132,0.6666666666666666,0.9181042654028436,0.0,-0.0
W3150788410,pre_ai,2021,Computer Science,14,5.0,0.21428571428571427,6.111248511972158,0.07142857142857142,0.7887541576094074,0.0,-0.0
W3155741812,pre_ai,2021,Computer Science,66,4.0,0.4090909090909091,2.8029010331479984,0.4393939393939394,0.9692834291594891,0.21212121212121213,0.765146920583685
W3156437603,pre_ai,2021,Computer Science,37,14.0,0.05405405405405406,4.820281565605037,0.13513513513513514,0.5632939392024269,0.0,-0.0
W3157519730,pre_ai,2021,Computer Science,63,8.0,0.1111111111111111,3.6635616461296463,0.20634920634920634,0.9185480830244899,0.9682539682539683,1.7122731904889201
W3159551194,pre_ai,2021,Computer Science,16,8.0,0.0625,4.0942056540395155,0.125,0.8980495698833149,1.0,0.7029189307735104
W3160314615,pre_ai,2021,Computer Science,25,4.0,0.48,3.091042453358316,0.36,0.6425992779783394,0.08,0.33422114621338295
W3160621230,pre_ai,2021,Computer Science,13,11.0,0.15384615384615385,4.356708826689592,0.3076923076923077,0.5698123620309051,0.9230769230769231,0.6870920273799715
W3160807235,pre_ai,2021,Computer Science,13,1.0,0.8461538461538461,1.3862943611198906,1.0,0.40425531914893614,0.07692307692307693,0.2711893730418441
W3162923043,pre_ai,2021,Computer Science,19,4.0,0.42105263157894735,5.231108616854587,0.10526315789473684,0.6405703010629495,1.0,0.9269075593909928
W3163242165,pre_ai,2021,Computer Science,5,3.0,0.6,2.1972245773362196,0.6,0.4788732394366197,0.0,-0.0
W3163575922,pre_ai,2021,Computer Science,11,4.0,0.18181818181818182,6.863803391452954,0.09090909090909091,0.8093330942275888,0.0,-0.0
W3163602680,pre_ai,2021,Computer Science,25,6.0,0.32,4.912654885736052,0.04,0.7100514886948736,0.0,-0.0
W3163605308,pre_ai,2021,Computer Science,20,3.0,0.65,3.511434043041321,0.2,0.8317938296693146,0.05,0.1985152433458726
W3163685933,pre_ai,2019,Computer Science,9,11.0,0.1111111111111111,5.241747015059643,0.3333333333333333,0.7205289373814042,0.8888888888888888,0.34883209584303193
W3166901817,pre_ai,2021,Computer Science,29,8.0,0.2413793103448276,5.579729825986222,0.20689655172413793,0.7138512958194072,0.06896551724137931,0.2987580581893401
W3167194073,pre_ai,2021,Computer Science,18,5.5,0.2777777777777778,2.3221954495706862,0.5555555555555556,0.44087992667277726,0.1111111111111111,0.34883209584303193
W3169472279,pre_ai,2021,Computer Science,11,3.0,0.5454545454545454,2.5649493574615367,0.7272727272727273,0.43795620437956206,0.2727272727272727,0.8855741515766717
W3170907748,pre_ai,2020,Computer Science,18,5.0,0.2222222222222222,4.4688719684712215,0.2222222222222222,0.8977723527616722,0.2777777777777778,0.8838756262717337
W3172417134,pre_ai,2021,Computer Science,20,4.0,0.35,5.665269953064094,0.1,0.6381295753022784,0.05,0.1985152433458726
W3173000472,pre_ai,2021,Computer Science,5,3.0,0.6,1.6094379124341003,0.6,0.5068493150684932,0.4,0.6730116670092565
W3173210686,pre_ai,2021,Computer Science,8,2.5,0.625,3.2228599096927892,0.25,0.8408393039918116,1.0,0.9743147528693494
W3175602168,pre_ai,2021,Computer Science,23,3.0,0.6086956521739131,5.170483995038151,0.21739130434782608,0.613533978721365,0.0,-0.0
W3176302227,pre_ai,2021,Computer Science,56,4.0,0.44642857142857145,5.045149507301467,0.08928571428571429,0.8203574593002962,0.125,0.4962326476455035
W3176484337,pre_ai,2021,Computer Science,36,3.0,0.6111111111111112,4.737466460601466,0.1388888888888889,0.7987899129973943,0.25,0.7745065340504126
W3176687530,pre_ai,2021,Computer Science,16,7.0,0.375,5.080921897803041,0.125,0.5472345579329835,0.0625,0.2337916587064593
W3176731257,pre_ai,2021,Computer Science,25,16.0,0.16,4.330733340286331,0.32,0.6837664529193385,0.8,1.0503510239408722
W3180107296,pre_ai,2021,Computer Science,13,4.0,0.07692307692307693,4.962844630259907,0.23076923076923078,0.7238721378372251,0.0,-0.0
W3182416960,pre_ai,2021,Computer Science,15,7.0,0.3333333333333333,4.04305126783455,0.2,0.42275483684666476,0.3333333333333333,1.0805738483648537
W3183436390,pre_ai,2021,Computer Science,43,7.0,0.3023255813953488,3.044522437723423,0.37209302325581395,0.8326264274061991,0.4883720930232558,1.1158362112554383
W3184020822,pre_ai,2021,Computer Science,25,4.0,0.48,5.318119993844216,0.12,0.5383003177608005,0.0,-0.0
W3186696009,pre_ai,2021,Computer Science,26,4.0,0.34615384615384615,3.8176519431297073,0.38461538461538464,0.8257298970830355,0.15384615384615385,0.6425990774875227
W3191642774,pre_ai,2021,Computer Science,27,4.0,0.48148148148148145,3.4011973816621555,0.37037037037037035,0.6933667083854819,0.3333333333333333,0.9194093542036186
W3191679877,pre_ai,2021,Computer Science,23,7.0,0.17391304347826086,6.194405391104672,0.08695652173913043,0.5145090480779527,0.043478260869565216,0.17884491271684755
W3192134083,pre_ai,2021,Computer Science,40,2.0,0.725,4.844713809977481,0.25,0.9341752868620851,0.0,-0.0
W3194853076,pre_ai,2021,Computer Science,30,9.5,0.23333333333333334,3.4652473829758135,0.23333333333333334,0.753808787811879,0.26666666666666666,0.756332034926896
W3195198387,pre_ai,2021,Computer Science,8,4.5,0.375,1.868834809141684,0.625,0.9025293028994448,0.625,1.4941751382893085
W3196180395,pre_ai,2021,Computer Science,11,10.0,0.18181818181818182,1.3862943611198906,0.6363636363636364,0.835511982570806,0.18181818181818182,0.6001660731596457
W3196805565,pre_ai,2021,Computer Science,10,2.5,0.8,3.562239131246712,0.4,0.25925925925925924,0.6,1.2798542258336674
W3197053634,pre_ai,2021,Computer Science,64,5.0,0.3125,2.8029010331479984,0.46875,0.9151446398184913,0.90625,1.1399889048097909
W3197577391,pre_ai,2021,Computer Science,13,4.0,0.46153846153846156,4.31748811353631,0.15384615384615385,0.6427400852179613,0.23076923076923078,0.6870920273799715
W3198701169,pre_ai,2021,Computer Science,11,4.0,0.45454545454545453,3.295836866004329,0.36363636363636365,0.7711267605633803,0.36363636363636365,1.0335620542068176
W3199265610,pre_ai,2021,Computer Science,30,5.0,0.26666666666666666,5.110515889635911,0.1,0.7145000682035193,0.4,1.2624126210415159
W3200997590,pre_ai,2021,Computer Science,33,5.0,0.42424242424242425,3.9512437185814275,0.24242424242424243,0.9338340691474113,0.6060606060606061,1.324463966838193
W3201320135,pre_ai,2021,Computer Science,32,9.5,0.28125,4.032318237887111,0.3125,0.856956112524837,0.28125,0.6922390496806912
W3202533460,pre_ai,2021,Computer Science,53,4.0,0.49056603773584906,3.1780538303479458,0.4339622641509434,0.9218098415346122,0.8113207547169812,1.9796146124114529
W3202931411,pre_ai,2021,Computer Science,9,9.0,0.0,4.762173934797756,0.3333333333333333,0.703483998538483,0.2222222222222222,0.6837389058487535
W3203086135,pre_ai,2021,Computer Science,8,7.0,0.125,2.8029010331479984,0.25,0.16101694915254236,0.625,0.6615632381579821
W3205946232,pre_ai,2021,Computer Science,34,2.5,0.6470588235294118,2.931815587799049,0.4411764705882353,0.7309719586759434,0.9411764705882353,1.0383882277023366
W3206079648,pre_ai,2021,Computer Science,90,3.0,0.8222222222222222,3.1567740231385475,0.34444444444444444,0.7678543764523625,0.011111111111111112,0.06104703803959342
W3207868653,pre_ai,2021,Computer Science,16,2.0,0.75,1.9356005054539454,0.625,0.4523809523809524,0.5625,1.9212530320280816
W3208402638,pre_ai,2021,Computer Science,18,5.0,0.16666666666666666,5.154609645880862,0.1111111111111111,0.6922710846061183,0.0,-0.0
W3214770367,pre_ai,2021,Computer Science,15,1.0,0.8,3.6375861597263857,0.3333333333333333,0.6044158233670653,0.7333333333333333,1.8989267893363289
W3216023089,pre_ai,2021,Computer Science,7,5.0,0.42857142857142855,2.0794415416798357,1.0,0.2564102564102564,0.14285714285714285,0.410116318288409
W3216243542,pre_ai,2021,Computer Science,7,1.0,1.0,1.791759469228055,0.5714285714285714,0.5239130434782608,0.8571428571428571,1.7478680974667573
W3216244992,pre_ai,2021,Computer Science,6,6.0,0.0,3.8354474156810587,0.16666666666666666,0.3279742765273312,0.16666666666666666,0.45056120886630463
W3216331645,pre_ai,2021,Computer Science,61,2.0,0.7213114754098361,3.6888794541139363,0.26229508196721313,0.9423431611023496,0.08196721311475409,0.36143892077703765
W3216713162,pre_ai,2021,Computer Science,8,5.0,0.5,3.803939036639254,0.375,0.48018494055482164,1.0,0.5623351446188083
W3216797791,pre_ai,2021,Computer Science,29,6.0,0.3448275862068966,3.871201010907891,0.2413793103448276,0.5352777777777777,0.20689655172413793,0.5098156995816887
W3217174641,pre_ai,2021,Computer Science,14,19.0,0.2857142857142857,4.897895488540376,0.14285714285714285,0.466278101582015,0.14285714285714285,0.410116318288409
W4200107606,pre_ai,2021,Computer Science,56,5.0,0.4107142857142857,4.8242331311619475,0.19642857142857142,0.9189307691721125,0.10714285714285714,0.5077187508685921
W4200157532,pre_ai,2021,Computer Science,6,3.0,0.6666666666666666,2.1910133173369406,0.6666666666666666,0.9550983899821109,0.8333333333333334,1.242453324894
W4200403662,pre_ai,2021,Computer Science,6,8.0,0.16666666666666666,3.332204510175204,0.3333333333333333,0.4831288343558282,0.3333333333333333,0.6365141682948128
W4205211987,pre_ai,2021,Computer Science,25,2.0,0.76,2.5649493574615367,0.56,0.5558441558441558,0.08,0.33422114621338295
W4205934924,pre_ai,2021,Computer Science,14,0.5,0.8571428571428571,0.6931471805599453,0.9285714285714286,0.8148148148148148,0.5714285714285714,1.6357434952314975
W4206012920,pre_ai,2021,Computer Science,7,3.0,0.5714285714285714,1.0986122886681098,0.7142857142857143,0.800251256281407,0.14285714285714285,0.410116318288409
W4206380651,pre_ai,2021,Computer Science,12,3.5,0.5,2.3502401828962083,0.6666666666666666,0.5328947368421053,0.25,0.8369882167858358
W4211216292,pre_ai,2021,Computer Science,10,5.0,0.2,5.642981063776577,0.1,0.32186287192755497,0.0,-0.0
W4214893325,pre_ai,2021,Computer Science,8,2.5,0.625,2.3767950955531822,0.5,0.5476302205537307,0.875,1.3862943611198906
W4226439497,pre_ai,2021,Computer Science,2,6.5,0.0,0.8047189562170501,1.0,1.0,0.5,0.6931471805599453
W4230967253,pre_ai,2020,Computer Science,59,4.0,0.4406779661016949,4.04305126783455,0.23728813559322035,0.850217556970427,0.6101694915254238,1.4298479512854754
W4241356014,pre_ai,2019,Computer Science,9,15.0,0.0,3.8066624897703196,0.1111111111111111,0.8569643262894797,0.3333333333333333,1.0027182645175161
W4247133552,pre_ai,2020,Computer Science,19,8.0,0.2631578947368421,3.332204510175204,0.47368421052631576,0.6667474168711753,0.7894736842105263,1.5306052420589422
W4249114323,pre_ai,2020,Computer Science,11,7.0,0.45454545454545453,5.14166355650266,0.09090909090909091,0.8911834319526627,0.36363636363636365,1.0335620542068176
W4401047903,pre_ai,2019,Computer Science,9,5.0,0.2222222222222222,1.6094379124341003,0.7777777777777778,0.2777777777777778,0.0,-0.0
