treatment_dataset,control_dataset,metric,treatment_change,control_change,did_estimate,interaction_coef,interaction_p_value,interaction_q_value_bh,significant_q_0_05
openalex_cs_1000,openalex_pure_math_1000,cited_field_entropy,0.0537741415964877,0.0054171900156742,0.0483569515808134,0.0483569515808191,0.0959258265351025,0.1233332055451318,False
openalex_cs_1000,openalex_pure_math_1000,mean_score,-0.0007810744355866,-6.618322498352924e-05,-0.000714891210603,-0.0007148912106039,0.7602150075804092,0.8521510357841016,False
openalex_cs_1000,openalex_pure_math_1000,median_cited_age,-0.7897621239329782,0.2205145445537546,-1.0102766684867328,-1.0102766684867954,0.0298414100404898,0.0537145380728817,False
openalex_cs_1000,openalex_pure_math_1000,median_log1p_cited_by_count,0.0708616197179869,-0.0770332144101142,0.1478948341281012,0.1478948341281065,0.048072456807782,0.072108685211673,False
openalex_cs_1000,openalex_pure_math_1000,share_cross_field_refs,0.0566076997213058,0.0102669793690557,0.04634072035225,0.0463407203522524,0.0128149906468663,0.0288337289554493,True
openalex_cs_1000,openalex_pure_math_1000,share_low_citation_refs,-0.0203526042337585,0.0209809887783394,-0.0413335930120979,-0.0413335930120977,0.0023806715582483,0.0214260440242348,True
openalex_cs_1000,openalex_pure_math_1000,share_recent_refs_3yr,0.0400520280218136,0.0028306086560505,0.0372214193657631,0.0372214193657637,0.0093760217742443,0.028128065322733,True
openalex_cs_1000,openalex_pure_math_1000,share_relevant_low_citation_refs,-0.0157522164773402,0.0178901920630695,-0.0336424085404098,-0.03364240854041,0.0083941102119343,0.028128065322733,True
openalex_cs_1000,openalex_pure_math_1000,top10pct_share_of_citation_mass,0.0102063731781624,0.007900673162309,0.0023057000158533,0.0023057000158536,0.8521510357841016,0.8521510357841016,False
openalex_education_1000,openalex_pure_math_1000,cited_field_entropy,0.0713832630952668,0.0054171900156742,0.0659660730795926,0.0659660730795923,0.0191162029958669,0.0573486089876008,False
openalex_education_1000,openalex_pure_math_1000,mean_score,0.0016065447950758,-6.618322498352924e-05,0.0016727280200593,0.0016727280200596,0.4213509879468651,0.4740198614402232,False
openalex_education_1000,openalex_pure_math_1000,median_cited_age,-1.4638846384344966,0.2205145445537546,-1.6843991829882512,-1.684399182988274,0.0003984925112394,0.0017932163005775,True
openalex_education_1000,openalex_pure_math_1000,median_log1p_cited_by_count,0.0016288097190053,-0.0770332144101142,0.0786620241291196,0.0786620241291261,0.3059504992854143,0.3933649276526755,False
openalex_education_1000,openalex_pure_math_1000,share_cross_field_refs,0.0184311424010615,0.0102669793690557,0.0081641630320057,0.0081641630320059,0.6332824003488664,0.6332824003488664,False
openalex_education_1000,openalex_pure_math_1000,share_low_citation_refs,-0.0004437596547384,0.0209809887783394,-0.0214247484330779,-0.0214247484330786,0.1393196393968315,0.313469188642871,False
openalex_education_1000,openalex_pure_math_1000,share_recent_refs_3yr,0.0649996665928481,0.0028306086560505,0.0621690579367976,0.0621690579367966,2.751811432443403e-05,0.0002476630289199,True
openalex_education_1000,openalex_pure_math_1000,share_relevant_low_citation_refs,0.0031737547443069,0.0178901920630695,-0.0147164373187625,-0.0147164373187631,0.2898404494196558,0.3933649276526755,False
openalex_education_1000,openalex_pure_math_1000,top10pct_share_of_citation_mass,-0.0057325185225209,0.007900673162309,-0.01363319168483,-0.0136331916848308,0.2792950373088071,0.3933649276526755,False
openalex_health_informatics_1000,openalex_pure_math_1000,cited_field_entropy,-0.1307796452819558,0.0054171900156742,-0.1361968352976301,-0.1361968352976295,1.335179909321044e-06,3.0041547959723493e-06,True
openalex_health_informatics_1000,openalex_pure_math_1000,mean_score,0.0114808234166003,-6.618322498352924e-05,0.0115470066415839,0.0115470066415837,4.861760145104705e-09,4.3755841305942355e-08,True
openalex_health_informatics_1000,openalex_pure_math_1000,median_cited_age,-0.5259564564564565,0.2205145445537546,-0.7464710010102111,-0.7464710010102226,0.0778434313546933,0.0778434313546933,False
openalex_health_informatics_1000,openalex_pure_math_1000,median_log1p_cited_by_count,0.2426298852182151,-0.0770332144101142,0.3196630996283294,0.319663099628328,1.1957650317991796e-06,3.0041547959723493e-06,True
openalex_health_informatics_1000,openalex_pure_math_1000,share_cross_field_refs,-0.063131338837257,0.0102669793690557,-0.0733983182063127,-0.0733983182063125,1.0994503250679758e-05,1.9790105851223564e-05,True
openalex_health_informatics_1000,openalex_pure_math_1000,share_low_citation_refs,-0.0402420580156117,0.0209809887783394,-0.0612230467939512,-0.0612230467939512,6.696219791494598e-07,3.0041547959723493e-06,True
openalex_health_informatics_1000,openalex_pure_math_1000,share_recent_refs_3yr,0.040873292200294,0.0028306086560505,0.0380426835442435,0.0380426835442438,0.00606917862315,0.0078032296583357,True
openalex_health_informatics_1000,openalex_pure_math_1000,share_relevant_low_citation_refs,-0.0180440023640171,0.0178901920630695,-0.0359341944270867,-0.0359341944270867,0.0018460510851616,0.0027690766277424,True
openalex_health_informatics_1000,openalex_pure_math_1000,top10pct_share_of_citation_mass,0.0343772906021404,0.007900673162309,0.0264766174398314,0.0264766174398311,0.0294695946180076,0.0331532939452586,True
openalex_psychology_1000,openalex_pure_math_1000,cited_field_entropy,0.0247122090827578,0.0054171900156742,0.0192950190670835,0.0192950190670839,0.4613613143139845,0.6920419714709768,False
openalex_psychology_1000,openalex_pure_math_1000,mean_score,-0.0001056830934803,-6.618322498352924e-05,-3.9499868496828405e-05,-3.94998684968141e-05,0.9834406761007006,0.9834406761007006,False
openalex_psychology_1000,openalex_pure_math_1000,median_cited_age,-0.3724999999999987,0.2205145445537546,-0.5930145445537534,-0.5930145445537459,0.1995817000896156,0.5788231263368735,False
openalex_psychology_1000,openalex_pure_math_1000,median_log1p_cited_by_count,-0.0094399365856956,-0.0770332144101142,0.0675932778244186,0.0675932778244198,0.3017936050935533,0.5788231263368735,False
openalex_psychology_1000,openalex_pure_math_1000,share_cross_field_refs,0.016106982503445,0.0102669793690557,0.0058400031343892,0.0058400031343891,0.7285569823922878,0.8312667233861549,False
openalex_psychology_1000,openalex_pure_math_1000,share_low_citation_refs,0.0048245141937585,0.0209809887783394,-0.0161564745845808,-0.016156474584581,0.1994377715672382,0.5788231263368735,False
openalex_psychology_1000,openalex_pure_math_1000,share_recent_refs_3yr,0.0071626810121013,0.0028306086560505,0.0043320723560508,0.0043320723560507,0.7389037541210266,0.8312667233861549,False
openalex_psychology_1000,openalex_pure_math_1000,share_relevant_low_citation_refs,0.0058845212150918,0.0178901920630695,-0.0120056708479777,-0.0120056708479779,0.3215684035204852,0.5788231263368735,False
openalex_psychology_1000,openalex_pure_math_1000,top10pct_share_of_citation_mass,0.0326638910611748,0.007900673162309,0.0247632178988658,0.0247632178988653,0.0385037280118414,0.3465335521065725,False
openalex_public_health_1000,openalex_pure_math_1000,cited_field_entropy,0.0341553796627203,0.0054171900156742,0.028738189647046,0.0287381896470461,0.3229270704994932,0.44683962706489,False
openalex_public_health_1000,openalex_pure_math_1000,mean_score,-0.0010151646861937,-6.618322498352924e-05,-0.0009489814612102,-0.0009489814612102,0.635048255019817,0.635048255019817,False
openalex_public_health_1000,openalex_pure_math_1000,median_cited_age,-0.3434219219219221,0.2205145445537546,-0.5639364664756767,-0.563936466475678,0.2065130356869964,0.3717234642365935,False
openalex_public_health_1000,openalex_pure_math_1000,median_log1p_cited_by_count,0.0486218729526175,-0.0770332144101142,0.1256550873627318,0.1256550873627318,0.0432833520720808,0.1851849309637495,False
openalex_public_health_1000,openalex_pure_math_1000,share_cross_field_refs,0.0190411884306952,0.0102669793690557,0.0087742090616394,0.0087742090616395,0.6042419332302302,0.635048255019817,False
openalex_public_health_1000,openalex_pure_math_1000,share_low_citation_refs,-0.0024984990255904,0.0209809887783394,-0.0234794878039298,-0.0234794878039297,0.0617283103212498,0.1851849309637495,False
openalex_public_health_1000,openalex_pure_math_1000,share_recent_refs_3yr,0.0148622452762028,0.0028306086560505,0.0120316366201523,0.0120316366201524,0.3475419321615811,0.44683962706489,False
openalex_public_health_1000,openalex_pure_math_1000,share_relevant_low_citation_refs,-0.0031129085134229,0.0178901920630695,-0.0210031005764925,-0.0210031005764924,0.0877139187339152,0.1973563171513092,False
openalex_public_health_1000,openalex_pure_math_1000,top10pct_share_of_citation_mass,0.0317899708036758,0.007900673162309,0.0238892976413668,0.0238892976413671,0.0549791130969009,0.1851849309637495,False
