metric,CS,Health Informatics,Public Health,Psychology,Education
median_cited_age,0.0537145380728817,0.0778434313546933,0.3717234642365935,0.5788231263368735,0.0017932163005775
share_recent_refs_3yr,0.028128065322733,0.0078032296583357,0.44683962706489,0.8312667233861549,0.0002476630289199
median_log1p_cited_by_count,0.072108685211673,3.0041547959723493e-06,0.1851849309637495,0.5788231263368735,0.3933649276526755
share_low_citation_refs,0.0214260440242348,3.0041547959723493e-06,0.1851849309637495,0.5788231263368735,0.313469188642871
top10pct_share_of_citation_mass,0.8521510357841016,0.0331532939452586,0.1851849309637495,0.3465335521065725,0.3933649276526755
share_cross_field_refs,0.0288337289554493,1.9790105851223564e-05,0.635048255019817,0.8312667233861549,0.6332824003488664
cited_field_entropy,0.1233332055451318,3.0041547959723493e-06,0.44683962706489,0.6920419714709768,0.0573486089876008
mean_score,0.8521510357841016,4.3755841305942355e-08,0.635048255019817,0.9834406761007006,0.4740198614402232
share_relevant_low_citation_refs,0.028128065322733,0.0027690766277424,0.1973563171513092,0.5788231263368735,0.3933649276526755
