ai_period,seed_citation_stratum,seed_papers,mean_seed_cited_by_count,median_seed_cited_by_count,mean_reference_count,mean_usable_reference_count
post_ai,high,16,6.0625,5.0,34.0625,19.6875
post_ai,low,17,0.0,0.0,25.41176470588235,15.058823529411764
post_ai,medium,17,0.8235294117647058,1.0,26.941176470588236,14.882352941176471
pre_ai,high,16,61.875,25.5,22.625,11.25
pre_ai,low,17,1.411764705882353,1.0,16.11764705882353,7.0
pre_ai,medium,17,8.176470588235293,8.0,17.823529411764707,10.176470588235293
transition,high,16,13.25,9.5,39.875,23.625
transition,low,17,0.4117647058823529,0.0,22.941176470588236,11.411764705882353
transition,medium,17,3.2941176470588234,3.0,24.294117647058822,11.764705882352942
