query_ai_group,query_id,n_reference_pairs,median_visibility_cited_by_count,mean_scincl
post_ai,W4363682607,13,0.0,
post_ai,W4382699092,1,0.0,
post_ai,W4413014653,3,0.0,
post_ai,W4410968261,10,1.0,
post_ai,W4413873321,4,1.0,
post_ai,W4401291380,9,2.0,
post_ai,W4412495389,23,2.0,
post_ai,W4414764353,13,2.0,
post_ai,W4386764535,5,3.0,
post_ai,W4387163057,12,3.0,
post_ai,W4388575936,12,3.0,
post_ai,W4413472950,3,3.0,
post_ai,W4400054454,10,3.5,
post_ai,W4405943844,14,4.0,
post_ai,W4361004002,9,5.0,
post_ai,W4401557343,18,5.0,
post_ai,W4389481757,21,6.0,
post_ai,W4404030965,16,6.0,
post_ai,W7160993881,17,6.0,
post_ai,W4390049963,9,8.0,
post_ai,W4400172476,23,8.0,
post_ai,W4407365724,33,8.0,
post_ai,W4411080477,10,8.5,
post_ai,W4401232586,7,9.0,
post_ai,W4401702961,9,9.0,
post_ai,W4413799656,22,9.0,
post_ai,W4400216375,14,9.5,
post_ai,W4386941210,21,10.0,
post_ai,W4402318443,57,10.0,
post_ai,W7106557653,17,10.0,
post_ai,W4405074354,8,10.5,
post_ai,W4392308567,8,11.0,
post_ai,W4400321860,28,11.0,
post_ai,W4406073030,29,11.0,
post_ai,W4408411320,11,11.0,
post_ai,W4416784687,25,11.0,
post_ai,W7117449054,25,11.0,
post_ai,W4411191655,35,12.0,
post_ai,W4366830132,8,13.0,
post_ai,W4396232028,14,13.0,
post_ai,W4405151532,40,13.0,
post_ai,W4388234831,9,14.0,
post_ai,W4415819901,28,14.5,
post_ai,W4392659872,53,15.0,
post_ai,W4392718146,9,15.0,
post_ai,W4410925575,19,15.0,
post_ai,W4389197226,18,15.5,
post_ai,W4382806917,1,16.0,
post_ai,W4313815908,18,17.0,
post_ai,W4389451780,10,17.0,
post_ai,W4410598900,54,17.0,
post_ai,W4410838044,10,18.5,
post_ai,W4353045976,45,19.0,
post_ai,W4391402280,13,20.0,
post_ai,W7116963341,32,21.0,
post_ai,W4404105085,24,21.5,
post_ai,W4388809319,4,22.0,
post_ai,W4402564850,2,22.5,
post_ai,W4402669822,13,23.0,
post_ai,W4404971993,10,23.0,
post_ai,W4414384559,6,23.0,
post_ai,W4389498450,6,23.5,
post_ai,W4383682540,5,24.0,
post_ai,W4407848072,35,24.0,
post_ai,W4415766602,45,24.0,
post_ai,W4406730593,66,24.5,
post_ai,W4367049535,15,27.0,
post_ai,W4409844037,6,27.5,
post_ai,W4391522290,5,28.0,
post_ai,W7161847557,28,29.0,
post_ai,W4387740780,40,29.5,
post_ai,W4377102656,26,30.0,
post_ai,W4392391403,22,30.0,
post_ai,W4405682258,25,30.0,
post_ai,W7130856133,19,30.0,
post_ai,W4324129176,32,31.5,
post_ai,W4410964242,14,32.0,
post_ai,W7153800228,28,33.0,
post_ai,W4406481351,34,33.5,
post_ai,W4400812087,45,34.0,
post_ai,W4391146109,4,35.5,
post_ai,W4390945118,11,36.0,
post_ai,W4416890389,27,36.0,
post_ai,W4400588368,10,36.5,
post_ai,W4403212573,20,36.5,
post_ai,W4315926052,19,39.0,
post_ai,W4401828757,14,39.0,
post_ai,W4411011671,33,39.0,
post_ai,W7161743189,24,39.0,
post_ai,W4383957742,14,39.5,
post_ai,W4387305344,23,40.0,
post_ai,W4313731182,7,41.0,
post_ai,W4388764501,8,41.0,
post_ai,W4391038945,3,41.0,
post_ai,W4402943223,35,41.0,
post_ai,W4401035474,30,41.5,
post_ai,W7125372429,36,41.5,
post_ai,W7160854835,34,42.0,
post_ai,W4399825171,44,43.0,
post_ai,W4406700670,54,43.0,
post_ai,W4387300484,24,43.5,
post_ai,W4392978522,18,44.0,
post_ai,W4414054654,7,45.0,
post_ai,W7164852583,5,45.0,
post_ai,W7162676296,22,46.5,
post_ai,W4393092015,23,47.0,
post_ai,W7165770952,35,47.0,
post_ai,W4399862478,39,48.0,
post_ai,W4409771746,29,48.0,
post_ai,W4328104869,18,48.5,
post_ai,W4416424301,26,49.0,
post_ai,W4386723538,20,49.5,
post_ai,W4382399588,23,50.0,
post_ai,W4400267861,27,50.0,
post_ai,W4396877264,11,51.0,
post_ai,W4416060323,6,51.0,
post_ai,W4406072805,15,53.0,
post_ai,W4390245355,54,54.0,
post_ai,W4400401609,11,55.0,
post_ai,W4406494433,34,55.0,
post_ai,W4406950125,23,58.0,
post_ai,W4399546440,41,59.0,
post_ai,W4400145141,17,59.0,
post_ai,W4411599312,55,59.0,
post_ai,W4378746717,87,60.0,
post_ai,W4411370940,18,60.0,
post_ai,W4414699987,60,60.0,
post_ai,W4384498318,23,61.0,
post_ai,W4387620626,67,63.0,
post_ai,W4400536651,26,63.0,
post_ai,W4318666708,8,64.0,
post_ai,W4407998200,39,67.0,
post_ai,W4386128141,13,68.0,
post_ai,W4411162617,25,70.0,
post_ai,W4401586181,24,70.5,
post_ai,W4391305044,7,72.0,
post_ai,W7154989052,36,73.0,
post_ai,W4406716862,32,75.0,
post_ai,W4320913433,25,78.0,
post_ai,W4391928083,24,79.0,
post_ai,W4412092166,13,79.0,
post_ai,W4416986480,9,79.0,
post_ai,W7143311199,49,79.0,
post_ai,W4378373691,14,81.5,
post_ai,W4401812061,37,82.0,
post_ai,W4392651583,44,83.0,
post_ai,W4404122464,19,84.0,
post_ai,W7161605150,8,87.0,
post_ai,W4415398020,36,92.0,
post_ai,W4399422447,13,94.0,
post_ai,W4413351088,20,94.5,
post_ai,W4383751574,5,96.0,
post_ai,W4395042843,59,99.0,
post_ai,W4319811944,72,102.5,
post_ai,W4398150961,22,103.5,
post_ai,W4385766504,31,104.0,
post_ai,W4394818299,26,108.5,
post_ai,W4386407781,58,110.5,
post_ai,W4399383447,20,114.5,
post_ai,W4387705418,47,119.0,
post_ai,W4409759175,37,119.0,
post_ai,W4413982606,88,119.5,
post_ai,W7117419866,13,121.0,
post_ai,W4384030660,17,123.0,
post_ai,W4410196548,30,124.5,
post_ai,W7155623812,18,137.5,
post_ai,W4417228743,41,138.0,
post_ai,W4388421460,32,139.0,
post_ai,W4408772268,21,139.0,
post_ai,W4388001496,18,139.5,
post_ai,W7133542522,22,140.5,
post_ai,W4399174516,86,141.5,
post_ai,W4400270982,13,144.0,
post_ai,W4389490898,23,155.0,
post_ai,W4404073292,20,157.0,
post_ai,W4415880657,9,158.0,
post_ai,W7154844824,35,158.0,
post_ai,W4404487505,33,163.0,
post_ai,W4392520043,26,170.0,
post_ai,W4323667158,58,173.0,
post_ai,W4378469641,44,174.0,
post_ai,W4387117930,19,178.0,
post_ai,W4415099003,5,180.0,
post_ai,W4389255710,86,190.0,
post_ai,W4390700342,55,195.0,
post_ai,W4399140716,12,197.0,
post_ai,W3175121377,29,207.0,
post_ai,W4403303920,31,211.0,
post_ai,W4386934607,15,298.0,
post_ai,W4411899372,40,305.5,
post_ai,W4389510403,4,323.0,
post_ai,W4400016563,45,335.0,
post_ai,W4399285730,12,374.5,
post_ai,W4376117448,8,387.5,
post_ai,W4387723310,10,409.5,
post_ai,W4321376934,32,415.5,
post_ai,W4390122218,53,503.0,
post_ai,W4414323642,10,630.0,
post_ai,W4324380632,2,2044.5,
pre_ai,W2966163185,54,0.0,
pre_ai,W2987420038,5,1.0,
pre_ai,W3214113752,3,1.0,
pre_ai,W4211083887,16,1.0,
pre_ai,W2959311816,11,2.0,
pre_ai,W2973316127,7,3.0,
pre_ai,W3205199306,16,3.0,
pre_ai,W2950394435,8,3.5,
pre_ai,W2965533871,6,4.0,
pre_ai,W3000021063,31,4.0,
pre_ai,W3033346519,8,4.0,
pre_ai,W3149652628,13,4.0,
pre_ai,W3209853557,11,4.0,
pre_ai,W3131997174,17,5.0,
pre_ai,W3163977951,7,5.0,
pre_ai,W2980692381,25,6.0,
pre_ai,W3209580196,1,6.0,
pre_ai,W3210617681,4,6.0,
pre_ai,W3023026736,40,7.0,
pre_ai,W3009587762,40,7.5,
pre_ai,W3092549124,1,8.0,
pre_ai,W3115960910,3,8.0,
pre_ai,W3138103343,28,8.0,
pre_ai,W3201530517,6,8.0,
pre_ai,W3204632530,5,8.0,
pre_ai,W3209393495,11,8.0,
pre_ai,W2946664700,8,8.5,
pre_ai,W3178757470,12,10.0,
pre_ai,W3168609998,16,10.5,
pre_ai,W2947717159,12,11.0,
pre_ai,W2955233087,15,11.0,
pre_ai,W3033449544,16,11.0,
pre_ai,W4213326897,9,11.0,
pre_ai,W2976289026,18,12.0,
pre_ai,W2996907326,5,12.0,
pre_ai,W3182105792,22,12.5,
pre_ai,W2960313102,8,13.0,
pre_ai,W3210004139,19,13.0,
pre_ai,W4300029690,6,13.0,
pre_ai,W3005929831,18,14.0,
pre_ai,W3158609417,22,14.5,
pre_ai,W3191931388,2,14.5,
pre_ai,W2983907083,19,15.0,
pre_ai,W3109620064,26,15.0,
pre_ai,W4236505233,11,15.0,
pre_ai,W4321345957,4,15.5,
pre_ai,W3158798129,5,16.0,
pre_ai,W3185984877,16,16.0,
pre_ai,W4245518988,14,16.0,
pre_ai,W586620410,31,18.0,
pre_ai,W3001901622,9,20.0,
pre_ai,W3037133086,64,20.0,
pre_ai,W3134177547,43,21.0,
pre_ai,W2981766877,26,22.5,
pre_ai,W2924340584,84,23.0,
pre_ai,W3172913660,20,23.0,
pre_ai,W3183987374,40,23.0,
pre_ai,W3204337122,9,23.0,
pre_ai,W3210365538,45,23.0,
pre_ai,W4200196977,17,23.0,
pre_ai,W3161431783,2,24.0,
pre_ai,W3205287155,21,24.0,
pre_ai,W3209596820,11,24.0,
pre_ai,W3210928638,11,24.0,
pre_ai,W3114784020,9,25.0,
pre_ai,W2956217159,10,25.5,
pre_ai,W2982179098,95,26.0,
pre_ai,W3093033053,10,26.5,
pre_ai,W3098774183,13,27.0,
pre_ai,W3156291634,4,27.0,
pre_ai,W3013850165,29,28.0,
pre_ai,W3189790064,9,28.0,
pre_ai,W3204355189,13,28.0,
pre_ai,W2942760597,29,29.0,
pre_ai,W3162543807,32,29.0,
pre_ai,W3203976495,28,29.0,
pre_ai,W4210938271,8,29.0,
pre_ai,W3172539637,14,34.0,
pre_ai,W4200475254,15,34.0,
pre_ai,W2975290686,14,38.5,
pre_ai,W2993007861,29,39.0,
pre_ai,W3118307268,19,39.0,
pre_ai,W3163254863,5,39.0,
pre_ai,W2914473754,44,39.5,
pre_ai,W2943794443,4,39.5,
pre_ai,W3097040946,12,39.5,
pre_ai,W2955929126,9,41.0,
pre_ai,W2975220887,47,41.0,
pre_ai,W2947249330,21,42.0,
pre_ai,W2988987570,10,42.0,
pre_ai,W3112193684,2,42.0,
pre_ai,W4252246697,34,42.5,
pre_ai,W3044009144,27,43.0,
pre_ai,W4200617177,5,44.0,
pre_ai,W3080439414,6,45.0,
pre_ai,W2936560656,43,46.0,
pre_ai,W3210326359,10,46.5,
pre_ai,W2946914087,25,47.0,
pre_ai,W2972836165,50,47.5,
pre_ai,W2916951419,57,48.0,
pre_ai,W3023670585,23,48.0,
pre_ai,W3200310153,14,48.0,
pre_ai,W2912830748,42,48.5,
pre_ai,W3000193382,64,49.0,
pre_ai,W3134382043,73,49.0,
pre_ai,W3185290223,17,49.0,
pre_ai,W3184958125,27,50.0,
pre_ai,W3009176664,59,51.0,
pre_ai,W3199182395,7,51.0,
pre_ai,W3195436890,13,52.0,
pre_ai,W3196599067,18,52.0,
pre_ai,W2963788621,48,55.0,
pre_ai,W3043352845,7,56.0,
pre_ai,W3135634779,9,56.0,
pre_ai,W3132076181,67,57.0,
pre_ai,W2960382403,23,58.0,
pre_ai,W3163991445,16,58.0,
pre_ai,W2963600992,40,58.5,
pre_ai,W3152732572,39,59.0,
pre_ai,W3074082496,13,61.0,
pre_ai,W3132107164,44,62.0,
pre_ai,W2998480055,25,64.0,
pre_ai,W3047049812,9,66.0,
pre_ai,W3137093276,29,66.0,
pre_ai,W3153276276,31,66.0,
pre_ai,W2970300359,58,69.0,
pre_ai,W2974886010,59,71.0,
pre_ai,W2993911138,77,72.0,
pre_ai,W3004634903,25,75.0,
pre_ai,W3163615094,62,75.0,
pre_ai,W3092576420,24,77.5,
pre_ai,W3127561137,14,77.5,
pre_ai,W3162989353,61,78.0,
pre_ai,W2976407976,39,80.0,
pre_ai,W3005749118,25,80.0,
pre_ai,W2613076261,18,80.5,
pre_ai,W3179648617,35,82.0,
pre_ai,W3206883430,25,82.0,
pre_ai,W4206451802,15,82.0,
pre_ai,W3214882838,40,83.5,
pre_ai,W3186728358,21,84.0,
pre_ai,W3210790892,10,86.5,
pre_ai,W2999207638,31,90.0,
pre_ai,W3210724404,18,90.5,
pre_ai,W3021828210,47,91.0,
pre_ai,W3020034954,58,99.0,
pre_ai,W2995685564,17,103.0,
pre_ai,W3153727607,13,105.0,
pre_ai,W3031582790,45,107.0,
pre_ai,W2924387724,35,110.0,
pre_ai,W2997912008,6,111.0,
pre_ai,W3032382901,53,114.0,
pre_ai,W3187201407,13,118.0,
pre_ai,W3198087582,55,118.0,
pre_ai,W3212356112,13,118.0,
pre_ai,W2983161753,10,119.5,
pre_ai,W3124581590,6,123.0,
pre_ai,W3213480578,45,123.0,
pre_ai,W3121110754,46,129.0,
pre_ai,W3010124645,20,129.5,
pre_ai,W3039380852,18,131.0,
pre_ai,W3160383453,14,136.5,
pre_ai,W3142927760,27,140.0,
pre_ai,W3178291716,6,140.5,
pre_ai,W3176198303,30,147.5,
pre_ai,W2962659089,14,148.0,
pre_ai,W3114522776,32,150.0,
pre_ai,W3179658227,14,150.0,
pre_ai,W2918470873,33,152.0,
pre_ai,W3209207831,6,163.0,
pre_ai,W2924948810,19,167.0,
pre_ai,W2913015273,47,185.0,
pre_ai,W3203523592,68,186.5,
pre_ai,W2916361850,24,190.0,
pre_ai,W3199109479,23,190.0,
pre_ai,W2922047320,12,196.0,
pre_ai,W3125299664,41,211.0,
pre_ai,W3182296677,8,216.0,
pre_ai,W3012109343,33,227.0,
pre_ai,W3013094786,27,229.0,
pre_ai,W2950644743,11,232.0,
pre_ai,W3186969888,23,232.0,
pre_ai,W3148141843,20,237.5,
pre_ai,W3006398867,7,303.0,
pre_ai,W3157548828,44,318.5,
pre_ai,W3163154359,11,338.0,
pre_ai,W3117785273,7,389.0,
pre_ai,W4205239780,6,417.0,
pre_ai,W3201442095,19,437.0,
pre_ai,W3207043348,11,437.0,
pre_ai,W1575234228,7,447.0,
pre_ai,W3213305118,63,539.0,
pre_ai,W3193749387,8,567.5,
pre_ai,W3212299351,13,577.0,
pre_ai,W3184296769,4,839.5,
pre_ai,W3143383187,10,920.5,
pre_ai,W2953689615,2,3677.5,
