query_id,query_ai_group,query_year,query_field,n_reference_pairs,median_cited_age,share_recent_refs_3yr,median_log1p_cited_by_count,share_low_citation_refs,top10pct_share_of_citation_mass,share_cross_field_refs,cited_field_entropy,mean_scincl,share_relevant_low_citation_refs
W3087986783,post_ai,2023,Mathematics,38,19.0,0.13157894736842105,3.4165158663931003,0.2894736842105263,0.7389790461978487,0.34210526315789475,1.1484411394074483,0.8839226223920521,0.2631578947368421
W4315481742,post_ai,2023,Mathematics,4,19.0,0.25,3.9015133218161084,0.25,0.6184538653366584,0.0,-0.0,0.8954707384109497,0.25
W4318833748,post_ai,2023,Mathematics,10,8.0,0.4,2.888826161611328,0.4,0.44280442804428044,0.0,-0.0,0.8878725707530976,0.4
W4321015226,post_ai,2023,Mathematics,12,7.0,0.08333333333333333,3.101267758593961,0.16666666666666666,0.6729074889867841,0.0,-0.0,0.8800697525342306,0.16666666666666666
W4322733911,post_ai,2023,Mathematics,9,7.0,0.2222222222222222,5.1647859739235145,0.2222222222222222,0.6017876687340387,0.6666666666666666,0.936888307539016,0.8114704754617479,0.2222222222222222
W4362607598,post_ai,2023,Mathematics,1,4.0,0.0,4.2626798770413155,0.0,1.0,0.0,-0.0,0.9691410660743713,0.0
W4366404613,post_ai,2023,Mathematics,13,8.0,0.23076923076923078,4.007333185232471,0.23076923076923078,0.5347896440129449,0.0,-0.0,0.8886747910426214,0.23076923076923078
W4378472176,post_ai,2023,Mathematics,16,6.0,0.4375,3.1073040492110957,0.375,0.5846732808758125,0.0625,0.2337916587064593,0.927271094173193,0.375
W4380272579,post_ai,2023,Mathematics,9,22.0,0.2222222222222222,4.406719247264253,0.2222222222222222,0.2768472906403941,0.2222222222222222,0.6837389058487535,0.8802918857998319,0.2222222222222222
W4385354961,post_ai,2023,Mathematics,29,5.0,0.3448275862068966,2.4849066497880004,0.5862068965517241,0.847926267281106,0.9310344827586207,1.8021230445370786,0.8781717912904148,0.5517241379310345
W4386254087,post_ai,2023,Mathematics,6,15.0,0.3333333333333333,3.133600274270681,0.3333333333333333,0.3888888888888889,0.16666666666666666,0.45056120886630463,0.8898301124572754,0.3333333333333333
W4387368778,post_ai,2023,Mathematics,5,20.0,0.0,3.4339872044851463,0.0,0.4386792452830189,0.0,-0.0,0.8826261758804321,0.0
W4388818706,post_ai,2023,Mathematics,1,24.0,0.0,7.700747794511798,0.0,1.0,0.0,-0.0,0.8721784353256226,0.0
W4390860696,post_ai,2023,Mathematics,19,2.0,0.7894736842105263,3.5553480614894135,0.2631578947368421,0.49899396378269617,0.05263157894736842,0.20619205063323187,0.9186680567891974,0.2631578947368421
W4391377637,post_ai,2024,Mathematics,9,12.0,0.1111111111111111,3.713572066704308,0.1111111111111111,0.4303438496986884,0.3333333333333333,0.6365141682948128,0.9167037540011935,0.1111111111111111
W4392919528,post_ai,2024,Mathematics,14,4.0,0.5,3.1934396596813226,0.42857142857142855,0.8229636308987075,0.07142857142857142,0.25731864054383163,0.9062550153051104,0.42857142857142855
W4393050727,post_ai,2024,Mathematics,6,9.0,0.3333333333333333,2.0471722811110507,0.6666666666666666,0.44,0.5,1.242453324894,0.8738286097844442,0.6666666666666666
W4393214561,post_ai,2024,Mathematics,16,22.0,0.0625,2.9634630129852053,0.4375,0.512735326688815,0.125,0.46341355882643,0.9157861210405827,0.4375
W4393627952,post_ai,2024,Mathematics,15,12.0,0.06666666666666667,3.258096538021482,0.3333333333333333,0.3831672203765227,0.0,-0.0,0.8899856050809224,0.3333333333333333
W4394998544,post_ai,2024,Mathematics,15,17.0,0.0,3.7612001156935624,0.3333333333333333,0.8318349469801752,0.8,1.5472867333409475,0.8719697992006937,0.3333333333333333
W4396603015,post_ai,2024,Mathematics,12,8.0,0.08333333333333333,3.0546237913821823,0.4166666666666667,0.8925453324378778,0.0,-0.0,0.9086436827977499,0.4166666666666667
W4398236827,post_ai,2024,Mathematics,4,29.5,0.0,4.4935984103309865,0.25,0.5076530612244898,0.75,1.0397207708399179,0.8838048130273819,0.25
W4399057443,post_ai,2024,Mathematics,31,13.0,0.0,3.58351893845611,0.25806451612903225,0.6889546351084813,0.0967741935483871,0.3179367802622418,0.8757627048800068,0.25806451612903225
W4399364100,post_ai,2024,Mathematics,14,5.0,0.2857142857142857,3.044522437723423,0.21428571428571427,0.7506925207756233,0.14285714285714285,0.509137344082687,0.7398388385772705,0.0
W4399388968,post_ai,2024,Mathematics,30,5.5,0.36666666666666664,4.482986592105173,0.03333333333333333,0.39824421388667197,0.5,1.0580827855515034,0.8692755977312724,0.0
W4401301405,post_ai,2024,Mathematics,32,10.5,0.25,4.470445533892731,0.15625,0.9417158391803446,0.6875,1.497140092256833,0.8634683135896921,0.15625
W4401712950,post_ai,2024,Mathematics,25,8.0,0.08,3.258096538021482,0.28,0.9418888042650418,0.84,1.4649050095291631,0.8746832132339477,0.28
W4403424922,post_ai,2024,Mathematics,6,9.5,0.16666666666666666,3.275540167521702,0.3333333333333333,0.44751381215469616,0.16666666666666666,0.45056120886630463,0.9054182767868042,0.3333333333333333
W4404111389,post_ai,2024,Mathematics,10,7.5,0.5,4.022152703495319,0.1,0.6073131955484896,0.1,0.3250829733914482,0.9157852470874787,0.1
W4405308931,post_ai,2024,Mathematics,12,11.0,0.0,3.49466763298728,0.16666666666666666,0.4207436399217221,0.0,-0.0,0.9393455038468043,0.16666666666666666
W4405820474,post_ai,2024,Mathematics,3,19.0,0.0,4.718498871295094,0.0,0.7316561844863732,0.6666666666666666,0.6365141682948128,0.9049734870592753,0.0
W4405874589,post_ai,2024,Mathematics,4,19.0,0.0,4.0459667279899465,0.0,0.4457831325301205,0.75,1.0397207708399179,0.778456062078476,0.0
W4406035074,post_ai,2025,Mathematics,30,3.0,0.5333333333333333,1.6094379124341003,0.7333333333333333,0.9705215419501134,0.1,0.4349442022582592,0.9356103916962941,0.7333333333333333
W4406038003,post_ai,2025,Mathematics,4,25.5,0.0,3.8066624897703196,0.25,0.7571428571428571,0.0,-0.0,0.9416611045598984,0.25
W4406617022,post_ai,2025,Mathematics,5,16.0,0.2,3.2188758248682006,0.2,0.9912093432123571,0.2,0.5004024235381879,0.9391750931739807,0.2
W4409522931,post_ai,2025,Mathematics,4,18.0,0.25,4.342707911915345,0.25,0.7830540037243948,0.5,1.0397207708399179,0.8832371830940247,0.25
W4409888759,post_ai,2025,Mathematics,5,9.0,0.2,1.0986122886681098,0.8,0.8448275862068966,0.4,0.6730116670092565,0.9304869055747986,0.8
W4410767597,post_ai,2025,Mathematics,21,15.0,0.09523809523809523,4.48863636973214,0.047619047619047616,0.7857330530740936,0.3333333333333333,0.6365141682948128,0.8868695185298011,0.047619047619047616
W4411032077,post_ai,2025,Mathematics,14,12.0,0.35714285714285715,5.028619076171023,0.21428571428571427,0.506896551724138,0.14285714285714285,0.509137344082687,0.8602350737367358,0.21428571428571427
W4412161591,post_ai,2025,Mathematics,35,5.0,0.42857142857142855,2.70805020110221,0.4857142857142857,0.8742042271454036,0.8285714285714286,1.4064646922273596,0.835383004801614,0.4
W4412979565,post_ai,2025,Mathematics,5,23.0,0.0,3.9889840465642745,0.0,0.4601941747572815,0.4,0.9502705392332347,0.8451200366020203,0.0
W4413756297,post_ai,2025,Mathematics,31,9.0,0.3870967741935484,2.833213344056216,0.41935483870967744,0.8521867503229378,0.06451612903225806,0.23921709381651282,0.9038672927887209,0.41935483870967744
W4415761063,post_ai,2025,Mathematics,12,15.5,0.16666666666666666,1.9356005054539454,0.9166666666666666,0.8860465116279069,0.0,-0.0,0.8781821976105372,0.9166666666666666
W4416785946,post_ai,2025,Mathematics,6,26.5,0.0,3.0816574020173206,0.16666666666666666,0.699215965787598,0.0,-0.0,0.9404283364613851,0.16666666666666666
W7118162090,post_ai,2025,Mathematics,3,9.0,0.0,2.3978952727983707,0.6666666666666666,0.6458333333333334,0.6666666666666666,0.6365141682948128,0.8654111822446188,0.6666666666666666
W7127382196,post_ai,2026,Mathematics,4,20.5,0.25,2.5249280036247685,0.5,0.5904761904761905,0.0,-0.0,0.9337952136993408,0.5
W7127605547,post_ai,2026,Mathematics,44,9.0,0.11363636363636363,4.824297651453669,0.045454545454545456,0.5774019262391356,1.0,-0.0,0.9103791578249498,0.045454545454545456
W7162085342,post_ai,2026,Mathematics,5,10.0,0.0,4.356708826689592,0.4,0.6271450858034321,0.0,-0.0,0.9344739198684693,0.4
W7165487833,post_ai,2026,Mathematics,7,7.0,0.2857142857142857,4.007333185232471,0.2857142857142857,0.31842105263157894,0.2857142857142857,0.7963116401738131,0.8868805255208697,0.2857142857142857
W1489936269,pre_ai,2001,Mathematics,8,7.5,0.25,5.1322565096060595,0.125,0.19648829431438128,0.0,-0.0,0.8771365731954575,0.125
W1568599732,pre_ai,2008,Mathematics,8,40.5,0.0,4.778982240197249,0.0,0.8653559959269993,0.25,0.7356219397587946,0.8811251744627953,0.0
W1597739364,pre_ai,2011,Mathematics,8,8.5,0.25,4.175569303543078,0.125,0.6445483776673487,0.875,0.37677016125643675,0.8910827934741974,0.125
W1902447566,pre_ai,2018,Mathematics,8,6.0,0.125,2.9444389791664403,0.375,0.4337899543378995,0.0,-0.0,0.88479433208704,0.375
W1980050206,pre_ai,2014,Mathematics,7,57.0,0.14285714285714285,2.772588722239781,0.2857142857142857,0.7127799736495388,0.14285714285714285,0.410116318288409,0.8686370083263942,0.2857142857142857
W2029030501,pre_ai,2012,Mathematics,4,2.5,1.0,1.868834809141684,0.75,0.7045454545454546,0.0,-0.0,0.9260174334049225,0.75
W2033317973,pre_ai,2014,Mathematics,31,7.0,0.1935483870967742,3.4965075614664802,0.22580645161290322,0.33375,0.0,-0.0,0.9165742839536359,0.22580645161290322
W2043797788,pre_ai,2012,Mathematics,7,5.0,0.2857142857142857,4.343805421853684,0.2857142857142857,0.5532734274711169,0.0,-0.0,0.8774672150611877,0.2857142857142857
W2055907726,pre_ai,1994,Mathematics,4,15.0,0.25,4.54594730838485,0.25,0.47608695652173916,0.25,0.5623351446188083,0.900503009557724,0.25
W2060059091,pre_ai,2011,Mathematics,4,22.0,0.0,3.1457845697791598,0.25,0.3373493975903614,0.0,-0.0,0.8824276030063629,0.25
W2071305757,pre_ai,1994,Mathematics,4,25.0,0.0,4.7120802979147545,0.0,0.5716486902927581,0.5,0.6931471805599453,0.863872691988945,0.0
W2078540108,pre_ai,1986,Mathematics,13,28.5,0.3076923076923077,4.51085950651685,0.23076923076923078,0.7769039735099338,0.9230769230769231,1.0317671113505356,0.8460222482681274,0.23076923076923078
W2081738830,pre_ai,2010,Mathematics,11,3.0,0.8181818181818182,4.248495242049359,0.18181818181818182,0.3919523099850969,0.0,-0.0,0.9079477949575945,0.18181818181818182
W2087144262,pre_ai,2010,Mathematics,13,7.0,0.15384615384615385,4.110873864173311,0.0,0.3429906542056075,0.0,-0.0,0.8842640289893517,0.0
W2087941871,pre_ai,2001,Mathematics,3,6.0,0.3333333333333333,5.081404364984463,0.0,0.9650324000489058,0.3333333333333333,0.6365141682948128,0.9011537035306295,0.0
W2098895127,pre_ai,2005,Mathematics,14,14.0,0.21428571428571427,3.2461199175102355,0.35714285714285715,0.7583830960036748,0.0,-0.0,0.936011152608054,0.35714285714285715
W2099061025,pre_ai,2008,Mathematics,10,16.0,0.0,4.353906775512444,0.2,0.5059210526315789,0.3,0.6108643020548935,0.9003841340541839,0.2
W2100413408,pre_ai,2007,Mathematics,6,4.5,0.16666666666666666,3.730820196104287,0.0,0.34935897435897434,0.5,1.242453324894,0.8536634842554728,0.0
W2101088186,pre_ai,2010,Mathematics,3,17.0,0.3333333333333333,3.6109179126442243,0.0,0.6728971962616822,0.0,-0.0,0.9428155620892843,0.0
W2105044052,pre_ai,1980,Mathematics,2,7.5,0.0,4.417968894659918,0.5,0.9777777777777777,0.5,0.6931471805599453,0.8742547929286957,0.5
W2107490922,pre_ai,1995,Mathematics,13,6.5,0.3076923076923077,4.382026634673881,0.23076923076923078,0.6,0.15384615384615385,0.4293230219306162,0.9171390579296992,0.23076923076923078
W2130287246,pre_ai,1996,Mathematics,3,16.0,0.0,2.5649493574615367,0.6666666666666666,0.8433734939759037,0.0,-0.0,0.9449805816014608,0.6666666666666666
W2153679357,pre_ai,1978,Mathematics,11,5.0,0.2727272727272727,5.3471075307174685,0.09090909090909091,0.6037937483302164,0.6363636363636364,1.162225544921092,0.8848515044559132,0.09090909090909091
W2158995166,pre_ai,1988,Mathematics,14,5.0,0.42857142857142855,4.526843280965403,0.0,0.5592592592592592,0.5,1.4680602034990462,0.8919177821704319,0.0
W2252788278,pre_ai,2017,Mathematics,17,16.0,0.0,4.51085950651685,0.058823529411764705,0.41425061425061427,0.058823529411764705,0.22371807606583377,0.9051804016618168,0.058823529411764705
W2255528727,pre_ai,2016,Mathematics,7,8.0,0.14285714285714285,3.295836866004329,0.14285714285714285,0.7749529190207156,0.0,-0.0,0.9329744151660374,0.14285714285714285
W2261293204,pre_ai,2005,Mathematics,9,12.0,0.2222222222222222,5.147494476813453,0.0,0.5101330603889458,0.2222222222222222,0.5297061990576545,0.8858142428927951,0.0
W2289751736,pre_ai,2016,Mathematics,8,3.0,0.75,4.107503216380787,0.375,0.4625131995776135,0.0,-0.0,0.8868783265352249,0.375
W2306255811,pre_ai,2015,Mathematics,5,13.0,0.0,2.5649493574615367,0.6,0.5076252723311547,0.0,-0.0,0.9110759496688843,0.6
W2328886926,pre_ai,2007,Mathematics,4,5.0,0.25,5.208424977977044,0.0,0.44150559511698884,1.0,1.0397207708399179,0.7640680372714996,0.0
W2332957351,pre_ai,2016,Mathematics,2,8.5,0.5,3.5038003069759265,0.0,0.8,0.0,-0.0,0.9198591709136963,0.0
W2527866140,pre_ai,2016,Mathematics,10,16.0,0.0,5.079471696658793,0.1,0.711388041893146,0.1,0.3250829733914482,0.9365191459655762,0.1
W2606825990,pre_ai,2011,Mathematics,2,15.0,0.0,5.705944460396228,0.0,0.8731924360400445,0.5,0.6931471805599453,0.9144193828105927,0.0
W2611146271,pre_ai,2020,Mathematics,16,8.0,0.25,2.2499048351651325,0.625,0.5431034482758621,0.0625,0.2337916587064593,0.9503163732588291,0.625
W2738885466,pre_ai,2017,Mathematics,3,12.0,0.0,1.3862943611198906,1.0,0.5555555555555556,0.0,-0.0,0.9439553419748942,1.0
W2791060274,pre_ai,2018,Mathematics,2,14.0,0.0,3.3522071774820534,0.0,0.7692307692307693,0.5,0.6931471805599453,0.9089731276035309,0.0
W2809830220,pre_ai,2018,Mathematics,4,15.0,0.0,2.1097538525880535,0.5,0.5849056603773585,0.5,0.6931471805599453,0.9154747128486633,0.5
W2904130952,pre_ai,2018,Mathematics,42,8.0,0.16666666666666666,4.44202803087123,0.047619047619047616,0.9785422406546579,0.5714285714285714,1.627653064907907,0.8597142071951003,0.047619047619047616
W2955101026,pre_ai,2019,Mathematics,7,8.0,0.14285714285714285,3.5263605246161616,0.14285714285714285,0.2345132743362832,0.0,-0.0,0.9464994072914124,0.14285714285714285
W2964052954,pre_ai,2019,Mathematics,8,10.5,0.125,5.117527461400023,0.125,0.4303984259714707,0.0,-0.0,0.8986514657735825,0.125
W2966472752,pre_ai,2020,Mathematics,4,16.5,0.0,4.4688719684712215,0.0,0.9506359129122656,0.25,0.5623351446188083,0.8891995400190353,0.0
W3036302732,pre_ai,2020,Mathematics,13,23.5,0.3076923076923077,3.258096538021482,0.46153846153846156,0.6606490872210954,0.15384615384615385,0.5359610497090694,0.9151147833237281,0.46153846153846156
W3087322394,pre_ai,2020,Mathematics,10,22.5,0.1,3.101267758593961,0.2,0.6671911880409127,0.2,0.639031859650177,0.8705748677253723,0.2
W3101551588,pre_ai,2013,Mathematics,28,9.5,0.03571428571428571,4.233686248216141,0.10714285714285714,0.6068391866913124,0.07142857142857142,0.25731864054383163,0.9030858704021999,0.10714285714285714
W3105948347,pre_ai,1993,Mathematics,8,0.0,0.375,4.352251144860615,0.125,0.5600695738601068,0.125,0.37677016125643675,0.9253174215555191,0.125
W3106037591,pre_ai,2012,Mathematics,7,25.0,0.0,4.430816798843313,0.14285714285714285,0.6077621800165153,0.0,-0.0,0.9207959856305804,0.14285714285714285
W3106166943,pre_ai,2013,Mathematics,19,11.0,0.15789473684210525,4.770684624465665,0.0,0.7635963533480038,0.0,-0.0,0.9369029371361983,0.0
W3158352325,pre_ai,2021,Mathematics,10,46.5,0.1,2.5649493574615367,0.6,0.3119266055045872,0.0,-0.0,0.9036292195320129,0.6
W4234461600,pre_ai,1995,Mathematics,6,23.5,0.0,5.048621743477873,0.16666666666666666,0.5385130609511052,0.0,-0.0,0.9262111783027649,0.16666666666666666
W4320166660,pre_ai,2019,Mathematics,4,20.5,0.25,1.868834809141684,0.75,0.9575070821529745,0.0,-0.0,0.9082706570625305,0.75
W2551238205,transition,2022,Mathematics,16,11.5,0.0625,4.682987831753816,0.0,0.5313759355210133,0.0625,0.2337916587064593,0.8982479199767113,0.0
W2920792726,transition,2022,Mathematics,19,22.0,0.15789473684210525,3.5263605246161616,0.15789473684210525,0.8279090503789568,0.0,-0.0,0.9183736757228249,0.15789473684210525
W3004482671,transition,2022,Mathematics,11,8.0,0.09090909090909091,3.4965075614664802,0.36363636363636365,0.673972602739726,0.0,-0.0,0.9084313403476368,0.36363636363636365
W3016993015,transition,2022,Mathematics,7,11.0,0.2857142857142857,2.772588722239781,0.42857142857142855,0.5605700712589073,0.0,-0.0,0.8613533207348415,0.42857142857142855
W3026970419,transition,2022,Mathematics,4,12.5,0.25,3.939077668251662,0.5,0.661144578313253,0.0,-0.0,0.8362229913473129,0.5
W3034077194,transition,2022,Mathematics,14,10.0,0.14285714285714285,3.172818180414298,0.42857142857142855,0.5548141086749285,0.0,-0.0,0.8823315458638328,0.42857142857142855
W3084859867,transition,2022,Mathematics,18,7.0,0.2222222222222222,2.1383330595080277,0.6666666666666666,0.43902439024390244,0.0,-0.0,0.8853601548406813,0.6666666666666666
W3091940523,transition,2022,Mathematics,5,11.0,0.4,1.6094379124341003,0.6,0.4444444444444444,0.2,0.5004024235381879,0.9339023232460022,0.6
W3110761375,transition,2022,Mathematics,7,39.0,0.0,3.970291913552122,0.2857142857142857,0.4760705289672544,0.0,-0.0,0.8665587646620614,0.2857142857142857
W3119906900,transition,2022,Mathematics,26,10.0,0.23076923076923078,3.49466763298728,0.2692307692307692,0.5848822800495663,0.0,-0.0,0.9176636361158811,0.2692307692307692
W3133503293,transition,2022,Mathematics,20,18.0,0.1,4.504968153815732,0.1,0.40041541657050544,0.0,-0.0,0.9051729142665863,0.1
W3138822619,transition,2022,Mathematics,35,10.0,0.3142857142857143,3.1780538303479458,0.2571428571428571,0.8387864366448543,0.2,0.5824256871958696,0.8899680359022958,0.2571428571428571
W3151043586,transition,2022,Mathematics,35,2.0,0.6285714285714286,3.091042453358316,0.34285714285714286,0.8739260366081435,0.0,-0.0,0.9132621850286211,0.3142857142857143
W3172228637,transition,2022,Mathematics,10,33.5,0.1,5.19629445191398,0.2,0.41790512424206394,0.0,-0.0,0.9195972144603729,0.2
W3204308664,transition,2022,Mathematics,11,38.0,0.0,3.9318256327243257,0.0,0.6061959252023444,0.0,-0.0,0.8661500757390802,0.0
W3214661752,transition,2022,Mathematics,20,16.5,0.2,4.011939996367439,0.25,0.8524478914202618,0.45,0.6881388137135884,0.8908989012241364,0.25
W4205809268,transition,2022,Mathematics,3,11.0,0.0,3.332204510175204,0.3333333333333333,0.6222222222222222,0.0,-0.0,0.8574284712473551,0.3333333333333333
W4210699986,transition,2022,Mathematics,12,19.5,0.25,3.5400132499612953,0.3333333333333333,0.6143344709897611,0.25,0.7214636866925115,0.8666128714879354,0.3333333333333333
W4214759331,transition,2022,Mathematics,13,11.0,0.38461538461538464,2.772588722239781,0.38461538461538464,0.6691871455576559,0.0,-0.0,0.8990781307220459,0.38461538461538464
W4220993086,transition,2022,Mathematics,4,7.5,0.25,3.3784661946237766,0.5,0.5,0.75,0.5623351446188083,0.8764083236455917,0.5
W4221024433,transition,2022,Mathematics,3,7.0,0.3333333333333333,2.772588722239781,0.3333333333333333,0.5581395348837209,0.0,-0.0,0.912614127000173,0.3333333333333333
W4221065791,transition,2022,Mathematics,3,18.0,0.3333333333333333,2.833213344056216,0.3333333333333333,0.9172932330827067,0.0,-0.0,0.9184705217679342,0.3333333333333333
W4223910407,transition,2022,Mathematics,52,11.0,0.057692307692307696,4.5208425029730215,0.07692307692307693,0.8121727409404323,0.7115384615384616,1.415649621353284,0.9078648376923341,0.07692307692307693
W4224303416,transition,2022,Mathematics,43,6.0,0.23255813953488372,3.8501476017100584,0.06976744186046512,0.7024390243902439,0.6511627906976745,1.588000611540156,0.8697096927221432,0.046511627906976744
W4224536450,transition,2022,Mathematics,3,29.0,0.0,4.1588830833596715,0.3333333333333333,0.9880316700423495,0.0,-0.0,0.9191613793373108,0.3333333333333333
W4225590494,transition,2022,Mathematics,7,22.0,0.0,4.430816798843313,0.0,0.307797537619699,0.2857142857142857,0.7963116401738131,0.8822199191365924,0.0
W4281691108,transition,2022,Mathematics,4,28.5,0.25,3.708489810690577,0.25,0.932806324110672,0.25,0.5623351446188083,0.8742160946130753,0.25
W4283215716,transition,2022,Mathematics,8,20.5,0.0,5.255538422367213,0.125,0.3295099061522419,0.375,0.6615632381579821,0.905199222266674,0.125
W4285157592,transition,2022,Mathematics,17,5.0,0.23529411764705882,2.1972245773362196,0.6470588235294118,0.9013747758517633,0.4117647058823529,1.2341113432738555,0.8783526736147264,0.5882352941176471
W4285240060,transition,2022,Mathematics,4,6.0,0.5,2.0871936349478184,0.75,0.8902439024390244,0.0,-0.0,0.9218661338090897,0.75
W4285289508,transition,2022,Mathematics,7,12.0,0.42857142857142855,2.1972245773362196,0.5714285714285714,0.6755162241887905,0.0,-0.0,0.9239061219351632,0.5714285714285714
W4288061014,transition,2022,Mathematics,6,13.0,0.16666666666666666,2.772588722239781,0.3333333333333333,0.23376623376623376,0.0,-0.0,0.9324431618054708,0.3333333333333333
W4289134283,transition,2022,Mathematics,4,1.5,0.75,2.0126758453675744,0.75,0.46875,0.25,0.5623351446188083,0.8777033388614655,0.75
W4289527286,transition,2022,Mathematics,35,2.0,0.6571428571428571,3.4011973816621555,0.3142857142857143,0.8265177445505314,0.5142857142857142,1.2914147088875099,0.8773469550268991,0.3142857142857143
W4292737097,transition,2022,Mathematics,7,19.0,0.42857142857142855,4.948759890378168,0.42857142857142855,0.7767455798621516,0.0,-0.0,0.9175723791122437,0.42857142857142855
W4293196643,transition,2022,Mathematics,14,8.5,0.21428571428571427,2.8617925509761903,0.42857142857142855,0.42118863049095606,0.0,-0.0,0.8911331679139819,0.42857142857142855
W4293241049,transition,2022,Mathematics,12,15.5,0.16666666666666666,3.005633587202081,0.3333333333333333,0.8527245949926362,0.08333333333333333,0.2868359830561607,0.9004407723744711,0.25
W4295681385,transition,2022,Mathematics,17,5.0,0.35294117647058826,3.9318256327243257,0.29411764705882354,0.5439252336448598,0.11764705882352941,0.4437572842601484,0.8909146189689636,0.29411764705882354
W4296445679,transition,2022,Mathematics,8,17.5,0.0,3.7647032289185063,0.25,0.5127235213204951,0.125,0.37677016125643675,0.9084606617689133,0.25
W4302363675,transition,2022,Mathematics,6,6.5,0.5,2.359249435647547,0.5,0.954183266932271,1.0,1.0114042647073516,0.9194424549738566,0.5
W4304014024,transition,2022,Mathematics,19,6.0,0.2631578947368421,3.828641396489095,0.21052631578947367,0.7030345147092889,0.0,-0.0,0.8961578482075742,0.21052631578947367
W4304607001,transition,2022,Mathematics,12,2.0,0.75,3.433466642230941,0.3333333333333333,0.7832436587240584,0.0,-0.0,0.9095057596762975,0.3333333333333333
W4308577258,transition,2022,Mathematics,59,9.0,0.1864406779661017,3.784189633918261,0.1694915254237288,0.7272398190045248,0.6271186440677966,1.3135718120451687,0.8943124524617599,0.1694915254237288
W4311194241,transition,2022,Mathematics,6,24.5,0.16666666666666666,3.426121284525939,0.3333333333333333,0.8515439429928741,0.16666666666666666,0.45056120886630463,0.9305597543716431,0.3333333333333333
W4311598345,transition,2022,Mathematics,15,10.0,0.13333333333333333,3.1780538303479458,0.26666666666666666,0.6615598885793872,0.06666666666666667,0.24493002679463532,0.8900107701619466,0.26666666666666666
W4311808688,transition,2022,Mathematics,7,8.0,0.14285714285714285,1.6094379124341003,0.7142857142857143,0.5551724137931034,0.0,-0.0,0.932869051183973,0.7142857142857143
W4312191099,transition,2022,Mathematics,13,11.0,0.23076923076923078,3.4657359027997265,0.46153846153846156,0.4408352668213457,0.0,-0.0,0.8976347721540011,0.46153846153846156
W4313201209,transition,2022,Mathematics,14,13.5,0.14285714285714285,4.085092826439821,0.14285714285714285,0.8719278033794163,0.7857142857142857,1.4327570529970877,0.8613821608679635,0.14285714285714285
W4362572795,transition,2022,Mathematics,3,17.0,0.3333333333333333,5.484796933490655,0.3333333333333333,0.8043303929430633,0.0,-0.0,0.9265790184338888,0.3333333333333333
W4381306229,transition,2022,Mathematics,14,33.5,0.0,4.050838873727286,0.07142857142857142,0.564975560424743,0.07142857142857142,0.25731864054383163,0.9062296024390629,0.07142857142857142
