paper_id,ai_period,seed_citation_stratum,year,title,field,language,openalex_current_cited_by_count,reference_count,usable_reference_count
W4313519886,post_ai,high,2023,Status of Healthcare in LGBTQI+ Community in Nepal: Challenges and Possibilities,Psychology,en,8,10,9
W4319834262,post_ai,high,2023,“Let’s Talk about Sex”: Expanding Advice Response Theory to Sexual Advice-Seeking,Psychology,en,7,53,40
W4319835699,post_ai,high,2023,Constraints of the constraints-led approach in American football and comments on Yearby et al. (2022),Psychology,en,7,26,19
W4322628446,post_ai,high,2023,Prevalence and Determinants of Depressive and Anxiety Symptoms among Transgender People: Results of a Survey,Psychology,en,52,72,52
W4360609846,post_ai,high,2023,Unexcused absence from physical education in elementary school. On the role of autonomous motivation and body image factors,Psychology,en,9,57,30
W4365503296,post_ai,high,2023,"The Change of Practitioner’s Self-Efficacy in Triple P Professional Training: Moderating Role of Practitioner Characteristics, Country, and Delivery Mode",Psychology,en,7,44,32
W4378225852,post_ai,high,2023,Fast and Accurate Facial Expression Image Classification and Regression Method Based on Knowledge Distillation,Psychology,en,24,29,20
W4378574050,post_ai,high,2023,"Appearance Comparisons, Affect, Body Dissatisfaction and Eating Pathology in Portuguese Female University Students",Psychology,en,13,46,19
W4378717343,post_ai,high,2023,The Moderating Role of Perceived Positive Changes in Functioning During the Covid-19 Pandemic on the Relationship Between Self-Efficacy Psychological Well-Being in Students,Psychology,en,3,43,25
W4378782490,post_ai,high,2023,Ethical considerations for psychedelic-assisted therapy in military clinical settings,Psychology,en,6,46,41
W4379378978,post_ai,high,2023,"Health Insurance Coverage And Access To Care Among LGBT Adults, 2013–19",Psychology,en,25,23,21
W4379387749,post_ai,high,2023,Theorizing With Joint Displays: Salient Contributors to Improving Preservice Teachers’ Practice,Psychology,en,7,50,35
W4379473581,post_ai,high,2023,A Validation Study to Confirm the Accuracy of Wearable Devices Based on Health Data Analysis,Psychology,en,19,42,25
W4380355803,post_ai,high,2023,"Cognitive growth rather than decline: examining highly educated, third age women’s learning",Psychology,en,4,45,37
W4381661533,post_ai,high,2023,Common Yoga Protocol Increases Peripheral Blood CD34+ Cells: An Open-Label Single-Arm Exploratory Trial,Psychology,en,3,56,49
W4381884257,post_ai,high,2023,The effects of dual screen layout on neck-shoulder muscle activity and head-neck posture variability during computer tasks,Psychology,en,3,28,15
W4383226558,post_ai,high,2023,Let me take care of you: domestic caretaking fantasies in boyfriend experience audio erotica,Psychology,en,3,35,26
W4385321251,post_ai,high,2023,"Connecting to our future, healthier selves: Associations between self-continuity measures and eating behaviors in daily life",Psychology,en,8,73,54
W4386134921,post_ai,high,2023,Trans Abroad: American Transgender Students’ Experiences of Navigating Identity and Community While Studying Abroad,Psychology,en,3,28,18
W4387882949,post_ai,high,2023,"Mindfulness and Self-compassion Decrease Emotional Symptoms, Self-criticism, Rumination and Worry in College Students: A Preliminary Study of the Effects of Group Self-compassion-based Interventions",Psychology,en,9,88,49
W4388813651,post_ai,high,2023,Explore the Effectiveness Factors and Improvement Strategies of Collaborative Learning,Psychology,en,3,9,5
W4389435276,post_ai,high,2023,Editor’s Introduction: Rediscovering Early Phenomenological Aesthetics,Psychology,en,3,32,2
W4390108502,post_ai,high,2023,Visitor engagement with zoo staff and interpretive demonstrations increases visitor stay time in two free‐flight aviaries,Psychology,en,4,35,28
W4390232496,post_ai,high,2023,Prevalence of preoperative anxiety and depression in patients undergoing major oncologic surgeries: An analytical cross-sectional study,Psychology,en,6,39,26
W4390710837,post_ai,high,2023,"Perception, Phantasie, Signification: The Ambiguous Status of Imagination in Husserl's Logical Investigations",Psychology,en,4,30,12
W4391109410,post_ai,high,2024,Assessing expectancy and suggestibility in a trial of escitalopram v. psilocybin for depression,Psychology,en,74,47,34
W4392713125,post_ai,high,2024,Adaptation and validation of the academic motivation scale for higher education across four Eastern European countries,Psychology,en,6,73,51
W4393009921,post_ai,high,2024,Digital Game-Based Inquiry Learning to Improve Eighth Graders’ Inquiry Skills in Biology,Psychology,en,13,73,32
W4393167343,post_ai,high,2024,Family Social Capital’s Impact on the Family Stress Model: A Cross-Sectional Spanish Study During the COVID-19 Pandemic,Psychology,en,3,76,53
W4393189397,post_ai,high,2024,The role of attention in the effect of facial attractiveness on time perception,Psychology,en,4,53,30
W4394970986,post_ai,high,2024,When I say … artificial intelligence,Psychology,en,14,8,5
W4395469068,post_ai,high,2024,A naturalistic evaluation of parent-child interaction therapy (PCIT) and PCIT with trauma-directed interaction (PCIT with TDI) in Australian children exposed to abuse and neglect,Psychology,en,4,62,34
W4396833757,post_ai,high,2024,The Operators Model of Psychoanalytic Clinical Reasoning,Psychology,en,3,21,13
W4398174133,post_ai,high,2024,"Silo mentality in teams: emergence, repercussions and recommended options for change",Psychology,en,9,33,30
W4399147286,post_ai,high,2023,Relationship between Duration of Illness and Quality of Life in Hypertension Patients,Psychology,en,3,33,26
W4400105699,post_ai,high,2024,Information avoidance: An interchangeable strategy of self-protection,Psychology,en,8,52,38
W4400317667,post_ai,high,2024,The Association of Social Media Use and Eating Behaviour of Belgian Adolescent Girls Diagnosed with Anorexia Nervosa—A Qualitative Approach,Psychology,en,9,51,31
W4400747694,post_ai,high,2024,The association of shift work and TyG index among male workers in a chemical plant of Korea: a cross-sectional study,Psychology,en,3,24,18
W4401194320,post_ai,high,2024,Does exercise adherence during the COVID-19 pandemic contribute to improved subjective well-being? A cross-sectional study,Psychology,en,4,57,47
W4402528203,post_ai,high,2024,Challenges and Future Directions for Human-Drone Interaction Research: An Expert Perspective,Psychology,en,21,66,57
W4402688885,post_ai,high,2024,The minimal important difference in obsessive-compulsive disorder: An analysis of double-blind SSRI trials in adults,Psychology,en,8,46,32
W4403101830,post_ai,high,2024,Interparental and Parent–Teen Relationships during Adolescence as Predictors of Intra- and Interpersonal Emotion Regulation in Young Adulthood,Psychology,en,3,56,41
W4403168072,post_ai,high,2024,Effectiveness of a Kata Exercise Course on Static and Dynamic Balance in Hyperactive Children,Psychology,en,3,20,13
W4403565304,post_ai,high,2024,Assessing Health Technology Literacy and Attitudes of Patients in an Urban Outpatient Psychiatry Clinic: Cross-Sectional Survey Study,Psychology,en,13,27,21
W4403831486,post_ai,high,2024,Psychological restoration and transformative experiences of recreational vehicle tourists,Psychology,en,9,72,46
W4403914693,post_ai,high,2024,Self-criticism is a real-time predictor of non-suicidal self-injury and disordered eating: An ecological momentary assessment study among treatment-seeking individuals,Psychology,en,5,61,39
W4404312824,post_ai,high,2024,"Prenatal exposure to genocide and subsequent adverse childhood events are associated with DNA methylation of SLC6A4, BDNF, and PRDM8 in early adulthood in Rwanda",Psychology,en,9,46,36
W4404338374,post_ai,high,2024,Factors Affecting Life Satisfaction Among People With Physical Disabilities During COVID-19: Observational Evidence From a Korean Cohort Study,Psychology,en,4,28,14
W4405284363,post_ai,high,2024,The contribution of childhood adversity to adult socioeconomic gradients in mortality: A Swedish birth cohort analysis,Psychology,en,3,45,28
W4405730907,post_ai,high,2024,Divergent Perception: Framing Creative Cognition Through the Lens of Sensory Flexibility,Psychology,en,4,244,156
W4406121666,post_ai,high,2025,The clinical and cost effectiveness of a <scp>STAndardised DIagnostic</scp> Assessment for children and adolescents with emotional difficulties: the STADIA multi‐centre randomised controlled trial,Psychology,en,19,25,18
W4406192935,post_ai,high,2025,Patients´ experiences of TENS as a postoperative pain relief method in the post-anesthesia care unit after laparoscopic cholecystectomy: a qualitative study,Psychology,en,7,29,26
W4406955353,post_ai,high,2025,Bidirectional transparency in human-agent communications: effects of direction and level of transparency,Psychology,en,4,65,50
W4407383305,post_ai,high,2025,"Adverse childhood experiences, mental distress, and autoimmune disease in adult women: findings from two large cohort studies",Psychology,en,7,39,29
W4407908193,post_ai,high,2025,Frequency and Predictors of Shape/Weight Concerns and Objective Binge Eating in Avoidant/Restrictive Food Intake Disorder (ARFID),Psychology,en,7,25,17
W4408769824,post_ai,high,2025,"Temporal focus, dual-system self-control, and college students’ short-video addiction: a variable-centered and person-centered approach",Psychology,en,14,70,42
W4409469464,post_ai,high,2025,"Psychological Pathways for Sustainable Relationships: Transcendent Emotion, Animistic Belief, and Moral Reasoning Within an Embodied Ecology",Psychology,en,3,113,69
W4410564684,post_ai,high,2025,"From Innocence to Survival: The Harrowing Realities Faced by Migrant Children in Johannesburg, South Africa",Psychology,en,4,39,29
W4411541135,post_ai,high,2025,Interrelationships among parental play support and kindergarten children’s playfulness and creative thinking processes,Psychology,en,7,74,47
W4412042570,post_ai,high,2025,Fatigue as a central bridge: temporal dynamics between problematic smartphone use and depressive symptoms in Chinese adolescents,Psychology,en,5,107,59
W4412775003,post_ai,high,2025,Evaluation of generative models for emotional 3D animation generation in VR,Psychology,en,6,116,68
W4412842537,post_ai,high,2025,Evaluation of an Artificial Intelligence and Online Psychotherapy Initiative to Improve Access and Efficiency in an Ambulatory Psychiatric Setting: Évaluation d’une initiative de psychothérapie en ligne basée sur l’intelligence artificielle visant à améliorer l’accès et l’efficacité en milieu psychiatrique ambulatoire,Psychology,en,8,48,41
W4413994233,post_ai,high,2025,Beyond the Algorithm: A Perspective on Tackling Bias and Cultural Sensitivity in AI-Guided Aesthetic Standards for Cosmetic Surgery in the Middle East and North Africa (MENA) Region,Psychology,en,4,31,23
W4414150363,post_ai,high,2025,Relationship Between Emotional Intelligence and Emotion Regulation in Pre‐Service Teachers' Teaching Practicum: A Quantitative Longitudinal Study,Psychology,en,4,44,29
W7105987326,post_ai,high,2025,Teacher Trust in Colleagues and Basic Psychological Needs: A Two-Wave Cross-Lagged Study,Psychology,en,3,72,44
W7127617359,post_ai,high,2026,Behavioral Activation and Mindfulness Interventions in Reducing Loneliness and Improving Well-Being in Older Adults,Psychology,en,3,62,42
W4377195923,post_ai,low,2023,The Influence of Ethical Responsiveness on Relationships Through Distress,Psychology,en,0,37,27
W4379107473,post_ai,low,2023,Examining the Effect of Situational Awareness and Health Protection Behaviour on Loneliness and Hopelessness in COVID-19 Process,Psychology,en,0,12,10
W4386072426,post_ai,low,2023,Longitudinal Landing Risk Situation Model and Suppression Based on Cloud Model and MPC,Psychology,en,0,16,10
W4387266661,post_ai,low,2023,Subjective experience of happiness in young men with different life-meaning orientations,Psychology,en,0,10,6
W4388617001,post_ai,low,2023,Forgiveness American-Style: Origins and Status of Forgiveness in North American Buddhism,Psychology,en,0,145,39
W4389059975,post_ai,low,2023,Effects of the need fulfillment given by opposite-sex friends on breakup considerations: A moderated mediation model,Psychology,en,0,50,36
W4390607915,post_ai,low,2023,A Canvas of Similes: Unveiling Thematic Richness in Graham Greene's “The Power and The Glory”,Psychology,en,0,8,3
W4391283254,post_ai,low,2024,Effect of cognitive training on working memory and mindful attention: A study on sportsmen,Psychology,en,0,28,25
W4392972605,post_ai,low,2024,Working conditions and health status of school workers (literature review),Psychology,en,0,13,10
W4394716039,post_ai,low,2023,Category Generalization After Entrenched Versus Probabilistic Erroneous Feedback,Psychology,en,0,36,9
W4400113060,post_ai,low,2024,The influence of confectionery product decoration on consumers,Psychology,en,0,24,14
W4400218365,post_ai,low,2024,The Effects of Medical Students’ Traits and College Life on Academic Failure Mediated by Mental Health,Psychology,en,0,40,32
W4401978018,post_ai,low,2024,Physical Fitness and Academic Achievement: A Case of Kathmandu Valley,Psychology,en,0,34,20
W4402665360,post_ai,low,2024,Para/texts for the movie <i>Archie’s Final Project:</i> navigating stigma and profit imperatives to discuss suicide and human connections,Psychology,en,0,38,17
W4403102998,post_ai,low,2024,Sustained Public Policies and National Integration in Nigeria: The Inevitability of Effective Human Resource Analysis,Psychology,en,0,17,14
W4403231664,post_ai,low,2024,"Meta-analysis of the effectiveness of speech processing analysis methods: Focus on phonological encoding, phonological short-term memory, articulation transcoding*",Psychology,en,0,21,14
W4403253502,post_ai,low,2024,’I would just like to be straight.’ Boys and young men’s concerns about being gay in the questions sent to a Finnish sexual counselling service,Psychology,en,0,42,26
W4404705258,post_ai,low,2024,Free Online Multiplayer Games as Inclusive Tools for Teaching Ecology,Psychology,en,0,27,20
W4405396768,post_ai,low,2024,How many monthly nighttime-sleep opportunities are optimal for recovery from fatigue among shift-working nurses? A 1-month sleep log observational study to test anchor nighttime sleep in Japan,Psychology,en,0,23,19
W4406109987,post_ai,low,2025,The connection between distance learning profiles and achievement emotions in secondary mathematics education,Psychology,en,0,75,58
W4407731624,post_ai,low,2025,Comprehension and Competence: The Grasping Condition for Theoretical Understanding,Psychology,en,0,44,20
W4407851599,post_ai,low,2025,Manifesting a Shift in the “Overton Window”: The Threat of Project 2025 on the LGBTQ+ Community in Higher Education,Psychology,en,0,54,37
W4408352082,post_ai,low,2025,Multimodal and Multiple Prompts for Biology,Psychology,en,0,20,13
W4408848351,post_ai,low,2025,Psychological capital as a moderator between personality traits and flourishing in the sample of Lithuanian employees,Psychology,en,0,48,33
W4409102412,post_ai,low,2025,"Simulated Hearing Loss on Speech Recognition, Flight Performance, and Workload in Aviators",Psychology,en,0,14,11
W4410868500,post_ai,low,2025,Inculcating learner autonomy (LA) in a technical English course using OASIS3: a 5-stage model,Psychology,en,0,28,23
W4411427193,post_ai,low,2025,The Mediating Role of Career Disposition on the Relationship Between School Accountability and Adversity Quotient of Elementary School Teachers,Psychology,en,0,35,27
W4411928555,post_ai,low,2025,Order of Scent: Does the Sequence of Sampling Products Influence Consumer Preference?,Psychology,en,0,39,28
W4412373718,post_ai,low,2025,Effects of Distal and Proximal Variables on Donating Behavior,Psychology,en,0,31,14
W4412545112,post_ai,low,2025,"The causal association between insomnia and cognitive decline: A 2-sample, 2-step multivariable Mendelian randomization study",Psychology,en,0,52,41
W4413400245,post_ai,low,2025,"The Impact of Shift Work on Employee Health-Investigating The Relationship Between Shift Work and Employee Health Outcomes, Including Sleep, Disorders and Fatigue",Psychology,en,0,16,12
W4413794999,post_ai,low,2025,Narcissistic Grandiosity and Risky Behavior: Is There a Causal Effect?,Psychology,en,0,70,41
W4413912148,post_ai,low,2025,Short-term versus long-term psychotherapy for borderline personality disorder: a protocol for an individual patient data pooled analysis of two randomised clinical trials,Psychology,en,0,43,38
W4414231464,post_ai,low,2025,Resumption in Mandarin Topicalization: An Auditory-Based Experimental Study,Psychology,en,0,15,9
W4414260418,post_ai,low,2025,Time is hunting: Investigating time pressure and bottom-line mentality with an eye-tracking approach,Psychology,en,0,67,52
W4414434851,post_ai,low,2025,Computational Modeling Analysis of Positive Thinking Training for Improving Mental Toughness and Burnout Prevention in Medical Personnel,Psychology,en,0,29,22
W4415027286,post_ai,low,2025,"Impact of Telework on Body Composition, Physical Fitness, and Physical Symptoms in Japanese Workers",Psychology,en,0,20,19
W4416593302,post_ai,low,2025,Echoes of pandemic loss: Navigating grief in the wake of a COVID death,Psychology,en,0,26,21
W4416980328,post_ai,low,2025,Assessing daily decision-making behavior: A two-dimensional orientation–intensity framework linking dual-process theory and psychological states,Psychology,en,0,22,15
W4417229173,post_ai,low,2025,The Italian MB-CDI ‘Words and Gestures’ complete and short form: Normative data and validity,Psychology,en,0,50,43
W7109772788,post_ai,low,2025,The Gene of Holodomor as a Component of Post-1991 Ukrainian Identity: Literary Reminiscences,Psychology,en,0,8,7
W7124978464,post_ai,low,2026,Insights into psilocybin use among people with bipolar disorder: A thematic analysis of Reddit posts,Psychology,en,0,23,18
W7125690813,post_ai,low,2026,Prosodic prominence of modal verbs in narratives,Psychology,en,0,11,3
W7126275450,post_ai,low,2026,Cyberbullying and emotional vulnerabilities: role of coping styles,Psychology,en,0,50,34
W7126382919,post_ai,low,2026,“It is Not Straightforward”: Resilience in the Bicultural Worlds of Multicultural Youths,Psychology,en,0,34,29
W7127052899,post_ai,low,2026,Conscious experience and emotion: an attention-based account,Psychology,en,0,158,98
W7130429322,post_ai,low,2026,Structural markedness and school-age L2 exposure in Mandarin-speaking children’s acquisition of English consonant clusters,Psychology,en,0,31,26
W7132815176,post_ai,low,2026,Compensation Strategies for Cognitive Complaints After Aneurysmal Subarachnoid Hemorrhage: a Patient Perspective,Psychology,en,0,40,29
W7138044173,post_ai,low,2026,Association of Borderline Personality Disorder with Physical Diseases and Mortality: A 16-Year Population-Based Electronic Health-Record Cohort Study in Hong Kong,Psychology,en,0,30,21
W7140169934,post_ai,low,2026,Developing implementer competence: trainees’ experiences during a training program for an emotion regulation intervention in schools,Psychology,en,0,33,27
W7141094629,post_ai,low,2026,"The Interplay of Family Influences, Resilience, and First-Generation College Status in Online Academic Self-Efficacy",Psychology,en,0,35,27
W7147370264,post_ai,low,2026,"Suicide attempts in adolescent inpatients with non-suicidal self-injury: a study of sociodemographic, clinical and psychopathological characteristics",Psychology,en,0,53,37
W7148593208,post_ai,low,2026,Adrift in life: A longitudinal qualitative study into the lived experience of persistent suicidality,Psychology,en,0,44,38
W7155065584,post_ai,low,2026,The effect of an occupational therapy course on students’ attitudes toward the older adults and compassionate communication: A quasi-experimental study,Psychology,en,0,43,28
W7159688800,post_ai,low,2026,Positive behavior support/management and teacher development: a systematic review of primary education interventions,Psychology,en,0,59,46
W7160120203,post_ai,low,2026,The case for demedicalizing stigma research,Psychology,en,0,49,41
W7160520524,post_ai,low,2026,Barriers to diagnosing and treating panic disorder in students with intellectual disabilities: perspectives from psychologists in Saudi schools,Psychology,en,0,40,34
W7160879131,post_ai,low,2026,Looking around: comparing eye-tracking metrics among designers with and without ADHD during convergent and divergent thinking tasks,Psychology,en,0,111,76
W7160907985,post_ai,low,2026,Mental energy and psychological flow in sport: a perspective beyond physical preparation,Psychology,en,0,58,43
W7161296191,post_ai,low,2026,The Role of Interpersonal Communication in Promoting Adolescent Health and Nutrition: A Systematic Review,Psychology,en,0,29,23
W7162393218,post_ai,low,2026,"<scp>COVID</scp> ‐19‐Related Stress and Adolescent Anorexia Nervosa: Early Detection, Similar Illness Course",Psychology,en,0,33,27
W7162630563,post_ai,low,2026,Japanese quail (Coturnix japonica) selected for high social motivation rely on conspecifics for buffering but not learning in sociocognitive tasks,Psychology,en,0,62,35
W7164318092,post_ai,low,2026,Promoting Resilience and Mental Health Among Young People in Pandemic Settings: An Implementation Study,Psychology,en,0,31,25
W7165181579,post_ai,low,2026,Construction and validation of the indicator system for factors influencing pre-match tactical decision-making of volleyball coaches,Psychology,en,0,63,50
W7165756310,post_ai,low,2026,Sex differences in emotional exhaustion among higher-education students during the pre-vaccination COVID-19 period: evidence from Chile and the ECE interpretive framework (ECE-Int),Psychology,en,0,92,77
W7165771487,post_ai,low,2026,Effectiveness of Non-Pharmacological Interventions for Reducing Self-Stigma in Adults with Severe Mental Illness: A Systematic Review and Meta-Analysis,Psychology,en,0,55,37
W7166557122,post_ai,low,2026,Old media as an icon of youth: Platform-mediated nostalgia and the revival of the Casio TR camera on Rednote,Psychology,en,0,28,24
W4323652697,post_ai,medium,2023,Effect of Non-pharmaceutical Interventions on COVID-19 in Rwanda: An Observational Study,Psychology,en,1,15,12
W4361294806,post_ai,medium,2023,L’incertezza europea in tempi di pandemia. Tra la salute e l’economia,Psychology,en,1,29,13
W4375948483,post_ai,medium,2023,Lasting Impressions of a Mandatory University Outdoor Experience Program: A Retrospective Study,Psychology,en,2,91,64
W4377047503,post_ai,medium,2023,"Socio‐emotional, cognitive, affective disorders and substance use in a sample of students in first‐ and second‐grade high school in Italy: A comparison among students', parents', and teachers' perceptions",Psychology,en,0,111,83
W4378375447,post_ai,medium,2023,Emotional Intelligence and Job Performance: Evidence from Albania Context,Psychology,en,1,15,10
W4379796271,post_ai,medium,2023,The light triad moral dimension and resilience as predictors of health behaviors among COVID-19 convalescents,Psychology,en,1,9,8
W4380078838,post_ai,medium,2023,Motivation and achievement in undergraduate <scp>STEM</scp> calculus: Applying self‐determination theory to examine the differential impact of learning environments across demographic groups,Psychology,en,2,53,34
W4381249980,post_ai,medium,2023,The Effectiveness of Virtual Acceptance and Commitment Therapy Based on Compassion in Perfectionism and Death Anxiety in Nurses with Obsessive-Compulsive Personality Traits: A Quasi-Experimental Study,Psychology,en,0,14,12
W4381952623,post_ai,medium,2023,A Corpus-Based Lexical Evaluation of L1 Arabic Learners’ English Literary Essays,Psychology,en,1,103,60
W4384938469,post_ai,medium,2023,Premotor function in interpersonal bimanual coordination: Neural responses to varying frequencies and spatio–temporal relationships,Psychology,en,1,46,18
W4386168918,post_ai,medium,2023,Exploring the mediating effects of academic performance and self-esteem on the influence of sleep quality on internalizing and externalizing problems among Chinese adolescents,Psychology,en,1,42,20
W4386307811,post_ai,medium,2023,How do landscape and life history traits contribute to the threat context of Brazilian primates?,Psychology,en,1,84,66
W4387234511,post_ai,medium,2023,Assessing Creativity-Enhancing Learning Environments: Psychometric Model Validation for Undergraduates,Psychology,en,1,19,14
W4387401182,post_ai,medium,2023,Creating Memories with a Terminally-Ill Neonate,Psychology,en,2,18,13
W4388467074,post_ai,medium,2023,Restriction of the Rights and Coercion of Patients in a Psychiatric Hospital: The Opinion of People With Mental Disorders and Psychiatrists,Psychology,en,1,23,18
W4388932343,post_ai,medium,2023,FALTAS ETICAS DURANTE O PROCESSO DE AVALIACAO PSICOLOGICA E ELABORACAO DE LAUDO PSICOLOGICO,Psychology,en,0,26,0
W4388942060,post_ai,medium,2023,longitudinal investigation of connectedness and syntactic complexity in the written production of bilingual children during the COVID-19 pandemic,Psychology,en,2,30,26
W4390652096,post_ai,medium,2023,Investigating the effectiveness of Captain’s Log cognitive rehabilitation software on the cognitive flexibility of patients with multiple sclerosis in Tehran,Psychology,en,0,49,31
W4390695938,post_ai,medium,2024,The Effect of Childhood Trauma on Posttraumatic Growth in Patients with Depression,Psychology,en,0,26,19
W4391955970,post_ai,medium,2024,Association between Sleep Problems and Psychopathologies among Preschoolers: A Brazilian Cross-Sectional Study,Psychology,en,1,18,6
W4392111598,post_ai,medium,2024,Assessing the Relative Progressivity of the Biden Administration's Federal Student Loan Forgiveness Proposal,Psychology,en,1,10,3
W4392304199,post_ai,medium,2024,EFL Teachers' Job Satisfaction Profile,Psychology,en,1,53,33
W4392343760,post_ai,medium,2024,Legal and secondary biopsychosocial outcomes of child sexual abuse: Experience from a hospital-based multidisciplinary child protection unit in an urban lower-middle income country setting,Psychology,en,2,36,21
W4392522223,post_ai,medium,2024,"The Effectiveness of the PRECEDE-PROCEED Health Promotion Model to Decrease Fear, Anxiety, and Depression Among Healthcare Workers During a Pandemic: A Quasi-Experimental Study",Psychology,en,0,25,16
W4393390045,post_ai,medium,2024,A Theoretical Framework of Developing Leadership Capacity for Successful Organizational Outcomes,Psychology,en,1,62,51
W4393952420,post_ai,medium,2024,"Psychological Distress During COVID-19: Its Association With Stress, Emotion Regulation, and Sleep",Psychology,en,1,29,14
W4394614899,post_ai,medium,2024,Ketamine Infusion in a Resistant Obsessive-Compulsive Disorder Patient in Bangladesh with Severe Suicidal Ideation: A Case Report,Psychology,en,1,93,67
W4394717076,post_ai,medium,2024,Evaluation of sleep problems and related factors in children newly diagnosed with autism spectrum disorder,Psychology,en,1,97,55
W4394794445,post_ai,medium,2024,The effectiveness of interpersonal and social rhythm therapy (IPSRT) combined with motivational interviewing (MI) on reducing the symptoms of major depression with anxiety distress: A single case study design,Psychology,en,1,16,12
W4397002587,post_ai,medium,2024,An Intersection of Social Workers’ Practice in Community Resilience and Indigenous Support Systems in Kashmir,Psychology,en,1,25,17
W4399014275,post_ai,medium,2024,Improving Facial Expression Classification through Ensemble Deep Learning Models,Psychology,en,1,14,10
W4399337545,post_ai,medium,2024,Enhancing Learning through conversational AI: An Approach to Ocean Conservation and Recycling Education,Psychology,en,1,8,8
W4399444327,post_ai,medium,2024,A qualitative evaluation of an in-school social norms approach intervention for reducing unhealthy snacking behaviours amongst secondary school students,Psychology,en,1,29,19
W4399891145,post_ai,medium,2024,A Study of the Emotional Intelligence and Mental Health of Shandong University Students Studying Music Education,Psychology,en,1,22,14
W4400466587,post_ai,medium,2024,Enhancing Student Learning and Engagement with Object- Oriented Block-Based Programming Tool,Psychology,en,1,31,20
W4401722402,post_ai,medium,2024,Implementing Indonesian Kindergarten Curriculum in Game using Multimedia Development Life Cycle Method,Psychology,en,1,20,14
W4402452239,post_ai,medium,2024,Where the wild places are: Factors associated with people's favourite local and national wild place in the United Kingdom,Psychology,en,2,47,33
W4404115188,post_ai,medium,2024,A short report of a Scottish audit of disability and child protection medical examinations,Psychology,en,1,10,5
W4404196909,post_ai,medium,2024,Does higher endorsement with collaboration lead to better performance on collaborative problem solving? An explanatory item response approach to cross-cultural comparisons,Psychology,en,2,42,21
W4405952715,post_ai,medium,2024,"Restrained Eating Behavior in Free Living Adults: A Study in Delhi, India",Psychology,en,1,29,12
W4406461996,post_ai,medium,2024,Self-Supervised Speech Models For Word-Level Stuttered Speech Detection,Psychology,en,2,34,17
W4407288881,post_ai,medium,2025,Investigating the role of visual and corresponding auditory stimuli in driving-related speed perception,Psychology,en,1,58,29
W4408691119,post_ai,medium,2025,What does a dollar mean to you? utilizing intrinsic rewards within contingency management,Psychology,en,1,63,35
W4408959495,post_ai,medium,2025,Pre-Service Teachers' Cognitive Processes Concerning Early Childhood Education Pedagogical Skills Through the Perspective of Cognitive Load Theory,Psychology,en,1,67,30
W4410085652,post_ai,medium,2025,Effectiveness of emotion-focused skills training (EFST) for parents: A randomized controlled trial investigating remission of mental health diagnosis and symptom reduction in children,Psychology,en,1,43,28
W4410286905,post_ai,medium,2025,Synergistic modulation of gut microbiota and mindfulness-based interventions in schizophrenia: Integrating neurotransmitter regulation and multimodal therapeutic strategies,Psychology,en,1,24,19
W4410875121,post_ai,medium,2025,Emotional intelligence approach as a predictor of job satisfaction among midwives in Northern Iran: A descriptive-correlational study,Psychology,en,2,68,47
W4411194993,post_ai,medium,2025,Prevalence and Pattern of Self‐Harm Among University Students in Dhaka: A Cross‐Sectional Study,Psychology,en,1,19,13
W4412998331,post_ai,medium,2025,Personality Constructs Predictions Beyond <scp>FFM</scp> /Big5: A Digital Phenotyping‐Based Exploration,Psychology,en,1,130,82
W4413168654,post_ai,medium,2025,THE NATURE OF ARTISTIC CREATIVITY: A HISTORICAL-PHILOSOPHICAL REVIEW,Psychology,en,0,9,0
W4413256704,post_ai,medium,2025,Koffka Ring Perception in Digital Environments with Brightness Modulation,Psychology,en,2,30,16
W4414353953,post_ai,medium,2025,Sports participation and sex outweigh the relative age effect in motor competence of school-aged children,Psychology,en,1,54,42
W4414836460,post_ai,medium,2025,RollAbility: A Case Study of Aligning the Design of Game-Based Wheelchair Skills Training with Clinical Protocols and Player Experience Goals,Psychology,en,1,69,58
W4415616499,post_ai,medium,2025,Sleep characteristics and non-suicidal self-injury: unveiling the association in depressed adolescents,Psychology,en,2,52,29
W4415815140,post_ai,medium,2025,Three years post-pandemic of SARS-CoV-2: Insights from a Bulgarian online survey,Psychology,en,0,22,18
W4416701464,post_ai,medium,2025,How do consumers with different need for cognition appreciate visual metaphor advertisements? Multifaceted aspects of human-made and AI-generated images,Psychology,en,2,67,51
W4416995931,post_ai,medium,2025,Expanding the theory of planned behavior to predict fruits and vegetables consumption among a sample of women in Saudi Arabia,Psychology,en,1,43,30
W4417415730,post_ai,medium,2025,Temporal Trends in the Epidemiology of Eating Disorders Between 2000 and 2022: A Danish Register Study of Their Incidence and Comorbidities,Psychology,en,1,48,41
W7106118605,post_ai,medium,2025,Postural and physiological indicators of drowsiness at the wheel compared in partially and conditionally autonomous on-road driving,Psychology,en,2,63,43
W7125632223,post_ai,medium,2026,Exploring the Link between Evening Chronotypes and T2DM among South Indians: A Cross-Sectional Study,Psychology,en,1,73,55
W7130945147,post_ai,medium,2026,Why leaders are key for improving resilience and mental wellbeing in healthcare,Psychology,en,1,13,11
W7131357000,post_ai,medium,2026,Pilot study of psilocybin in patients with post-treatment lyme disease,Psychology,en,2,75,49
W7131799539,post_ai,medium,2025,Exploratory models of human-AI teams,Psychology,en,1,61,48
W7133328890,post_ai,medium,2026,Body Modifications in Patients with Chronic Dermatoses: Associations with Body Dysmorphic Disorder and Illness Acceptance,Psychology,en,0,33,23
W7140277300,post_ai,medium,2026,"Compassion-focused group therapy improves depression, emotional eating, self-criticism and shame in people living with severe obesity: A single-centre, examiner-blind randomized controlled trial",Psychology,en,1,50,35
W7156051665,post_ai,medium,2026,Balancing Academics and Parenthood: The Impact of a Peer Mentoring Program,Psychology,en,0,24,20
W7164685102,post_ai,medium,2026,Comparative Effects of Mindfulness Meditation and Progressive Muscle Relaxation on Health Outcomes in Nursing Students Taking Medical–Surgical Clinical Training: Mixed‐Method Study,Psychology,en,1,32,25
W2906387486,pre_ai,high,2019,Closeness or Distance? An Investigation of Employee–Organization Relationships: From a Psychological Distance Perspective,Psychology,en,19,41,29
W2913644846,pre_ai,high,2019,Suicidal behavior among substance users: data from the Second Brazilian National Alcohol and Drug Survey (II BNADS),Psychology,en,53,13,7
W2913948677,pre_ai,high,2019,"The joint effects of bilingualism, DLD and item frequency on children's lexical‐retrieval performance",Psychology,en,26,50,35
W2914480677,pre_ai,high,2019,Early Detection of User Engagement Breakdown in Spontaneous Human-Humanoid Interaction,Psychology,en,30,62,37
W2914888372,pre_ai,high,2019,Transmen’s Experienced Sexuality and Genital Gender-Affirming Surgery: Findings From a Clinical Follow-Up Study,Psychology,en,60,10,9
W2916463290,pre_ai,high,2019,Measuring sleep in young children and their mothers: Identifying actigraphic sleep composites,Psychology,en,33,33,25
W2921694198,pre_ai,high,2019,Pain and sleep problems predict quality of life for veterans with serious mental illness.,Psychology,en,19,71,41
W2924633415,pre_ai,high,2019,Development of a Highly Potent Analogue and a Long-Acting Analogue of Oxytocin for the Treatment of Social Impairment-Like Behaviors,Psychology,en,27,67,41
W2931531475,pre_ai,high,2019,The Pratfall Effect and Interpersonal Impressions of a Robot that Forgets and Apologizes,Psychology,en,16,17,12
W2945320047,pre_ai,high,2019,Brain activity patterns of phonemic representations are atypical in beginning readers with family risk for dyslexia,Psychology,en,55,99,59
W2945843231,pre_ai,high,2019,"Primary health care nurses attitude towards people with severe mental disorders in Addis Ababa, Ethiopia: a cross sectional study",Psychology,en,31,26,21
W2950767057,pre_ai,high,2019,Impact of Training and Development Practices on Job Satisfaction: A Study on Faculty Members of Technical Education Institutes,Psychology,en,37,25,20
W2952143347,pre_ai,high,2019,The Gambling Factors Related with the Level of Adolescent Problem Gambler,Psychology,en,31,36,19
W2967782478,pre_ai,high,2019,Parents’ work and children’s development: A longitudinal investigation of working-class families.,Psychology,en,26,35,31
W2970981431,pre_ai,high,2019,Dual-stream Shallow Networks for Facial Micro-expression Recognition,Psychology,en,158,33,18
W2971426317,pre_ai,high,2019,Development of Children’s monitoring and control when learning from texts: effects of age and test format,Psychology,en,32,65,35
W2984752304,pre_ai,high,2019,"&lt;p&gt;Correlation Between Depressive Symptoms And Quality Of Life, And Associated Factors For Depressive Symptoms Among Rural Elderly In Anhui, China&lt;/p&gt;",Psychology,en,36,49,38
W2991982517,pre_ai,high,2019,Immunological effects of shift work in healthcare workers,Psychology,en,72,49,35
W2993050481,pre_ai,high,2019,Students’ Creative Process in Mathematics: Insights from Eye-Tracking-Stimulated Recall Interview on Students’ Work on Multiple Solution Tasks,Psychology,en,56,58,16
W2995477795,pre_ai,high,2019,Predicting treatment failure in regular care Internet-Delivered Cognitive Behavior Therapy for depression and anxiety using only weekly symptom measures.,Psychology,en,39,51,39
W2995950871,pre_ai,high,2019,"The Looking Glass for Intelligence Quotient Tests: The Interplay of Motivation, Cognitive Functioning, and Affect",Psychology,en,35,65,40
W3004211396,pre_ai,high,2020,Poor family relationships in adolescence as a risk factor of in-patient psychiatric care across the life course: A prospective cohort study,Psychology,en,25,14,10
W3006401636,pre_ai,high,2020,Predicting Hand Washing and Sleep Hygiene Behaviors among College Students: Test of an Integrated Social-Cognition Model,Psychology,en,88,62,33
W3012323766,pre_ai,high,2020,"Understanding the relationships between mental disorders, self-reported health outcomes and positive mental health: findings from a national survey",Psychology,en,47,64,46
W3017087177,pre_ai,high,2020,The Case for a Cultural Humility Framework in Social Work Practice,Psychology,en,126,34,26
W3020115235,pre_ai,high,2020,"The effects of Mindful Sport Performance Enhancement (MSPE) training on mindfulness, and flow in national competitive swimmers",Psychology,en,32,34,22
W3022067857,pre_ai,high,2020,"Post-traumatic Stress Disorder and Suicidal Behaviors in American Adolescents: Analysis of 159,500 Psychiatric Hospitalizations",Psychology,en,17,22,16
W3027833786,pre_ai,high,2020,Leveraging Mobile Sensing and Machine Learning for Personalized Mental Health Care,Psychology,en,20,25,18
W3043886700,pre_ai,high,2020,Measuring Realistic and Symbolic Threats of COVID-19 and Their Unique Impacts on Well-Being and Adherence to Public Health Behaviors,Psychology,en,39,36,31
W3045897679,pre_ai,high,2020,Frontal Cortical Modulation of Temporal Visual Cross-Modal Re-organization in Adults with Hearing Loss,Psychology,en,22,77,52
W3047669274,pre_ai,high,2020,Computer-aided music education and musical creativity,Psychology,en,32,20,9
W3053873800,pre_ai,high,2020,Quantitative and temporal approach to utilising electronic medical records from general practices in mental health prediction,Psychology,en,17,81,44
W3080857959,pre_ai,high,2020,How Does Art Viewing Inspires Creativity?,Psychology,en,30,61,42
W3081870572,pre_ai,high,2020,Early Life Stress Exacerbates Outcome after Traumatic Brain Injury,Psychology,en,32,116,66
W3090748096,pre_ai,high,2020,Body Dissatisfaction as a Mediator between Identity Formation and Eating Disorder Symptomatology in Adolescents and Emerging Adults,Psychology,en,30,53,38
W3097824250,pre_ai,high,2020,Violent encounters between social units hinder the growth of a high-density mountain gorilla population,Psychology,en,35,55,41
W3106600745,pre_ai,high,2020,Horizontal road markings for human and machine vision,Psychology,en,37,53,35
W3108773932,pre_ai,high,2020,Analysis of the Impact of Health Beliefs and Resource Factors on Preventive Behaviors against the COVID-19 Pandemic,Psychology,en,187,70,51
W3111977747,pre_ai,high,2020,Effects of aging and noncanonical form presentation on idiom processing: Evidence from eye tracking,Psychology,en,16,97,56
W3126898912,pre_ai,high,2021,Physical Education and the Adoption of Habits Related to the Mediterranean Diet,Psychology,en,21,51,36
W3127171637,pre_ai,high,2019,The role of aspect in the acquisition of<i>ser</i>and<i>estar</i>in locative contexts by English-speaking learners of Spanish,Psychology,en,16,73,43
W3135578625,pre_ai,high,2021,"Whose parenting stress is more vulnerable to marital dissatisfaction? A within‐couple approach examining gender, cognitive reappraisal, and parental identity",Psychology,en,27,71,50
W3137438788,pre_ai,high,2021,Persuasive Technology for Mental Health: One Step Closer to (Mental Health Care) Equality?,Psychology,en,34,46,29
W3141708332,pre_ai,high,2021,Convergent and Discriminant Validity of Retrospective Assessments of the Quality of Childhood Parenting: Prospective Evidence From Infancy to Age 26 Years,Psychology,en,43,33,24
W3147146851,pre_ai,high,2021,Social Support and Optimism as Protective Factors for Mental Health among 7765 Healthcare Workers in Germany during the COVID-19 Pandemic: Results of the VOICE Study,Psychology,en,109,76,43
W3157059450,pre_ai,high,2021,"A Public Mental Health Study Among Iraqi Refugees in Sweden: Social Determinants, Resilience, Gender, and Cultural Context",Psychology,en,19,69,48
W3162811262,pre_ai,high,2021,Contrastive Unsupervised Learning for Speech Emotion Recognition,Psychology,en,53,34,22
W3163443644,pre_ai,high,2021,Age effects in autobiographical memory depend on the measure,Psychology,en,16,77,46
W3163921262,pre_ai,high,2021,Vicariously Resilient or Traumatised Social Workers: Exploring Some Risk and Protective Factors,Psychology,en,25,55,44
W3167874032,pre_ai,high,2021,Effective speech emotion recognition using deep learning approaches for Algerian dialect,Psychology,en,21,28,10
W3172260647,pre_ai,high,2021,"The fear of COVID-19 outbreak among health care professionals in Gaza Strip, Palestine",Psychology,en,21,24,13
W3174384333,pre_ai,high,2021,The health and wellbeing of transgender and gender <scp>non‐conforming</scp> people of colour in the United States: A systematic literature search and review,Psychology,en,39,91,68
W3181561950,pre_ai,high,2021,Associations Between Child Maltreatment and Depressive Symptoms Among Chinese College Students: An Analysis of Sex Differences,Psychology,en,23,66,26
W3185843115,pre_ai,high,2021,Positive and Negative Emotional Eating Are Not the Same—The Spanish Version of the Positive-Negative Emotional Eating Scale (PNEES),Psychology,en,20,36,17
W3186872733,pre_ai,high,2021,“What Are You Looking For?” Investigating the Association Between Dating App Use and Sexual Risk Behaviors,Psychology,en,23,38,20
W3191771273,pre_ai,high,2021,Altered Serum Immunological and Biochemical Parameters and Microbiota Composition in Patients With AN During Realimentation,Psychology,en,29,53,35
W3195332237,pre_ai,high,2021,Assessing the effectiveness of a game‐based phonics intervention for first and second grade English language learners in India: A randomized controlled trial,Psychology,en,31,63,48
W3195423481,pre_ai,high,2021,Orthorexia nervosa and disordered eating attitudes among Lebanese adults: Assessing psychometric proprieties of the ORTO-R in a population-based sample,Psychology,en,35,50,26
W3197090776,pre_ai,high,2021,The critical distinction between suicidal ideation and suicide attempts,Psychology,en,166,8,6
W3198234666,pre_ai,high,2021,Education and the Fourth Industrial Revolution: Lessons from COVID-19,Psychology,en,59,33,17
W3200401588,pre_ai,high,2021,Affective regulation through touch: homeostatic and allostatic mechanisms,Psychology,en,87,63,37
W3200460282,pre_ai,high,2021,Seeking Help From Trusted Adults in Response to Peers’ Social Media Posts About Mental Health Struggles: Qualitative Interview Study Among Latinx Adolescents,Psychology,en,18,36,24
W4200300400,pre_ai,high,2021,"Developmental trajectories of Big Five personality traits among adolescents and young adults: Differences by sex, alcohol use, and marijuana use",Psychology,en,17,67,46
W4200454801,pre_ai,high,2021,Too Jittery to Sleep? Temporal Associations of Actigraphic Sleep and Caffeine in Adolescents,Psychology,en,24,75,46
W4205750293,pre_ai,high,2021,The Impact of COVID-19 on Young People’s Mental Health in the UK: Key Insights from Social Media Using Online Ethnography,Psychology,en,39,48,34
W4249785943,pre_ai,high,2021,Depathologizing Sexual Orientation and Transgender Identities in Psychiatric Classifications,Psychology,en,18,19,13
W1399857,pre_ai,low,2021,Students' Perceptions of Coercion in Research,Psychology,en,1,10,7
W2906649329,pre_ai,low,2020,Toward a Culturally Robust Measure to Assess Marital Relationships,Psychology,en,3,56,43
W2908361816,pre_ai,low,2019,A latent growth curve model of academic motivation and academic self-efficacy of Shahid Chamran University students,Psychology,en,1,15,10
W2920335926,pre_ai,low,2019,Effect of Neurofeedback Therapy versus Group Reality Therapy on Anxiety and Depression Symptoms among Women with Breast Cancer: A Clinical Trial Study,Psychology,en,2,30,14
W2921960580,pre_ai,low,2019,"The Making of Men and Women: Gertrude Stein, Hugo Münsterberg, and the Discourse of Work",Psychology,en,1,34,27
W2924670032,pre_ai,low,2019,Attachment Play Related to Piaget&amp;#39;s Conservation Task with Parent,Psychology,en,2,41,23
W2933390073,pre_ai,low,2019,Single-Session Therapy: A healthful approach to effectively and efficiently solving client problems,Psychology,en,1,34,17
W2935105856,pre_ai,low,2019,Interdisciplinary perspectives in subject analysis,Psychology,en,1,24,14
W2947044530,pre_ai,low,2019,"Is low Weight Disorder (Anorexia Nervosa) Correlated with Gender, Socio Demographic and Psychological Features?",Psychology,en,1,16,12
W2947550861,pre_ai,low,2019,Shared unmeasured characteristics among siblings confound the association of Apgar score with stress resilience in adolescence,Psychology,en,3,30,20
W2962364220,pre_ai,low,2019,Effecting social change across contexts: Needs and mechanisms—An introduction to the special section.,Psychology,en,0,28,23
W2980530254,pre_ai,low,2019,Ecoethos da Amazônia: interação e ludicidade juvenil mediada por um jogo de simulação,Psychology,en,0,8,4
W2981680069,pre_ai,low,2019,A Revised Short Form of the Extended Class Play Among Italian Early Adolescents,Psychology,en,3,55,36
W2982628614,pre_ai,low,2019,Emotional Modulation of Visual Brain Responses during Classical Conditioning in Patients with Recurrent vs. Bipolar Depressio,Psychology,en,3,22,10
W2982654816,pre_ai,low,2019,Adult Judges Use Heuristics When Categorizing Infants’ Naturally Occurring Responses to Others’ Emotions,Psychology,en,1,24,18
W2996550822,pre_ai,low,2019,Analysis of learners' interests in a social learning environment,Psychology,en,3,9,5
W2996565327,pre_ai,low,2019,NARRATIVE PERSPECTIVE IN EDGAR POЕ’S POETICS: A LINGUISTIC ASPECT,Psychology,en,0,26,18
W3000360060,pre_ai,low,2020,Analyzing Changes in the Individual Dimensions of a Behaviorally Anchored Rating Scale,Psychology,en,0,16,12
W3008022911,pre_ai,low,2019,The Role of Individual Design Elements on the Effectiveness of Visual Advertisements,Psychology,en,1,12,7
W3013890877,pre_ai,low,2019,"Associations between the variables institutionalization, education, polypharmacy, depression and cognitive impairment in two heterogeneous groups of the elderly",Psychology,en,3,44,25
W3017182204,pre_ai,low,2020,Creation of Facial Composites from User Selections using Image Gradient,Psychology,en,3,29,19
W3018071847,pre_ai,low,2020,The Paradox of the Waiting List to Enter REMS: A Delay in the Execution of Magistrates' Orders or a Search for a Better Way to Treat Mentally Disordered Offenders? Reflections Three Years after the Closure of Forensic Psychiatric Hospitals in Italy,Psychology,en,1,19,9
W3034548648,pre_ai,low,2020,Juvenile Competency to Stand Trial: A Systemic Look Under the Hood: Reasonable Accommodations,Psychology,en,0,30,16
W3038520599,pre_ai,low,2020,"Emotional intelligence among medical undergraduates, interns, postgraduates, and medical practitioners",Psychology,en,3,10,7
W3049354333,pre_ai,low,2020,Simulation of vocational activities: experimental evidence of (no) changes in vocational interests,Psychology,en,3,63,33
W3085443667,pre_ai,low,2020,Consumers’ willingness to pay for plants protected by beneficial insects—Evidence from two stated-choice experiments with different subject pools,Psychology,en,2,69,35
W3086599976,pre_ai,low,2020,L2 Korean Speakers’ Thematic Role Resolution in a Psych-predicate Construction,Psychology,en,0,34,20
W3089894687,pre_ai,low,2020,Peculiarities of Self-Attitude and Body Satisfaction among Girls,Psychology,en,1,8,5
W3092375086,pre_ai,low,2020,Situation Awareness and Information Fusion in Sales and Customer Engagement: A Paradigm Shift,Psychology,en,2,25,16
W3108105170,pre_ai,low,2020,An approach to organizing the transition of vehicle control from an automated driving system to a person,Psychology,en,0,14,11
W3114268646,pre_ai,low,2020,Acknowledging Educational Programs in Psychotherapy for Psychologists: Possible Ways of Government Regulation,Psychology,en,0,15,8
W3115293691,pre_ai,low,2020,An examination of how young adults manage verbal disclosure of their tattoo(s),Psychology,en,4,15,10
W3121566938,pre_ai,low,2020,«Ο Αγχόσαυρος»: ένα ψυχοεκπαιδευτικό πρόγραμμα για τη διαχείριση του άγχους σε παιδιά. Κατασκευή και πιλοτική έρευνα,Psychology,en,0,51,26
W3127159829,pre_ai,low,2021,Can Digital Badging Support an Inclusive New Normal in Higher Education?,Psychology,en,4,68,44
W3128438823,pre_ai,low,2021,Perceptions of Virtual Team Communication Effectiveness: The Role of Team Member Identity Motives and Media Characteristics,Psychology,en,1,68,52
W3131087778,pre_ai,low,2021,Form design in interface of display and control system based on visual search,Psychology,en,1,12,5
W3131636080,pre_ai,low,2021,Weighted Mel frequency cepstral coefficient based feature extraction for automatic assessment of stuttered speech using Bi-directional LSTM,Psychology,en,3,24,16
W3133936518,pre_ai,low,2021,Influence of environmental factors on the working rhythmin a clothing industry,Psychology,en,3,13,8
W3136705311,pre_ai,low,2021,The dependence of academic performance on emotional perception among children receiving additional music education,Psychology,en,3,21,16
W3155441106,pre_ai,low,2021,Depression in Relation to Self-confidence among Children Visual Impairment,Psychology,en,0,27,18
W3163763610,pre_ai,low,2021,Embracing cultural relevance and fostering student metacognitive formative assessment through T.A.L.E. (Take Another Look Everyone) in a rural 5<sup>th</sup>grade math classroom: a collaborative action research project,Psychology,en,2,51,34
W3168331770,pre_ai,low,2021,Correlation of Sleep Disorders with Suicidal Ideation in Patients with Major Depressive Disorder,Psychology,en,1,18,10
W3169458812,pre_ai,low,2021,The relationship hazard awareness ability has with parenting style and growing up experiences.,Psychology,en,0,57,41
W3175064882,pre_ai,low,2021,The Relationship between Perception and Anxiety in HIV Patients at the Victory Plus Foundation in Yogyakarta,Psychology,en,0,16,7
W3176776821,pre_ai,low,2021,An Analysis of Interpersonal Meaning of Modal Verbs in Abstracts from Scientific Papers: Case Study of Progress in Aerospace Sciences,Psychology,en,0,13,7
W3180074029,pre_ai,low,2021,Developing Language Skills in Pre-School Children with Special Educational Needs in the Course of Inclusive Education,Psychology,en,2,12,8
W3181973550,pre_ai,low,2021,Confirmatory factor analysis of head of department’s functional competencies development: a case study in the secondary schools inThailand,Psychology,en,0,14,6
W3186586976,pre_ai,low,2021,ATTITUDE &amp; BELIEF OF HEATH CARE WORKERS TOWARDS HYDROXYCHOLOROQUINE CHEMOPROPHYLAXIS VERSUS PERSONAL HYGIENE PRACTICES IN EARLY PHASE OF COVID 19 PANDEMIC – A WEB BASED SURVEY IN PRE-VACCINE TIME.,Psychology,en,0,13,11
W3187210082,pre_ai,low,2021,Subjective assessment of the impact of COVID-19 on life aspects of healthcare workers in the emergency internal medicine clinic – case study,Psychology,en,0,13,6
W3187377181,pre_ai,low,2021,Pilot randomized clinical trial targeting anxiety sensitivity: effects on physical activity,Psychology,en,4,41,22
W3191645798,pre_ai,low,2021,Multilingual Conversational Systems to Drive the Collection of PROs and Integration into Clinical Workflow,Psychology,en,1,36,29
W3200529122,pre_ai,low,2021,Identifying emotions from facial expression displays of robots - results from a survey study,Psychology,en,1,19,11
W3200716449,pre_ai,low,2021,"Therapeutic stays of belarusian children in Italy: evaluation of their mental status, psychological consequences and physical health status",Psychology,en,0,23,17
W3206985250,pre_ai,low,2021,Depth and Death,Psychology,en,1,97,62
W3208111327,pre_ai,low,2021,"Examining Levels of Depression, Anxiety, and Stress Experienced by Nurses during the COVID-19 Pandemic",Psychology,en,0,27,16
W3213623792,pre_ai,low,2021,Vocational Value Profiles of Students with Preferential Vocational Interest in Sport and Their Relationship with Personal and Academic Wellbeing,Psychology,en,2,47,12
W3215018216,pre_ai,low,2021,Parenting and child well-being during the COVID-19 outbreak: The importance of marital adjustment and parental self-efficacy,Psychology,en,2,34,18
W3217759449,pre_ai,low,2019,Yoga as Advanced Cognitive Training: How Kirtan Kriya In Kundalini Yoga Changes the PTSD Brain,Psychology,en,3,46,34
W4200312632,pre_ai,low,2021,Adaptive coping strategies and mechanisms used by students to combat pandemic stress,Psychology,en,1,9,7
W4206810845,pre_ai,low,2021,POST-TRAUMATIC STRESS DISORDER IN COVID-19 PCR POSITIVE PATIENTS; ITS FREQUENCY AND PSYCHOSOCIAL RISK FACTORS HAVE BEEN OBSERVED IN ENT AND NEUROLOGY OUTPATIENT’S CLINICS,Psychology,en,0,16,8
W4235153867,pre_ai,low,2021,Presenting a Model of Organizational Insentience in the Red Crescent Society,Psychology,en,0,22,16
W4248501526,pre_ai,low,2020,A Single Bout of Moderate Intensity Exercise Improves Concentration Level on Teenagers,Psychology,en,1,12,9
W4251485020,pre_ai,low,2020,What is Valued and Who is Valued for Promotion? Enacting and Sustaining a Policy that Rewards Multiple Forms of Scholarship,Psychology,en,1,43,28
W4252066651,pre_ai,low,2020,Nursing Student’s Satisfaction of Nursing Program in the Euphrates,Psychology,en,0,13,11
W4252695609,pre_ai,low,2019,Relationship between Melatonergic and Thyroid Systems in Depression,Psychology,en,1,12,8
W4292842443,pre_ai,low,2019,Teacher Training With Video Vignettes: Fostering Learning Effectiveness by Reducing Complexity,Psychology,en,0,19,8
W4316080167,pre_ai,low,2020,Redefining the clinical workspace,Psychology,en,0,9,7
W2907901664,pre_ai,medium,2019,Silencing Racialized Humor in Elementary School: Consequences of Colormuting and Whiteness for Students of Color,Psychology,en,5,82,55
W2911444922,pre_ai,medium,2019,Relationships between learning strategies and self-efficacy: A cross-cultural comparison between Taiwan and the United States using latent class analysis,Psychology,en,10,53,29
W2944447709,pre_ai,medium,2019,Adolescent Perception of Potential High-Performing Classmates: A Cross-National Exploration,Psychology,en,4,65,46
W2950975863,pre_ai,medium,2019,Development and evaluation of an emotional lexicon system for young children,Psychology,en,5,32,11
W2961676097,pre_ai,medium,2019,Virtual support groups among adoptive parents: Ideal for information seeking?,Psychology,en,8,39,27
W2966036496,pre_ai,medium,2019,Punjabi (Lyallpuri variety),Psychology,en,8,30,9
W2969862858,pre_ai,medium,2019,"On Grief, Guilt, Shame, and Nostalgia. Discussion of “Who Has the Right to Mourn?: Relational Deference and the Ranking of Grief”",Psychology,en,6,11,5
W2976264607,pre_ai,medium,2019,"“My Kids, They Safe.”: Lived Experiences of Parents Receiving Child Neglect Allegations",Psychology,en,5,47,28
W2979824829,pre_ai,medium,2019,Teachers’ perception of the response to intervention implementation feasibility in Chinese inclusive early childhood education,Psychology,en,8,19,12
W2980168558,pre_ai,medium,2019,Health professional’s social representation about ederly subject with mental health disorders: a pilot study on 790 health professionals,Psychology,en,8,28,19
W2982178471,pre_ai,medium,2019,Impaired hypotensive effects of centrally acting oxytocin in SHR and WKY rats exposed to chronic mild stress,Psychology,en,10,68,34
W2987249617,pre_ai,medium,2019,Motivating Civil Engineering Students’ Creativity: Actor–Partner Interdependence Approach,Psychology,en,8,100,71
W2994968357,pre_ai,medium,2019,"The Links between Role of Educators, Self-Directed Learning, Constructivist Learning Environment and Entrepreneurial Endeavor: Technology Entrepreneurship Pedagogical Approach",Psychology,en,7,11,9
W2997091016,pre_ai,medium,2019,Kansei engineering approach for developing electric motorcycle,Psychology,en,8,11,10
W2998792152,pre_ai,medium,2020,Levels and predictors of happiness in the south of the Islamic Republic of Iran,Psychology,en,6,35,18
W2999636651,pre_ai,medium,2020,A comparison study of pre/post-test and retrospective pre-test for measuring faculty attitude change,Psychology,en,6,15,11
W2999765326,pre_ai,medium,2020,An Operational Protocol for the Valorisation of Public Real Estate Assets in Italy,Psychology,en,15,26,5
W3001589575,pre_ai,medium,2019,Facial Attention based Convolutional Neural Network for 2D+3D Facial Expression Recognition,Psychology,en,12,17,9
W3005408764,pre_ai,medium,2019,Inter-Rater Reliability of a Dyslexia Screening Test,Psychology,en,8,17,12
W3010539544,pre_ai,medium,2019,Learning in Collaborative Moments,Psychology,en,4,45,33
W3011621191,pre_ai,medium,2019,The Therapeutic Alliance in a Single Session: A Conversation Analysis,Psychology,en,6,47,37
W3012284847,pre_ai,medium,2020,Effectiveness of enhanced cognitive behavior therapy for bulimia nervosa in Japan: a randomized controlled trial protocol,Psychology,en,10,54,34
W3029227184,pre_ai,medium,2020,Nurse’s attunement to patient’s meaning in life - a qualitative study of experiences of Dutch adults ageing in place,Psychology,en,11,51,40
W3031506458,pre_ai,medium,2020,"An exploration of strength use and its relationship with life satisfaction, positive self-beliefs and paranoid ideation",Psychology,en,13,70,51
W3040171743,pre_ai,medium,2020,Does Blindness Boost Working Memory? A Natural Experiment and Cross-Cultural Study,Psychology,en,14,48,21
W3042780040,pre_ai,medium,2020,"The Difficulties Faced by Indonesian EFL Learners in Pronouncing ""S"" and ""Es"" Suffixes in the Simple Present Tense Verbs and in Plural Form of Nouns",Psychology,en,6,24,13
W3043198366,pre_ai,medium,2020,Normative data of neuropsychological tests of attention and executive functions in Ecuadorian adult population,Psychology,en,7,89,56
W3082705502,pre_ai,medium,2020,Caridyovacular Risk Awareness of Academic Staff,Psychology,en,8,8,7
W3083235005,pre_ai,medium,2020,Asylum seekers and refugees in Northern Ireland: the impact of post-migration stressors on mental health,Psychology,en,10,49,28
W3084418706,pre_ai,medium,2020,Differences in the influence of aesthetic experience on the innovative behaviors of Thai students and Chinese international students,Psychology,en,7,34,28
W3089027912,pre_ai,medium,2020,Exploring the Effect of Gender and Personality Characteristics on Educational Performance,Psychology,en,9,38,23
W3089463944,pre_ai,medium,2020,Provincializing memory studies: The insistence of the ‘here-now’,Psychology,en,8,18,12
W3095089856,pre_ai,medium,2020,Eating Disorders Literacy: Youth’s Beliefs Related to Mental Health First Aid,Psychology,en,5,52,44
W3097553188,pre_ai,medium,2020,We're in This Together,Psychology,en,7,12,10
W3103180801,pre_ai,medium,2020,The use of Winnicott’s concept of transitional objects in bereavement practice,Psychology,en,6,23,19
W3103566937,pre_ai,medium,2020,"Trajectories of Depressive Symptoms Experienced by Older People: Effects of Time, Hurricane Sandy, and the Great Recession",Psychology,en,8,56,39
W3112181934,pre_ai,medium,2021,Are Child Welfare Intervention Rates Higher or Lower in Areas Targeted for Enhanced Early Years Services?,Psychology,en,9,19,11
W3118694733,pre_ai,medium,2021,The Relationship between Resilience Resources and Long-Term Deployment-Related PTSD Symptoms: A Longitudinal Study in Dutch Veterans,Psychology,en,11,41,28
W3122610024,pre_ai,medium,2020,Validating item response processes in digital competence assessment through eye-tracking techniques,Psychology,en,6,35,22
W3130582148,pre_ai,medium,2021,"Effect of the COVID-19 pandemic on anxiety, depression, hopelessness, and sleepiness levels of obstetricians and gynecologists in Turkey",Psychology,en,4,21,15
W3132536094,pre_ai,medium,2021,The development of a measure of orthographic knowledge in the Arabic language: A psychometric evaluation,Psychology,en,8,102,64
W3134693721,pre_ai,medium,2021,Pre-Exercise Strategies: Effect of Yoga Poses on Various Intensities of Eccentric Exercise-Induced Pain and Functional Limitations,Psychology,en,5,28,21
W3135229726,pre_ai,medium,2021,Short-term effects of social stressors at work on rumination and physical symptoms in social workers,Psychology,en,13,41,35
W3137096445,pre_ai,medium,2021,Prelicensure Nursing Students’ COVID-19 Attitude Impact on Nursing Career Decision during Pandemic Threat in Taiwan: A Cross-Sectional Study,Psychology,en,5,25,14
W3143850800,pre_ai,medium,2021,Beginning Counselor Educators’ Experiences of Teaching Mentorship,Psychology,en,5,15,14
W3162538843,pre_ai,medium,2020,The Potential of Relevance Interventions for Scaling Up: A Cluster-Randomized Trial Testing the Effectiveness of a Relevance Intervention in Math Classrooms,Psychology,en,11,105,68
W3166018481,pre_ai,medium,2021,"‘Strong and courageous’ but ‘constantly insecure’: dialogical self theory, intersecting identities, and Christian mixed martial arts",Psychology,en,8,55,41
W3168822915,pre_ai,medium,2021,Attitudes and opinions towards suicidality in professionals working with oncology patients: results from an online survey,Psychology,en,9,51,38
W3170791468,pre_ai,medium,2021,"Purification, Punishment, and Control: Eating Disorders, Self-Harm, and Child Sexual Abuse",Psychology,en,10,58,50
W3173287329,pre_ai,medium,2021,Certainty and uncertainty of the future changes planning and sunk costs.,Psychology,en,13,43,24
W3180340319,pre_ai,medium,2021,Data-Driven Imitation Learning for a Shopkeeper Robot with Periodically Changing Product Information,Psychology,en,7,43,31
W3191864966,pre_ai,medium,2021,"The Moderating Role of Deviant Peer Affiliation in the Relation between Cyber-Victimization, Tobacco and Alcohol Use, and Age Differences",Psychology,en,6,42,19
W3196857760,pre_ai,medium,2021,Motivation and the careers of agricultural entrepreneurs in Ivory Coast,Psychology,en,6,67,57
W3198196934,pre_ai,medium,2021,Processing Mandarin Tone 3 Sandhi at the Morphosyntactic Interface: Reduplication and Lexical Compounds,Psychology,en,12,55,32
W3202257484,pre_ai,medium,2021,Right-hemisphere coherence to speech at pre-reading stages predicts reading performance one year later,Psychology,en,15,67,44
W3208586224,pre_ai,medium,2021,Analysis of a Human-Machine Interface for Cooperative Truck Overtaking Maneuvers on Freeways: Increase Success Rate and Assess Driving Behavior during System Failures,Psychology,en,6,35,21
W3209512146,pre_ai,medium,2021,The meaning of the body: Enactive approach to emotion,Psychology,en,11,55,30
W3212426185,pre_ai,medium,2021,Effects of COVID‐19 on integration of women refugees into Turkish society,Psychology,en,5,42,24
W3215578554,pre_ai,medium,2021,Effect of Community-Based Structured Yoga Program on Hba1c Level among Type 2 Diabetes Mellitus Patients,Psychology,en,10,25,17
W3216581426,pre_ai,medium,2021,Auditory memory among a sample of students with learning disabilities in English in Irbid Governorate,Psychology,en,8,33,28
W3217422225,pre_ai,medium,2021,Online computer or therapist-guided cognitive behavioral therapy in university students with anxiety and/or depression: study protocol of a randomised controlled trial,Psychology,en,12,73,53
W4200058200,pre_ai,medium,2021,Teacher and caregiver perceptions of family engagement in teacher-led task-shifted child mental health care in a low-and-middle-income country,Psychology,en,6,25,14
W4200361541,pre_ai,medium,2021,"Rotating night shift work, sleep duration and elevated gamma-glutamyl transpeptidase among steelworkers: cross-sectional analyses from a Chinese occupational cohort",Psychology,en,5,42,30
W4206675523,pre_ai,medium,2021,Impact of Modern Communication Channels on Business Processes,Psychology,en,5,12,7
W4252012092,pre_ai,medium,2020,Relationship of Machiavellian Leadership to Counterproductive Work Behavior with Mediating Mechanism of Justice Perceptions: Evidence from Tanner Sector of Pakistan,Psychology,en,5,11,6
W4320166004,pre_ai,medium,2019,PERSONALITY OF GYMNASTS AND COPING STRATEGIES TO MANAGE STRESS,Psychology,en,8,30,19
W4409952731,pre_ai,medium,2019,Fostering creative skills for students using project-based learning,Psychology,en,4,25,24
