query_ai_group,query_paper_id,n_reference_pairs,median_visibility_cited_by_count,mean_score
post_ai,W4393647710,19,0.0,0.8627843825440658
post_ai,W4411038146,6,0.0,0.832296222448349
post_ai,W4365151937,1,1.0,0.8952105641365051
post_ai,W4392236320,17,1.0,0.8760883247151094
post_ai,W4391367565,22,1.5,0.8662482256239111
post_ai,W4386134106,13,2.0,0.782495929644658
post_ai,W7118413676,9,2.0,0.8887747327486674
post_ai,W4376620321,5,3.0,0.9510371327400208
post_ai,W4389287099,43,3.0,0.8443287902100142
post_ai,W4416124093,9,3.0,0.840992980533176
post_ai,W4380090270,2,3.5,0.8851383924484253
post_ai,W4387252752,7,4.0,0.8998757515634809
post_ai,W4401026148,31,4.0,0.879341067806367
post_ai,W4404812545,11,4.0,0.8636231043122031
post_ai,W4414592821,26,4.0,0.8532592975176297
post_ai,W7140804619,11,4.0,0.8969100334427573
post_ai,W4394612980,18,4.5,0.9025151630242666
post_ai,W4387704301,16,5.0,0.8313645571470261
post_ai,W4388304022,17,5.0,0.8336409225183374
post_ai,W4402038117,15,5.0,0.8145141164461772
post_ai,W4412734318,11,5.0,0.837155363776467
post_ai,W4379179263,8,5.5,0.9102892205119133
post_ai,W4390890111,4,5.5,0.8740067631006241
post_ai,W4403094833,12,5.5,0.9017807841300964
post_ai,W4405998012,3,6.0,0.8719610571861267
post_ai,W4409986458,23,6.0,0.8469359641489775
post_ai,W4411497759,23,6.0,0.8610359533973362
post_ai,W4400920829,8,6.5,0.8758333921432495
post_ai,W4313473672,7,7.0,0.8573170474597386
post_ai,W4408641153,78,7.0,0.8805892650897686
post_ai,W4415990851,19,7.0,0.7965711606176276
post_ai,W4392846218,9,8.0,0.878353046046363
post_ai,W4409965291,13,8.0,0.8436761773549594
post_ai,W7154843087,9,8.0,0.8830005592770047
post_ai,W7160522319,5,8.0,0.8981861472129822
post_ai,W4412887504,6,8.5,0.8727790415287018
post_ai,W4402925924,21,9.0,0.83989778870628
post_ai,W4411586625,17,9.0,0.8634247744784636
post_ai,W4411960355,6,9.5,0.8296410838762919
post_ai,W4385061238,16,10.0,0.8636826574802399
post_ai,W4393305668,13,10.0,0.8944466618391184
post_ai,W4400921343,17,10.0,0.8677981881534352
post_ai,W4412523660,23,10.0,0.8704727473466293
post_ai,W7164371541,21,10.0,0.9111580025582087
post_ai,W4386411642,12,11.0,0.9050690432389578
post_ai,W4386624205,39,11.0,0.8921072162114657
post_ai,W4387185051,11,11.0,0.861027099869468
post_ai,W4394985589,12,11.0,0.8647605329751968
post_ai,W4404924486,79,11.0,0.8148495147499857
post_ai,W7160257892,46,11.0,0.8304385918637981
post_ai,W4389560726,22,11.5,0.8691559515216134
post_ai,W4414824758,26,11.5,0.882858776129209
post_ai,W4384521813,7,12.0,0.9022232123783657
post_ai,W4389068556,41,12.0,0.8437836068432506
post_ai,W4390227069,56,12.0,0.8972506469913891
post_ai,W4400335700,32,12.0,0.8772162143141031
post_ai,W4401370142,9,12.0,0.897218816810184
post_ai,W4387420082,12,12.5,0.9110636760791143
post_ai,W4402429874,16,12.5,0.8734207488596439
post_ai,W4387642725,44,13.0,0.8095665858550505
post_ai,W4408817133,21,13.0,0.9051601517768133
post_ai,W4409813729,13,13.0,0.8228956231704125
post_ai,W4412496539,43,13.0,0.8756828017013017
post_ai,W4386046550,42,13.5,0.7752104543504261
post_ai,W4319444444,37,14.0,0.8696026238235267
post_ai,W4380186199,7,14.0,0.8956627930913653
post_ai,W4381193395,33,14.0,0.8153288942394834
post_ai,W4403916737,14,14.0,0.7608780350003924
post_ai,W4405108349,39,14.0,0.8822231384424063
post_ai,W4379513654,52,14.5,0.8230219781398773
post_ai,W4387987173,14,15.0,0.8902250528335571
post_ai,W4389507029,3,15.0,0.8875487645467123
post_ai,W4400174195,21,15.0,0.8751095646903628
post_ai,W4400257243,34,15.0,0.8562817591078141
post_ai,W7141552499,29,15.0,0.8992294463618048
post_ai,W4399147286,26,15.5,0.8475180039039025
post_ai,W4366083639,25,16.0,0.888354868888855
post_ai,W4380423207,36,16.0,0.8593094845612844
post_ai,W4410319253,17,16.0,0.8422136271701139
post_ai,W4417033060,10,16.0,0.8783106982707978
post_ai,W7135096483,48,16.0,0.9012696146965027
post_ai,W7162672393,13,16.0,0.9049593622867877
post_ai,W4392962437,8,16.5,0.8850717917084694
post_ai,W7155015880,28,16.5,0.9014424553939274
post_ai,W4392521725,10,17.0,0.8832316160202026
post_ai,W4404847905,26,17.0,0.8354929525118607
post_ai,W4405482893,11,17.0,0.8469492142850702
post_ai,W4407973560,24,17.0,0.8427669977148374
post_ai,W4416160836,14,17.0,0.880964743239539
post_ai,W4317568229,22,17.5,0.8833922364495017
post_ai,W4366602684,44,17.5,0.8995140276171945
post_ai,W7148304956,30,17.5,0.892202353477478
post_ai,W4321605413,38,18.0,0.900371496614657
post_ai,W4387357721,11,18.0,0.8441923531618986
post_ai,W4389051210,17,18.0,0.9258783985586727
post_ai,W4401833769,5,18.0,0.9073140382766723
post_ai,W4407453174,11,18.0,0.8612573905424639
post_ai,W4412080231,37,18.0,0.8543214105271004
post_ai,W4388911678,24,18.5,0.8410097509622574
post_ai,W4390564255,32,18.5,0.8873850926756859
post_ai,W4400185880,16,18.5,0.9178591966629028
post_ai,W7136412210,6,18.5,0.8493574659029642
post_ai,W4383619718,14,19.0,0.8317986684186118
post_ai,W4386321075,13,19.0,0.869428079861861
post_ai,W4392298016,35,19.0,0.8675834996359689
post_ai,W4400173066,28,19.0,0.8883816429546901
post_ai,W4400949599,30,19.0,0.8176221370697021
post_ai,W4402441993,11,19.0,0.8843653798103333
post_ai,W4407664552,9,19.0,0.8366452587975396
post_ai,W7165125305,49,19.0,0.8833276118550982
post_ai,W4386733627,22,19.5,0.8532532128420743
post_ai,W4386967981,8,19.5,0.7583474889397621
post_ai,W4394619472,25,20.0,0.8472667360305786
post_ai,W4407264772,31,20.0,0.7973979961487555
post_ai,W4408415850,21,20.0,0.8289322086742946
post_ai,W7117238301,29,20.0,0.8588930615063372
post_ai,W7163909997,18,20.0,0.8164201213253869
post_ai,W4384812208,26,20.5,0.8295046205704029
post_ai,W4394857082,30,20.5,0.8933612525463104
post_ai,W4408038789,4,20.5,0.9052582532167435
post_ai,W4412036494,24,20.5,0.8244143923123678
post_ai,W4415916146,28,20.5,0.8970011004379818
post_ai,W4367671271,13,21.0,0.859896338902987
post_ai,W4400309799,57,21.0,0.8973099631175661
post_ai,W4387908322,24,21.5,0.8691878095269203
post_ai,W4405944682,8,21.5,0.9293230921030045
post_ai,W4411332539,22,21.5,0.9008584130894054
post_ai,W4385723910,17,22.0,0.8396182586165035
post_ai,W4386012342,15,22.0,0.8542711496353149
post_ai,W4401816975,29,22.0,0.8242347076021391
post_ai,W4403144307,15,22.0,0.8622393449147542
post_ai,W7138995535,37,22.0,0.851883809308748
post_ai,W4387471296,26,22.5,0.9036603615834162
post_ai,W4401793656,14,22.5,0.8906086768422808
post_ai,W4321371826,33,23.0,0.8937151594595476
post_ai,W4367836376,36,23.0,0.8533865991565917
post_ai,W4382982908,47,23.0,0.9118591318739221
post_ai,W4384501795,12,23.0,0.9019463608662287
post_ai,W4400357957,23,23.0,0.8901318026625592
post_ai,W4405481457,27,23.0,0.8915803741525721
post_ai,W4414836460,58,23.5,0.862196271789485
post_ai,W7114777732,16,23.5,0.7276068665087223
post_ai,W4384696201,16,24.0,0.8771838471293449
post_ai,W4393044287,43,24.0,0.9116037654322248
post_ai,W4396652094,23,24.0,0.8759059543194978
post_ai,W4408148470,40,24.0,0.8998237118124962
post_ai,W4409881628,49,24.0,0.8787872791290283
post_ai,W4413293614,22,24.0,0.8604379079558633
post_ai,W4413449257,22,24.0,0.8529719060117548
post_ai,W4416743294,11,24.0,0.8605339635502208
post_ai,W7161632315,50,24.0,0.8964689314365387
post_ai,W4365451990,14,24.5,0.8487106561660767
post_ai,W4394745825,6,24.5,0.9003608425458273
post_ai,W7164178430,36,24.5,0.8409742050700717
post_ai,W4315433318,25,25.0,0.8854767394065857
post_ai,W4318615193,15,25.0,0.9007654706637065
post_ai,W4402864739,11,25.0,0.8900593248280612
post_ai,W4408958208,9,25.0,0.8796275125609504
post_ai,W7160965317,17,25.0,0.8996116729343638
post_ai,W7164693792,39,25.0,0.8877830490087851
post_ai,W7166827007,43,25.0,0.857017554516016
post_ai,W4389180329,40,25.5,0.9105089262127877
post_ai,W4394614211,16,25.5,0.9132652804255486
post_ai,W4399387630,20,25.5,0.8599669635295868
post_ai,W4402555092,8,25.5,0.9002786725759506
post_ai,W4389740851,11,26.0,0.9131273789839311
post_ai,W4394869234,49,26.0,0.8608365873901211
post_ai,W4404998877,30,26.0,0.8648993531862895
post_ai,W4321372502,44,26.5,0.9037959697571668
post_ai,W7117484552,192,26.5,0.8713269339253505
post_ai,W4402749537,9,27.0,0.8957313630315993
post_ai,W4405330482,24,27.0,0.8472951278090477
post_ai,W4406288486,7,27.0,0.8586277791431972
post_ai,W4409426125,9,27.0,0.8722008400493197
post_ai,W4411629320,24,27.0,0.8465311080217361
post_ai,W4411800840,3,27.0,0.8583722114562988
post_ai,W4367183413,18,27.5,0.8595988121297624
post_ai,W4385461753,52,27.5,0.9100730797419181
post_ai,W4323321002,7,28.0,0.8927546228681292
post_ai,W4400075264,51,28.0,0.868462390759412
post_ai,W4400399983,33,28.0,0.8875973278825934
post_ai,W4409715402,31,28.0,0.9002778126347449
post_ai,W4412639706,35,28.0,0.8355620673724583
post_ai,W4406778257,42,28.5,0.8629479777245295
post_ai,W4411221957,10,28.5,0.8307885348796844
post_ai,W4385199205,5,29.0,0.9076565742492676
post_ai,W4386896476,27,29.0,0.7514485275303876
post_ai,W4398174133,30,29.0,0.8284466783205668
post_ai,W7161696776,25,29.0,0.8208537459373474
post_ai,W7162127937,18,29.0,0.8373851180076599
post_ai,W7164012660,81,29.0,0.8768602756806362
post_ai,W4396566901,16,29.5,0.8546964041888714
post_ai,W4409365673,10,29.5,0.8837814629077911
post_ai,W4366352035,19,30.0,0.8467580456482736
post_ai,W4391646062,21,30.0,0.8604746460914612
post_ai,W4406053217,32,30.0,0.88555708527565
post_ai,W4409894702,19,30.0,0.8016178890278465
post_ai,W4409922588,57,30.0,0.8425228323852807
post_ai,W4411962187,27,30.0,0.8292694312554819
post_ai,W4400840373,6,30.5,0.8876750667889913
post_ai,W7131628643,10,30.5,0.8432178854942322
post_ai,W4387428636,38,31.0,0.8896203009705794
post_ai,W4401007610,18,31.0,0.8839225404792361
post_ai,W7133202413,33,31.0,0.8222558010708202
post_ai,W7152509005,24,31.0,0.8896472876270612
post_ai,W7164826989,13,31.0,0.8483856595479525
post_ai,W4386272525,12,31.5,0.8671583483616511
post_ai,W4404825984,20,31.5,0.8744584232568741
post_ai,W4390771157,44,32.0,0.8521129367026415
post_ai,W4394879497,14,32.0,0.860810113804681
post_ai,W4416959179,36,32.0,0.8656034966309866
post_ai,W7164023903,13,32.0,0.8560251226791968
post_ai,W4395485156,32,32.5,0.885799702256918
post_ai,W4416227040,12,32.5,0.911682923634847
post_ai,W4417478290,30,32.5,0.7951608101526896
post_ai,W4323044816,51,33.0,0.8330276585092732
post_ai,W4387157426,27,33.0,0.8963762124379476
post_ai,W4401540033,35,33.0,0.8589780977794103
post_ai,W4414295381,47,33.0,0.8865729785980062
post_ai,W4417179914,20,33.0,0.8808588922023773
post_ai,W7122532750,15,33.0,0.8755241473515828
post_ai,W7124919883,74,33.0,0.8100621329771506
post_ai,W4377832706,7,34.0,0.8765515259334019
post_ai,W4385584109,22,34.0,0.855566227977926
post_ai,W4386862846,3,34.0,0.8630188703536987
post_ai,W4390454827,11,34.0,0.8918457193808123
post_ai,W4398134400,55,34.0,0.8462579315358942
post_ai,W4399740112,28,34.0,0.8939655082566398
post_ai,W4403779746,23,34.0,0.8907980089602263
post_ai,W4405991845,53,34.0,0.8444094714128746
post_ai,W4410576103,33,34.0,0.9130828868259083
post_ai,W4389190110,14,34.5,0.9122405988829476
post_ai,W4390919532,38,34.5,0.8813664709266863
post_ai,W4407002563,36,34.5,0.8220472799407111
post_ai,W4413361978,14,34.5,0.8850008036409106
post_ai,W4328126397,21,35.0,0.8928325062706357
post_ai,W4401481954,45,35.0,0.8660119215647379
post_ai,W4405549159,39,35.0,0.8595039599981064
post_ai,W4408295023,15,35.0,0.8279249350229899
post_ai,W4412777863,9,35.0,0.9132449295785692
post_ai,W4386116500,44,35.5,0.8640913746573708
post_ai,W4387965294,26,35.5,0.8594335363461421
post_ai,W4404419097,17,36.0,0.8747203350067139
post_ai,W4410048770,33,36.0,0.8631733493371443
post_ai,W4367844003,6,36.5,0.8655664225419363
post_ai,W4405950207,16,36.5,0.832724679261446
post_ai,W4396798221,88,37.0,0.8007625300775875
post_ai,W4399872054,14,37.0,0.8793579723153796
post_ai,W7134240662,27,37.0,0.9071730110380385
post_ai,W7140090244,37,37.0,0.8964468788456272
post_ai,W4388909878,10,37.5,0.9142257809638977
post_ai,W7139140467,44,37.5,0.8357073800130324
post_ai,W4367040594,14,38.0,0.9072060670171466
post_ai,W4386349072,79,38.0,0.8584323035010809
post_ai,W4389967201,19,38.0,0.8538564882780376
post_ai,W4390403413,25,38.0,0.8401627683639527
post_ai,W4399052491,36,38.0,0.875899483760198
post_ai,W4402100454,25,38.0,0.874927327632904
post_ai,W4403851249,23,38.0,0.8333633023759593
post_ai,W4410905685,33,38.0,0.8699415560924646
post_ai,W4416145261,7,38.0,0.867767299924578
post_ai,W4389134436,22,38.5,0.9311029369180853
post_ai,W7147137864,28,38.5,0.8677663483789989
post_ai,W4391700156,9,39.0,0.8795571592119005
post_ai,W4409369606,80,39.0,0.8459946930408477
post_ai,W4411544678,15,39.0,0.8951348702112834
post_ai,W4412816264,46,39.0,0.8738655149936676
post_ai,W7166698383,16,39.0,0.8686657398939133
post_ai,W4410309729,8,39.5,0.8869636058807373
post_ai,W4411350992,22,39.5,0.8864779851653359
post_ai,W4389903654,37,40.0,0.8469886248176163
post_ai,W4392467080,34,40.0,0.8260479955112233
post_ai,W4400618369,37,40.0,0.8673770653234946
post_ai,W7124981141,42,40.0,0.9088535408178965
post_ai,W7155545321,80,40.0,0.8962804697453975
post_ai,W7160277252,27,40.0,0.842222597863939
post_ai,W4401039047,28,40.5,0.911799647978374
post_ai,W4414509543,22,40.5,0.9054085395552895
post_ai,W4392699258,7,41.0,0.8544156040464129
post_ai,W4394582319,41,41.0,0.8804639476101573
post_ai,W4405485443,17,41.0,0.8377926840501673
post_ai,W4409401800,30,41.0,0.9062136173248291
post_ai,W4414365863,23,41.0,0.8874158107716105
post_ai,W4417439921,15,41.0,0.878271758556366
post_ai,W7127147908,47,41.0,0.8960585378585978
post_ai,W4399307474,16,41.5,0.878574576228857
post_ai,W4386766081,35,42.0,0.8415136115891593
post_ai,W4386960368,39,42.0,0.8496525348761143
post_ai,W4389281065,48,42.0,0.8688554751376311
post_ai,W4392365050,14,42.0,0.905966077532087
post_ai,W4405968282,35,42.0,0.8886783957481384
post_ai,W4412521817,28,42.0,0.8963607166494642
post_ai,W4413318211,29,42.0,0.8162992473306327
post_ai,W7166295290,47,42.0,0.8835689400104766
post_ai,W4380324112,26,42.5,0.9160690811964182
post_ai,W4395045206,42,42.5,0.8854514431385767
post_ai,W4413971678,26,42.5,0.9061700655863836
post_ai,W4394008780,76,43.0,0.8197354227304459
post_ai,W4399207388,47,43.0,0.8819234041457481
post_ai,W4412090641,23,43.0,0.8677580071532208
post_ai,W4417511121,71,43.0,0.8533219502005779
post_ai,W4380484344,18,43.5,0.8985708687040541
post_ai,W4386293699,12,43.5,0.9137976964314779
post_ai,W4387185557,12,43.5,0.8522244840860367
post_ai,W4396507639,4,43.5,0.7096044421195984
post_ai,W4380479212,13,44.0,0.8406235621525691
post_ai,W4389002689,50,44.0,0.9037538480758667
post_ai,W4392108544,38,44.0,0.8638581900220168
post_ai,W4416913102,27,44.0,0.874815234431514
post_ai,W4316040512,44,44.5,0.8476206849921833
post_ai,W7163559365,52,44.5,0.8508725899916428
post_ai,W4323804929,39,45.0,0.8702945021482614
post_ai,W4385811452,13,45.0,0.8556876457654513
post_ai,W4387996862,49,45.0,0.8215616540032991
post_ai,W4391072850,19,45.0,0.8726493182935213
post_ai,W4416824543,47,45.0,0.8559041771482914
post_ai,W4393309467,37,46.0,0.9083130101899843
post_ai,W4397002587,17,46.0,0.8590535276076373
post_ai,W4410129052,33,46.0,0.8699846737312548
post_ai,W4417520754,35,46.0,0.8331625972475324
post_ai,W7135168593,9,46.0,0.9063729445139567
post_ai,W7151936185,26,46.0,0.835108376466311
post_ai,W7154498193,34,46.0,0.8130432402386385
post_ai,W7155216429,20,46.0,0.8168345719575882
post_ai,W7164763461,34,46.0,0.8478566250380348
post_ai,W4389274056,68,46.5,0.8876663428895614
post_ai,W4411325462,60,46.5,0.8521786004304885
post_ai,W4385568025,23,47.0,0.9070210612338522
post_ai,W4386475653,15,47.0,0.8854994495709737
post_ai,W4400380077,21,47.0,0.9024196238744826
post_ai,W4401366602,5,47.0,0.9002822279930115
post_ai,W4403932061,51,47.0,0.8821546645725474
post_ai,W7160033735,20,47.0,0.9067494690418243
post_ai,W4384071678,32,47.5,0.8511656038463116
post_ai,W4391316138,14,47.5,0.8617369191987174
post_ai,W4406816130,60,47.5,0.8932544201612472
post_ai,W4412437170,44,47.5,0.8517619682983919
post_ai,W4313891916,27,48.0,0.883940334673281
post_ai,W4382451056,36,48.0,0.8493999342123667
post_ai,W4386420737,20,48.0,0.8915511637926101
post_ai,W4390470928,13,48.0,0.8741701657955463
post_ai,W4392239525,45,48.0,0.8674406594700284
post_ai,W4399770781,31,48.0,0.8998114755076747
post_ai,W4406964829,16,48.0,0.8803120627999306
post_ai,W7134981079,20,48.0,0.9107264280319214
post_ai,W7164998176,27,48.0,0.8853629452210886
post_ai,W4410505126,40,48.5,0.9024080336093903
post_ai,W4313584869,23,49.0,0.9058917268462803
post_ai,W4378232695,33,49.0,0.8911209413499543
post_ai,W4403235393,16,49.0,0.8938023373484612
post_ai,W4412931478,59,49.0,0.8672962744357222
post_ai,W4412949746,82,49.5,0.8774750785129827
post_ai,W4363672419,59,50.0,0.8932160856360096
post_ai,W4386110735,28,50.0,0.8763590902090073
post_ai,W4393169067,24,50.0,0.9047376637657484
post_ai,W4400334480,16,50.0,0.8478597179055214
post_ai,W4401092485,35,50.0,0.8578172087669372
post_ai,W4402851642,14,50.0,0.8934213178498405
post_ai,W4413845980,31,50.0,0.8666577839082287
post_ai,W4414483480,33,50.0,0.8864977341709714
post_ai,W7152678040,43,50.0,0.894856587398884
post_ai,W4387976402,18,50.5,0.8834818071789212
post_ai,W4403037623,10,50.5,0.9047721862792969
post_ai,W7165038086,28,50.5,0.8941815580640521
post_ai,W4313519886,9,51.0,0.8958802753024631
post_ai,W4391170890,24,51.0,0.8933491855859756
post_ai,W4391906964,49,51.0,0.8772855753801307
post_ai,W4401517969,23,51.0,0.8590589580328568
post_ai,W7128475190,28,51.0,0.9111610842602593
post_ai,W4320033615,32,51.5,0.8853972069919109
post_ai,W4380486052,18,51.5,0.8834021290143331
post_ai,W4409574341,26,51.5,0.8869368548576648
post_ai,W4412474266,14,51.5,0.8888436726161412
post_ai,W4416429282,24,51.5,0.9040380318959554
post_ai,W4386410113,6,52.0,0.8711872001489004
post_ai,W4392286207,15,52.0,0.9043153285980224
post_ai,W4402393359,27,52.0,0.9267727048308761
post_ai,W4412490838,31,52.0,0.8620443651753087
post_ai,W4413139663,23,52.0,0.8682157449100328
post_ai,W4413219953,14,52.0,0.8852109483310154
post_ai,W7123547587,56,52.0,0.8333045382584844
post_ai,W7131792457,18,52.0,0.8623749944898818
post_ai,W7160086318,25,52.0,0.9065813136100769
post_ai,W7165535436,17,52.0,0.8628818007076487
post_ai,W4386929310,32,52.5,0.921445868909359
post_ai,W4401271233,24,52.5,0.9280380805333456
post_ai,W4404568290,54,52.5,0.8830109017866629
post_ai,W4405366333,22,52.5,0.8337208872491663
post_ai,W7125651477,32,52.5,0.8739691507071257
post_ai,W4386459276,31,53.0,0.8450276697835615
post_ai,W4390263489,27,53.0,0.8791842968375595
post_ai,W4414916249,76,53.0,0.8307270666486338
post_ai,W7161176394,27,53.0,0.8913842660409433
post_ai,W4380632110,40,54.0,0.8578564003109932
post_ai,W4380837089,10,54.0,0.8817326545715332
post_ai,W4388831865,11,54.0,0.8845688267187639
post_ai,W4405285448,29,54.0,0.8357711557684273
post_ai,W4408885842,25,54.0,0.8693867349624633
post_ai,W4409217812,59,54.0,0.8417769690691415
post_ai,W4415171863,40,54.5,0.8912238880991936
post_ai,W4412833182,67,55.0,0.81128164636555
post_ai,W4417181991,65,55.0,0.8673277497291565
post_ai,W4400582395,42,55.5,0.8090289774395171
post_ai,W7124270985,12,55.5,0.8866124153137207
post_ai,W4313452613,31,56.0,0.8651991159685196
post_ai,W4322580566,47,56.0,0.8442271960542557
post_ai,W4389286740,15,56.0,0.8646395723025004
post_ai,W4391537277,29,56.0,0.9105445516520533
post_ai,W4396884224,27,56.0,0.8599273650734512
post_ai,W4399054987,66,56.0,0.8507495495406064
post_ai,W4402781295,37,56.0,0.8900428398235424
post_ai,W4417183680,57,56.0,0.8286438260162086
post_ai,W7123553307,29,56.0,0.8107925632904316
post_ai,W7150846477,69,56.0,0.8525136752405028
post_ai,W7164318092,25,56.0,0.8779855489730835
post_ai,W4392679447,60,56.5,0.8695866088072459
post_ai,W4321150313,54,57.0,0.860777039218832
post_ai,W4393004855,16,57.0,0.8619624748826027
post_ai,W4393952420,14,57.0,0.8895125133650643
post_ai,W4403539004,28,57.0,0.8282901815005711
post_ai,W4406858952,70,57.0,0.8524825385638646
post_ai,W4377139163,38,57.5,0.8694419829468978
post_ai,W4391035695,54,57.5,0.8931177446135768
post_ai,W7133234204,54,57.5,0.8533784537403671
post_ai,W4380989177,25,58.0,0.8599440026283264
post_ai,W4386416686,11,58.0,0.9280566681515087
post_ai,W4397004872,33,58.0,0.883164411241358
post_ai,W4399929885,16,58.0,0.844112902879715
post_ai,W4400740619,45,58.0,0.863786338435279
post_ai,W4408399080,31,58.0,0.8522645062015902
post_ai,W4414247909,32,58.0,0.8543593622744083
post_ai,W7151316305,19,58.0,0.8797013947838231
post_ai,W7160518132,42,58.0,0.8650318213871547
post_ai,W4400538512,88,58.5,0.7994352612983097
post_ai,W4416448497,66,58.5,0.899823397397995
post_ai,W4417059735,20,58.5,0.8556242495775223
post_ai,W4380081717,24,59.0,0.8150401289264361
post_ai,W4380992807,49,59.0,0.7965371791197329
post_ai,W4387425059,62,59.0,0.8293442726135254
post_ai,W4391656748,49,59.0,0.8711155336730334
post_ai,W4392733455,43,59.0,0.8793429247168607
post_ai,W4399393338,15,59.0,0.8488089283307393
post_ai,W4402568713,27,59.0,0.8578960211188705
post_ai,W4402731123,17,59.0,0.8663115781896255
post_ai,W4405931138,57,59.0,0.83956837131266
post_ai,W7140088462,29,59.0,0.9024710614105751
post_ai,W4322765686,58,60.0,0.8731347764360493
post_ai,W4367547636,18,60.0,0.8929209940963321
post_ai,W4390537813,28,60.0,0.8483901470899582
post_ai,W4401628831,43,60.0,0.8756499040958493
post_ai,W4408174157,34,60.0,0.882341618047041
post_ai,W4410204397,47,60.0,0.8186156825816377
post_ai,W7117310656,39,60.0,0.8401330036994739
post_ai,W7128601205,5,60.0,0.8516724824905395
post_ai,W4387637348,24,60.5,0.860998123884201
post_ai,W4317851310,27,61.0,0.853361968640928
post_ai,W4386183273,29,61.0,0.8588792599480728
post_ai,W4405114388,15,61.0,0.7876763979593913
post_ai,W4413491834,22,61.0,0.8582646738399159
post_ai,W7125741295,19,61.0,0.8493515002100092
post_ai,W7135210716,40,61.0,0.8500431582331658
post_ai,W7164913609,27,61.0,0.8790750922980132
post_ai,W4391229462,52,61.5,0.8857394399551245
post_ai,W4391630512,42,61.5,0.8571916563170296
post_ai,W4380421789,27,62.0,0.84398971663581
post_ai,W4408312801,43,62.0,0.7968436756799387
post_ai,W4411670603,15,62.0,0.8641873637835185
post_ai,W4322736202,44,62.5,0.8500420789827
post_ai,W4391383001,26,62.5,0.8175190962277926
post_ai,W4413198742,32,62.5,0.8430257979780436
post_ai,W4323305047,39,63.0,0.8567603276326106
post_ai,W4399624559,57,63.0,0.863030263206415
post_ai,W4399914732,16,63.5,0.8671378418803215
post_ai,W4403917658,60,63.5,0.8833255499601365
post_ai,W4395664556,33,64.0,0.9253827351512331
post_ai,W4408289231,64,64.0,0.8653560532256961
post_ai,W4415604114,59,64.0,0.8174500384573209
post_ai,W4416743129,9,64.0,0.8751916156874763
post_ai,W4387363077,36,64.5,0.8743855108817419
post_ai,W4415001869,34,64.5,0.8760643426109763
post_ai,W4366234685,47,65.0,0.8193194739362026
post_ai,W4405727059,63,65.0,0.8699981428328014
post_ai,W4396977687,26,65.5,0.8995305849955633
post_ai,W4402709576,18,65.5,0.9010717802577548
post_ai,W4412193885,46,65.5,0.9177108912364297
post_ai,W4385377215,10,66.0,0.8504184007644653
post_ai,W4385893644,24,66.0,0.8870556602875391
post_ai,W4386431054,6,66.0,0.8406025866667429
post_ai,W4391786410,44,66.0,0.873778679154136
post_ai,W4394773608,34,66.0,0.8042976067346685
post_ai,W4400982939,37,66.0,0.858286044082126
post_ai,W4400059733,36,66.5,0.8906539049413469
post_ai,W4403566992,56,66.5,0.8651627738560949
post_ai,W4403882260,44,66.5,0.8802496479316191
post_ai,W4377861353,27,67.0,0.9138115291242246
post_ai,W4389921983,34,67.0,0.8103664780364317
post_ai,W4392668006,27,67.0,0.7966493964195251
post_ai,W4403323439,25,67.0,0.8792537069320678
post_ai,W4407906886,29,67.0,0.8378882120395529
post_ai,W4410912141,49,67.0,0.8905701771074411
post_ai,W4413874982,16,67.0,0.8994942605495453
post_ai,W4399321371,31,68.0,0.7926783042569314
post_ai,W4411398683,47,68.0,0.8500038702437218
post_ai,W4413020215,53,68.0,0.9092322250582138
post_ai,W7134282101,23,68.0,0.9039303608562635
post_ai,W4387875862,39,69.0,0.9012970909094199
post_ai,W4388796004,99,69.0,0.87897142075529
post_ai,W4392221694,29,69.0,0.8473513969059648
post_ai,W4392966123,26,69.5,0.8546323134348943
post_ai,W4413376455,28,69.5,0.8318111343043191
post_ai,W4414397263,26,69.5,0.8842700926157144
post_ai,W4381486913,73,70.0,0.8428143654784112
post_ai,W4385604277,23,70.0,0.9093072336653004
post_ai,W4400808528,54,70.0,0.833839503703294
post_ai,W4407111841,53,70.0,0.8255887413924595
post_ai,W4410009210,16,70.0,0.8576231710612774
post_ai,W4411460795,38,70.0,0.8456725038980183
post_ai,W4399033978,27,71.0,0.8614880597149884
post_ai,W4407294411,35,71.0,0.900420275756291
post_ai,W4411457375,45,71.0,0.8673708240191141
post_ai,W4416411640,36,71.0,0.8481117139259974
post_ai,W4392698617,28,71.5,0.8723380225045341
post_ai,W4405699341,12,71.5,0.8996432969967524
post_ai,W7136180220,34,71.5,0.8978521595982945
post_ai,W4382776968,21,72.0,0.848277577332088
post_ai,W4384008274,60,72.0,0.8525964170694351
post_ai,W4386403584,65,72.0,0.8586253780585069
post_ai,W4392506471,57,72.0,0.8485432005765146
post_ai,W4410215404,23,72.0,0.8572448880776115
post_ai,W4412022467,21,72.0,0.8344004608335949
post_ai,W4415395963,17,72.0,0.8186201383085812
post_ai,W7153576495,35,72.0,0.8911777888025556
post_ai,W4386623814,22,72.5,0.8294451155445792
post_ai,W7166077839,46,72.5,0.8514087018759354
post_ai,W4389002521,32,73.0,0.8554564341902733
post_ai,W4391387192,25,73.0,0.9109580802917481
post_ai,W4399755538,69,73.0,0.790392645891162
post_ai,W4412421198,19,73.0,0.9078536598305953
post_ai,W7118830829,24,73.0,0.8933037569125494
post_ai,W4380991535,24,73.5,0.8522869100173315
post_ai,W4388191963,66,73.5,0.8089160007057767
post_ai,W4387215851,46,74.0,0.868091432944588
post_ai,W4406937607,46,74.0,0.8440843237482983
post_ai,W4416958212,35,74.0,0.8510631118501936
post_ai,W4384695980,30,74.5,0.8981816470623016
post_ai,W4390266179,22,74.5,0.8689691857858137
post_ai,W7165377209,32,74.5,0.8103636931627989
post_ai,W4401075670,51,75.0,0.8902816410158195
post_ai,W7160498613,41,75.0,0.8237748015217665
post_ai,W4400981893,52,75.5,0.8523005613913903
post_ai,W4388302746,43,76.0,0.8787758017695227
post_ai,W4409873150,27,76.0,0.8947085760257862
post_ai,W4411176487,46,76.0,0.8998603730098061
post_ai,W4412465898,43,76.0,0.8243215056352837
post_ai,W4413194647,65,76.0,0.8692907415903531
post_ai,W7154489148,45,76.0,0.8602027416229248
post_ai,W4396760121,9,77.0,0.9002389576699998
post_ai,W4400052947,83,77.0,0.8939609096710941
post_ai,W4400524442,23,77.0,0.8668130713960399
post_ai,W4414831982,21,77.0,0.8710965230351403
post_ai,W4416770108,32,77.0,0.8536787629127502
post_ai,W4417278995,35,77.0,0.9060317533356803
post_ai,W7161056610,67,77.0,0.8578074823564558
post_ai,W7163062953,34,77.0,0.8602731666144203
post_ai,W4387776630,8,77.5,0.7947508618235588
post_ai,W4319037051,32,78.0,0.8672484066337347
post_ai,W4390844702,26,78.5,0.8718890020480523
post_ai,W4410851105,84,78.5,0.858788876306443
post_ai,W4413909219,48,78.5,0.8887483912209669
post_ai,W4382982885,55,79.0,0.8909938357093118
post_ai,W4387307361,28,79.0,0.8543258820261274
post_ai,W4401160392,42,79.0,0.8658640044076102
post_ai,W4406174885,61,79.0,0.8629768236738736
post_ai,W4413234123,21,79.0,0.8479652120953515
post_ai,W7160776010,48,79.0,0.8414611394206682
post_ai,W4398161796,8,79.5,0.915419913828373
post_ai,W4400882888,20,79.5,0.8746475398540496
post_ai,W4393508597,25,80.0,0.8146018481254578
post_ai,W4414893950,48,80.0,0.8812893244127432
post_ai,W7125817093,50,80.0,0.8927565693855286
post_ai,W4377046821,8,80.5,0.824347086250782
post_ai,W4412506777,20,80.5,0.8780768752098084
post_ai,W4416500438,22,80.5,0.881324136799032
post_ai,W4377079970,18,81.0,0.9322931203577254
post_ai,W4387976813,51,81.0,0.8840417791815365
post_ai,W4393524675,59,81.0,0.8436104180449147
post_ai,W4408871840,60,81.0,0.8769480586051941
post_ai,W7128962612,31,81.0,0.8851763433025729
post_ai,W4382502595,24,81.5,0.882564994196097
post_ai,W4408528392,26,81.5,0.8991466554311606
post_ai,W4378193539,21,82.0,0.8730641944067818
post_ai,W4386590930,18,82.0,0.813851104842292
post_ai,W4389794835,203,82.0,0.7991777670207282
post_ai,W4393095276,23,82.0,0.8724528784337251
post_ai,W4395048264,21,82.0,0.8719936779567173
post_ai,W4415063336,56,82.0,0.838317334651947
post_ai,W7154943553,17,82.0,0.8655666218084448
post_ai,W4321097757,60,82.5,0.9060621639092763
post_ai,W4391812264,34,82.5,0.8445614769178278
post_ai,W4392289060,34,82.5,0.8665990128236658
post_ai,W4399295699,64,82.5,0.8198119262233377
post_ai,W4414616091,92,82.5,0.8644108953683273
post_ai,W4393201969,57,83.0,0.878942753139295
post_ai,W4401062573,8,83.5,0.8415597006678581
post_ai,W4402937416,30,83.5,0.8244938572247823
post_ai,W4409666465,12,83.5,0.8853489309549332
post_ai,W4387460954,41,84.0,0.8973843397163763
post_ai,W7160698977,23,85.0,0.8846657483474069
post_ai,W4391928712,38,85.5,0.8760103112772891
post_ai,W4386329982,63,86.0,0.8917696986879621
post_ai,W4400060983,51,86.0,0.8589136062883863
post_ai,W4409567632,17,86.0,0.8776071632609648
post_ai,W4324089260,26,86.5,0.8909923594731551
post_ai,W4415872122,28,86.5,0.8516354752438409
post_ai,W4399083107,13,87.0,0.8609608503488394
post_ai,W4409873141,12,87.0,0.8326171239217123
post_ai,W4388640634,10,87.5,0.846333259344101
post_ai,W4392293594,40,87.5,0.8504656031727791
post_ai,W4413101428,74,87.5,0.8512636535876507
post_ai,W7160423004,40,87.5,0.8196545958518981
post_ai,W4362693082,32,88.0,0.8504009824246168
post_ai,W4403615581,25,88.0,0.8957472157478332
post_ai,W4408036575,49,88.0,0.8202130964824131
post_ai,W4411357005,91,88.0,0.8632784361367697
post_ai,W4416400048,64,88.0,0.841998198069632
post_ai,W7152225962,27,88.0,0.873145008528674
post_ai,W7165903039,32,88.0,0.9048856720328331
post_ai,W4321002369,31,89.0,0.9048005304028911
post_ai,W4387527899,27,89.0,0.8544793239346257
post_ai,W4391825687,31,89.0,0.8488141529021724
post_ai,W4376646066,22,90.0,0.880537824197249
post_ai,W4382450913,23,90.0,0.8560134405675142
post_ai,W4391926762,49,90.0,0.8769971983773368
post_ai,W4399982243,15,90.0,0.8917539238929748
post_ai,W4408151137,71,90.0,0.8730674427999577
post_ai,W4416273467,25,90.0,0.8548278260231018
post_ai,W4416767188,73,90.0,0.90639533980252
post_ai,W4417479430,21,90.0,0.8222877581914266
post_ai,W7153004327,37,90.0,0.854578081014994
post_ai,W7165633916,46,90.0,0.8892180725284244
post_ai,W4362617609,48,91.0,0.8435992449522018
post_ai,W4387900998,39,91.0,0.8906748554645441
post_ai,W4391103668,29,91.0,0.8952222075955621
post_ai,W4391652797,38,91.0,0.90000561193416
post_ai,W4400986370,25,91.0,0.8370677018165589
post_ai,W4403532647,43,91.0,0.8927547363347785
post_ai,W4414371998,49,91.0,0.8832422385410387
post_ai,W7154320908,59,91.0,0.8686988990185625
post_ai,W7155183663,28,91.5,0.887973740696907
post_ai,W4386921860,43,92.0,0.8782536415166633
post_ai,W4401396688,139,92.0,0.8798272579693965
post_ai,W4385446775,34,93.0,0.860080815413419
post_ai,W4398772502,43,93.0,0.8907942162003628
post_ai,W4390165476,29,94.0,0.8863740522285988
post_ai,W4393273770,17,94.0,0.8860978414030636
post_ai,W4391515250,28,94.5,0.8789207019976207
post_ai,W4403133921,40,94.5,0.8557066366076469
post_ai,W4315864529,31,95.0,0.8360384702682495
post_ai,W4403783643,24,95.0,0.8606317117810249
post_ai,W4393044919,34,95.5,0.8423513629857231
post_ai,W4385431769,25,96.0,0.8131935977935791
post_ai,W4403300326,20,96.0,0.8689709812402725
post_ai,W7164810205,21,96.0,0.8497883535566784
post_ai,W4396933599,16,96.5,0.8464545272290707
post_ai,W4386443689,67,97.0,0.8644194318287408
post_ai,W4392231436,21,97.0,0.8591846653393337
post_ai,W4415948324,44,97.5,0.8620461808009581
post_ai,W7135241135,32,97.5,0.7831859495490789
post_ai,W4318542658,25,98.0,0.8989193654060363
post_ai,W4388851294,19,98.0,0.8805396807821173
post_ai,W4392265141,43,98.0,0.8859711053759552
post_ai,W4403294931,89,98.0,0.8269419690196433
post_ai,W4404311708,51,98.0,0.8670561617495967
post_ai,W4414491585,29,98.0,0.8771498223830914
post_ai,W145558544,27,99.0,0.892808340213917
post_ai,W4384197722,29,99.0,0.8735412133151087
post_ai,W4388020269,47,99.0,0.8651078736528437
post_ai,W4389796929,11,99.0,0.8445761745626276
post_ai,W4400454734,43,99.0,0.8705880822137345
post_ai,W4388515933,37,101.0,0.9102191216236836
post_ai,W4401621505,17,101.0,0.846661132924697
post_ai,W4406337497,14,101.0,0.8713616260460445
post_ai,W4415299521,39,101.0,0.8595559199651083
post_ai,W4404670447,16,101.5,0.9176507703959942
post_ai,W4388469244,55,102.0,0.832233832099221
post_ai,W4401173621,101,102.0,0.8374674579884747
post_ai,W4408982599,44,102.0,0.8956052295186303
post_ai,W4410559236,21,102.0,0.8401605600402469
post_ai,W4412072965,9,102.0,0.7447217504183451
post_ai,W4412198614,21,102.0,0.8739057098116193
post_ai,W4414716387,52,102.0,0.8475496058280652
post_ai,W7154642037,37,102.0,0.8312660036860285
post_ai,W4405727130,47,103.0,0.8793076492370443
post_ai,W4410589006,36,103.0,0.8949060820870929
post_ai,W4411886294,50,103.0,0.8490199422836304
post_ai,W7162803000,37,103.0,0.8770596223908502
post_ai,W4362609997,39,104.0,0.9274140657522739
post_ai,W4365814300,9,104.0,0.8593737814161513
post_ai,W4396535188,9,104.0,0.8881606327162849
post_ai,W4400567931,49,104.0,0.892395015881986
post_ai,W4404464647,47,104.0,0.7801712764070389
post_ai,W4410590365,26,104.0,0.8460331352857443
post_ai,W4318475634,52,104.5,0.8366176314078845
post_ai,W4380577404,40,104.5,0.8506186679005623
post_ai,W7154691802,70,104.5,0.8540888360568455
post_ai,W4400741510,62,105.0,0.8474236976715827
post_ai,W4402490680,18,105.0,0.8103743493556976
post_ai,W7117300843,34,105.5,0.8881659349974464
post_ai,W4379967151,32,106.0,0.8528225962072611
post_ai,W4382068121,153,106.0,0.8621452485813814
post_ai,W4385956488,29,106.0,0.8578602651069904
post_ai,W4391403412,37,106.0,0.8771469786360457
post_ai,W4408028225,38,106.0,0.8512912957291854
post_ai,W4404024356,28,107.5,0.864997821194785
post_ai,W4322761876,40,108.0,0.8673993915319442
post_ai,W4391740701,41,108.0,0.8775935740005679
post_ai,W4400423456,45,108.0,0.9079690376917521
post_ai,W4403233807,25,108.0,0.8086333775520325
post_ai,W4410058419,43,108.0,0.8276527704194535
post_ai,W4378232366,32,108.5,0.871840626001358
post_ai,W4417427828,22,109.0,0.8167616426944733
post_ai,W7155005351,45,109.0,0.8699352065722148
post_ai,W7162513200,37,109.0,0.7781187424788604
post_ai,W4387951610,22,109.5,0.8717616742307489
post_ai,W4315620955,28,110.0,0.8825397938489914
post_ai,W4321748652,48,110.0,0.8496157576640447
post_ai,W4409190833,55,110.0,0.8790081663565202
post_ai,W7104254547,34,110.0,0.8738558870904586
post_ai,W4405892616,21,111.0,0.8124921832765851
post_ai,W4412831649,27,111.0,0.8209761314921908
post_ai,W4401318062,36,112.0,0.877979028556082
post_ai,W4402580241,90,112.5,0.8803051710128784
post_ai,W4383553876,57,113.0,0.8640933601479781
post_ai,W4385071186,35,113.0,0.8795249904905047
post_ai,W4387772998,27,113.0,0.847254733244578
post_ai,W4390860264,9,113.0,0.9073037703831991
post_ai,W4411710876,65,113.0,0.8558648127775926
post_ai,W4409086689,32,113.5,0.8793447427451611
post_ai,W4389675504,65,114.0,0.8781342579768254
post_ai,W4400131420,12,114.0,0.8664160470167795
post_ai,W4413299118,41,114.0,0.8450526609653379
post_ai,W4400738700,34,114.5,0.8336320151300991
post_ai,W7155221305,26,114.5,0.8230342635741601
post_ai,W4398240227,19,115.0,0.8987592019532856
post_ai,W4403280112,10,115.0,0.8981045424938202
post_ai,W4414805935,5,115.0,0.874887216091156
post_ai,W4387733314,18,115.5,0.9139620297484927
post_ai,W4392390993,46,115.5,0.8602032220881918
post_ai,W4318824022,35,116.0,0.8634992803846087
post_ai,W4410069223,16,116.0,0.8682751320302486
post_ai,W4362558086,60,116.5,0.8884430388609569
post_ai,W7131662548,84,116.5,0.8405717249427523
post_ai,W7162466026,26,116.5,0.8419427344432244
post_ai,W4313579264,32,117.0,0.8508222941309214
post_ai,W4390889338,28,117.0,0.8710140138864517
post_ai,W4410410223,46,117.0,0.8645454658114392
post_ai,W4389526712,29,118.0,0.8371792826159247
post_ai,W4401461034,77,118.0,0.8827001653708421
post_ai,W4408586005,28,118.0,0.8928024768829346
post_ai,W7119074436,43,118.0,0.844872021397879
post_ai,W4388901056,59,119.0,0.8482950966236955
post_ai,W4394685487,37,119.0,0.8591022427017624
post_ai,W4406814357,59,119.0,0.8804991255372258
post_ai,W4411442266,33,119.0,0.807252212004228
post_ai,W4411244572,56,120.0,0.8077839272362846
post_ai,W4366829375,8,120.5,0.892484113574028
post_ai,W4386335487,26,121.0,0.8395470793430622
post_ai,W4393316081,66,121.0,0.8391946012323553
post_ai,W4405275783,35,121.0,0.815630258832659
post_ai,W4415049029,17,121.0,0.8691178314826068
post_ai,W4414060766,22,121.5,0.9438098425214941
post_ai,W4387983464,6,122.0,0.8342134058475494
post_ai,W4388942060,26,122.0,0.833744431917484
post_ai,W4390752509,33,122.0,0.85619599349571
post_ai,W4401974154,77,122.0,0.854084265696538
post_ai,W4414260418,52,122.0,0.8567061045995126
post_ai,W4415079585,29,122.0,0.8981624656710131
post_ai,W7165033448,44,122.0,0.8589955825697292
post_ai,W4386757010,22,122.5,0.8640938645059412
post_ai,W4393187432,28,122.5,0.871173586164202
post_ai,W4376141373,13,124.0,0.8485028606194717
post_ai,W7165619777,23,124.0,0.8798814986063086
post_ai,W4392368424,33,125.0,0.8648820645881422
post_ai,W4377042971,62,126.0,0.8483754954030437
post_ai,W4381741555,43,126.0,0.8611773599025815
post_ai,W7123918258,55,126.0,0.8590536280111833
post_ai,W4362583934,24,127.0,0.8956086585919062
post_ai,W4402713847,52,128.0,0.8591608622899423
post_ai,W4411307186,15,129.0,0.8365320364634196
post_ai,W7170838469,20,129.0,0.895542961359024
post_ai,W4415115279,34,129.5,0.8824741752708659
post_ai,W4390666413,23,130.0,0.8640175228533538
post_ai,W4406686918,34,130.5,0.8599957630914801
post_ai,W4405971145,34,131.0,0.8752970011795268
post_ai,W7164926103,44,131.0,0.8241317583756014
post_ai,W4416210548,59,132.0,0.8376106357170363
post_ai,W4318159699,36,133.5,0.8814615176783668
post_ai,W4386726527,39,134.0,0.8323770960172018
post_ai,W4387906496,41,135.0,0.8590973862787572
post_ai,W4394921218,16,135.5,0.8830938823521137
post_ai,W4386317924,53,136.0,0.8652516704685284
post_ai,W7127317809,27,136.0,0.8796211900534453
post_ai,W4399142454,45,137.0,0.8791361424658034
post_ai,W4411326167,56,137.0,0.8455530639205661
post_ai,W4321767959,51,138.0,0.8742046905498878
post_ai,W4405530958,5,139.0,0.8020817160606384
post_ai,W4400222794,23,140.0,0.8552179025567096
post_ai,W4401636266,38,140.0,0.8229790471102062
post_ai,W4407851006,19,140.0,0.8705096119328549
post_ai,W7131263692,6,140.0,0.8098895847797394
post_ai,W4416001392,49,141.0,0.8512563279696873
post_ai,W4392859659,59,142.0,0.863689997438657
post_ai,W4414078382,49,142.0,0.8831493939672198
post_ai,W4409450743,39,145.0,0.8737486020112649
post_ai,W4393307130,14,145.5,0.8187984355858394
post_ai,W4385349104,44,146.0,0.6723059524189342
post_ai,W4413998203,51,146.0,0.8803047023567498
post_ai,W4416252521,29,146.0,0.8599094748497009
post_ai,W4380090735,84,147.0,0.8826708445946375
post_ai,W4387566371,45,149.0,0.8546934604644776
post_ai,W7140280752,39,149.0,0.8263754905798496
post_ai,W4391867157,21,150.0,0.7865490998540606
post_ai,W4409746867,41,150.0,0.8697891366191026
post_ai,W4383484464,43,151.0,0.8565646202065224
post_ai,W4412642858,40,151.5,0.8549480959773064
post_ai,W4411540235,33,152.0,0.8673399108828921
post_ai,W4396833733,64,152.5,0.8691886598244309
post_ai,W4387766352,42,153.0,0.8930803296111879
post_ai,W4360817281,38,153.5,0.8593794562314686
post_ai,W4387253386,39,154.0,0.8728161133252658
post_ai,W4406662409,25,154.0,0.8441987729072571
post_ai,W4392476162,19,155.0,0.8664060360506961
post_ai,W4414811944,32,155.5,0.834465753287077
post_ai,W4416241418,23,156.0,0.9055550901786141
post_ai,W4385471201,20,157.0,0.9276541292667388
post_ai,W4400886459,85,157.0,0.8587267721400541
post_ai,W4407731624,20,157.0,0.8931540817022323
post_ai,W4416428908,40,157.0,0.8766585379838944
post_ai,W4321097598,26,158.0,0.8746659664007334
post_ai,W7163394398,17,158.0,0.8697475650731255
post_ai,W4394928573,14,159.0,0.8006530489240374
post_ai,W4406105230,46,160.0,0.8057038615579191
post_ai,W4415615233,36,160.0,0.8833257026142545
post_ai,W4413849801,46,160.5,0.8446952324846516
post_ai,W4367051135,34,161.0,0.8824230748064378
post_ai,W4404560756,35,161.0,0.8237634130886623
post_ai,W4410049181,73,161.0,0.8478437817260011
post_ai,W4410560091,11,161.0,0.900161244652488
post_ai,W7131423515,90,162.0,0.8669026613235473
post_ai,W7124860922,12,162.5,0.8718372235695521
post_ai,W7125833703,39,163.0,0.8799850482207078
post_ai,W4406451139,63,165.0,0.9383162373588199
post_ai,W4412164861,47,165.0,0.8630781642934109
post_ai,W4414818336,34,165.0,0.8307240710538977
post_ai,W4384822619,42,165.5,0.8435065221218836
post_ai,W4408456723,29,167.0,0.8859485819421965
post_ai,W7160846918,12,167.5,0.8479481190443039
post_ai,W4402786146,33,168.0,0.8791476343617295
post_ai,W4408518438,77,168.0,0.8728894653258386
post_ai,W4410643456,9,168.0,0.8385352558559842
post_ai,W4381164180,4,168.5,0.9212952852249146
post_ai,W4379387749,35,169.0,0.8252011452402387
post_ai,W4405320421,26,170.5,0.8786512177724105
post_ai,W4321784477,7,171.0,0.8368322168077741
post_ai,W4402624323,13,171.0,0.8223139827068036
post_ai,W4411045921,24,172.0,0.8796822801232338
post_ai,W4407253854,7,174.0,0.9075976610183716
post_ai,W4403650872,30,174.5,0.8607034226258595
post_ai,W4400115275,6,175.5,0.8358500699202219
post_ai,W4384663954,33,177.0,0.8954960125865359
post_ai,W4388473444,41,178.0,0.8496936792280616
post_ai,W4404330479,40,178.0,0.8562057912349701
post_ai,W4390400946,28,179.0,0.8439742028713226
post_ai,W4392552399,36,179.0,0.9041987955570221
post_ai,W4390272240,12,180.0,0.8846254845460256
post_ai,W4391382902,30,180.0,0.8230163872241973
post_ai,W4411689745,8,180.5,0.8324229121208191
post_ai,W4409494656,31,182.0,0.8716036542769401
post_ai,W7127933693,53,182.0,0.854866366341429
post_ai,W4387860797,64,183.0,0.8839130382984877
post_ai,W4401199704,36,183.5,0.8760473297701942
post_ai,W4390655734,20,184.0,0.8534342378377915
post_ai,W3153094846,35,185.0,0.7937654393059866
post_ai,W4385146121,41,186.0,0.8508962174741234
post_ai,W4400302701,17,186.0,0.8911523328107946
post_ai,W7161837318,25,186.0,0.8660775399208069
post_ai,W4401487591,31,187.0,0.8704944022240177
post_ai,W4400196551,27,190.0,0.8784192888825028
post_ai,W7139024837,33,191.0,0.8716889276649012
post_ai,W4416929032,119,193.0,0.8663380967468775
post_ai,W4386745406,21,194.0,0.893049399058024
post_ai,W4410305659,18,195.0,0.8500325149959989
post_ai,W4417262830,14,195.0,0.8880044009004321
post_ai,W7166576006,6,195.0,0.8890273769696554
post_ai,W4317435599,48,196.5,0.8631741466621558
post_ai,W7160921476,33,197.0,0.8937433939991575
post_ai,W4388975631,30,200.5,0.8444455603758494
post_ai,W4388300305,6,201.0,0.8841168979803721
post_ai,W4414869418,29,202.0,0.8440736778851213
post_ai,W4394847169,29,204.0,0.8610621135810326
post_ai,W7143484421,33,204.0,0.9046264110189496
post_ai,W4412817707,12,206.0,0.8130540202061335
post_ai,W4409078689,56,207.5,0.8506459157381739
post_ai,W4400073601,16,210.5,0.8916103057563305
post_ai,W4363677823,57,211.0,0.8530248832284358
post_ai,W4381136899,16,212.5,0.8543020524084568
post_ai,W7160851057,32,212.5,0.9013291392475367
post_ai,W4322489007,25,213.0,0.8482935070991516
post_ai,W4387882949,49,213.0,0.8626021913119725
post_ai,W4390016615,47,215.0,0.8958814055361646
post_ai,W4410035447,45,216.0,0.8615221208996243
post_ai,W4390372821,38,216.5,0.8897386083477422
post_ai,W4390610145,8,216.5,0.8333218768239021
post_ai,W4399962072,6,217.0,0.9253665606180826
post_ai,W4415649641,34,218.5,0.8462760238086476
post_ai,W4403135709,47,222.0,0.8364341094138774
post_ai,W4404044633,15,224.0,0.8382102727890015
post_ai,W7114901255,31,225.0,0.858444179258039
post_ai,W4387344424,21,226.0,0.9203957177343822
post_ai,W4390706400,30,227.5,0.8991958558559418
post_ai,W7162469575,37,230.0,0.9017630606084257
post_ai,W4396859078,74,233.0,0.8636752463675834
post_ai,W4398198537,35,234.0,0.8491373198372977
post_ai,W4401777519,49,234.0,0.8282162121364048
post_ai,W7140566207,46,234.0,0.8557972843232362
post_ai,W4416294000,28,235.0,0.8716942433800016
post_ai,W4404699263,29,238.0,0.8525242312201138
post_ai,W4393991442,38,239.0,0.8479415225355249
post_ai,W4408229180,54,240.5,0.8267212664639508
post_ai,W7160213448,34,240.5,0.8354167359716752
post_ai,W4400722301,44,241.5,0.8370705355297435
post_ai,W4388944614,48,242.0,0.8594470260043939
post_ai,W7144245307,19,242.0,0.8414858328668695
post_ai,W4400439191,58,243.0,0.8610193081970873
post_ai,W4406272031,25,243.0,0.8532668900489807
post_ai,W4322758457,47,251.0,0.8530282885470288
post_ai,W7162568222,26,252.0,0.8192877517296717
post_ai,W4399139516,88,253.0,0.8651033463803205
post_ai,W4412612078,36,254.0,0.8221493032243516
post_ai,W4392760730,42,257.0,0.8618027014391763
post_ai,W4401245700,67,258.0,0.8534087147285689
post_ai,W4383069896,13,259.0,0.8218371455486004
post_ai,W4411744904,18,259.0,0.859092093176312
post_ai,W4377205832,32,260.0,0.8703933097422123
post_ai,W4412676250,45,261.0,0.8896960934003194
post_ai,W4407659400,36,264.0,0.8574653681781557
post_ai,W4406772752,50,265.0,0.8524717807769775
post_ai,W4386967704,79,268.0,0.8629807890216007
post_ai,W4405000455,50,273.0,0.8751129627227783
post_ai,W4387537199,37,274.0,0.8375388609396445
post_ai,W4388684046,20,278.5,0.8995318710803986
post_ai,W7135054547,26,278.5,0.8463984521535727
post_ai,W4402129998,43,279.0,0.7868422408436619
post_ai,W4405131923,72,281.0,0.8698216436637772
post_ai,W4385199518,64,303.5,0.8659076327458024
post_ai,W4385765859,8,304.0,0.8088445886969566
post_ai,W4392083159,10,304.0,0.8784052073955536
post_ai,W7118161886,19,304.0,0.7992116244215715
post_ai,W4398205725,28,308.5,0.8657945415803364
post_ai,W4387599681,23,311.0,0.8773558943167977
post_ai,W4416673402,52,311.0,0.863523644896654
post_ai,W4402467456,6,312.5,0.8354410727818807
post_ai,W4387966945,47,318.0,0.8207199839835472
post_ai,W7130644983,31,319.0,0.8724454160659544
post_ai,W4402134525,32,325.0,0.8892903607338667
post_ai,W7164519318,5,330.0,0.885467267036438
post_ai,W4388974320,78,349.0,0.803753103965368
post_ai,W4366989588,4,356.0,0.8984692245721817
post_ai,W4400041269,35,358.0,0.8683171221188136
post_ai,W4404273913,32,361.5,0.8713316489011049
post_ai,W4313509701,48,381.5,0.8576187578340372
post_ai,W4360613287,14,392.5,0.8677605645997184
post_ai,W4405231309,45,405.0,0.863597219520145
post_ai,W4396560917,34,407.0,0.857229537823621
post_ai,W4408944590,31,410.0,0.8770472695750575
post_ai,W4386003930,10,424.5,0.8752295970916748
post_ai,W4390351546,14,427.5,0.8675684332847595
post_ai,W4376871855,24,430.5,0.8485858216881752
post_ai,W7142982370,18,437.0,0.8469120826986101
post_ai,W4417077508,24,463.5,0.8540469035506248
post_ai,W7128091439,49,483.0,0.8359833907107918
post_ai,W4389940171,18,489.0,0.8289259937074449
post_ai,W7140226593,25,505.0,0.8028076434135437
post_ai,W4411762996,12,506.5,0.9009719043970108
post_ai,W4368372170,13,524.0,0.8057833313941956
post_ai,W4398144443,5,549.0,0.8824957728385925
post_ai,W4391266878,5,629.0,0.8992956280708313
post_ai,W4400059160,14,663.0,0.8029254632336753
post_ai,W4404169491,12,862.0,0.8706288536389669
post_ai,W4385331867,13,874.0,0.8220764765372643
post_ai,W4394729320,4,922.0,0.8825171589851379
post_ai,W7154961610,5,1285.0,0.8992513418197632
post_ai,W4386225939,11,1391.0,0.806083007292314
post_ai,W4409338620,4,1728.5,0.8603940457105637
post_ai,W4388841196,6,1786.0,0.889845738808314
post_ai,W4361212549,7,2359.0,0.9117721744946071
post_ai,W4399014275,10,2799.0,0.8004481613636016
post_ai,W4408996114,6,2811.0,0.8460052410761515
post_ai,W4386371500,2,3785.0,0.766642153263092
post_ai,W4395072288,1,4611.0,0.8362170457839966
pre_ai,W3146345824,8,0.0,0.7979593053460121
pre_ai,W4211230793,6,0.5,0.8042380809783936
pre_ai,W3185605792,8,1.0,0.8391128107905388
pre_ai,W3215619926,3,1.0,0.9238436818122864
pre_ai,W2950784940,10,2.5,0.9107652425765991
pre_ai,W3033274558,9,3.0,0.888020482328203
pre_ai,W3111040489,26,3.0,0.8690219452747932
pre_ai,W3130363378,10,3.0,0.8172767043113709
pre_ai,W3200233513,5,3.0,0.8715449929237366
pre_ai,W4200053983,4,3.0,0.7797232419252396
pre_ai,W2936461869,11,4.0,0.9034298333254728
pre_ai,W3200986683,9,4.0,0.7933884660402933
pre_ai,W3058986635,15,5.0,0.8502463539441426
pre_ai,W3203955226,14,5.0,0.8956524091107505
pre_ai,W2922316341,10,6.0,0.8556626677513123
pre_ai,W2980066257,15,6.0,0.9170174241065979
pre_ai,W2987670194,33,6.0,0.8619541814832976
pre_ai,W2995373333,6,6.0,0.9177141586939493
pre_ai,W3081807447,59,6.0,0.8833781541404078
pre_ai,W3088086938,33,6.0,0.8375687274065885
pre_ai,W3091401013,21,6.0,0.8817432380857921
pre_ai,W3119177363,6,6.0,0.8640557825565338
pre_ai,W3161554213,7,6.0,0.8710707000323704
pre_ai,W3173537093,26,6.0,0.8984400584147527
pre_ai,W3172063385,24,6.5,0.8297000353535017
pre_ai,W2953457867,9,7.0,0.9170278906822205
pre_ai,W3207796291,29,7.0,0.8528365903887255
pre_ai,W3209250308,21,7.0,0.8164425974800473
pre_ai,W4238795726,8,7.0,0.6955936476588249
pre_ai,W4252254501,8,7.0,0.8052271008491516
pre_ai,W2966036496,9,8.0,0.8781274292204115
pre_ai,W3085055162,13,8.0,0.8052746791106004
pre_ai,W3092748801,21,8.0,0.8087101635478792
pre_ai,W3110487011,8,8.0,0.8618291914463043
pre_ai,W3112263014,44,8.0,0.8556005480614576
pre_ai,W2909135169,6,8.5,0.8864853382110596
pre_ai,W3029497104,12,8.5,0.8818586468696594
pre_ai,W3009804058,15,9.0,0.8710856159528096
pre_ai,W3039970749,32,9.0,0.8027469143271446
pre_ai,W3040258830,23,9.0,0.8274059502974801
pre_ai,W3101498326,13,9.0,0.8696136566308829
pre_ai,W3118269582,27,9.0,0.8488666260683978
pre_ai,W4200298589,21,9.0,0.8374756290799096
pre_ai,W3083594253,12,9.5,0.8907700528701147
pre_ai,W2913226898,17,10.0,0.8814425819060382
pre_ai,W2990788690,2,10.0,0.8295652568340302
pre_ai,W3056777183,15,10.0,0.9256806532541911
pre_ai,W3160240049,5,10.0,0.7781007647514343
pre_ai,W4200170890,7,10.0,0.8950298002787999
pre_ai,W2997230475,22,10.5,0.861897579648278
pre_ai,W3006068984,24,10.5,0.8871954704324404
pre_ai,W2945176006,30,11.0,0.8059533337752024
pre_ai,W3020412090,9,11.0,0.8693095246950785
pre_ai,W3174916026,4,11.0,0.9082281291484833
pre_ai,W3157911784,1,12.0,0.8188053369522095
pre_ai,W3126663591,18,12.5,0.8836832775010003
pre_ai,W2924473540,41,13.0,0.8629591464996338
pre_ai,W2939298858,33,13.0,0.8274401859803633
pre_ai,W3096562392,45,13.0,0.8563902073436314
pre_ai,W3105240164,13,13.0,0.8472049098748428
pre_ai,W3185275362,11,13.0,0.8870592008937489
pre_ai,W4250214274,7,13.0,0.8931502103805542
pre_ai,W4286880112,3,13.0,0.8707200487454733
pre_ai,W2912556728,14,13.5,0.8772123498576028
pre_ai,W2919033834,8,13.5,0.9280379712581635
pre_ai,W3122955834,78,13.5,0.8395290305981269
pre_ai,W3217635200,8,13.5,0.8803021982312202
pre_ai,W2915555565,28,14.0,0.886775084904262
pre_ai,W3017929147,7,14.0,0.9148758394377572
pre_ai,W3115296081,15,14.0,0.8444667180379232
pre_ai,W3127237513,6,14.0,0.8886094192663828
pre_ai,W2926624132,22,14.5,0.8892888914455067
pre_ai,W3105732024,8,14.5,0.926835797727108
pre_ai,W3112564967,10,14.5,0.8695088505744935
pre_ai,W3018071847,9,15.0,0.9169039792484708
pre_ai,W3174730243,19,15.0,0.8390377854046068
pre_ai,W3194065397,7,15.0,0.875086418219975
pre_ai,W3200914387,17,15.0,0.8959011400447172
pre_ai,W3095427231,9,16.0,0.8522845374213325
pre_ai,W3170635916,8,16.5,0.9546129107475281
pre_ai,W2912276824,36,17.0,0.8715918329026964
pre_ai,W2918344339,9,17.0,0.9048406680425009
pre_ai,W2947044530,12,17.0,0.8692878435055414
pre_ai,W2979619637,27,17.0,0.8480815313480519
pre_ai,W3008738798,19,17.0,0.8261541128158569
pre_ai,W3012386859,12,17.0,0.8996950685977936
pre_ai,W3015742482,19,17.0,0.8989216685295105
pre_ai,W3042320757,10,17.0,0.8923860192298889
pre_ai,W3096431405,11,17.0,0.7792935371398926
pre_ai,W3116224641,27,17.0,0.8755634427070618
pre_ai,W3135720935,11,17.0,0.7861900221217762
pre_ai,W3164666049,28,17.0,0.8484186657837459
pre_ai,W3173866741,15,17.0,0.8538066506385803
pre_ai,W2969300408,32,17.5,0.8515972718596458
pre_ai,W3114258253,40,17.5,0.8610173389315605
pre_ai,W2997022423,13,18.0,0.8087490430245032
pre_ai,W3000012927,13,18.0,0.8840290491397564
pre_ai,W3015113840,13,18.0,0.8356006328876202
pre_ai,W3026780496,7,18.0,0.8971190963472638
pre_ai,W3033368786,13,18.0,0.8895254914577191
pre_ai,W3046685902,8,18.0,0.8840736001729965
pre_ai,W3131990178,11,18.0,0.8612066290595315
pre_ai,W3134030964,21,18.0,0.8389265622411456
pre_ai,W3137772046,12,18.0,0.8336741576592127
pre_ai,W3181968473,11,18.0,0.9065770019184459
pre_ai,W3194900024,14,18.0,0.8548644185066223
pre_ai,W3198234666,17,18.0,0.8285280711510602
pre_ai,W2937649061,23,19.0,0.8370923166689666
pre_ai,W3137839508,16,19.0,0.8692049942910671
pre_ai,W3152815698,46,19.0,0.9155109213746112
pre_ai,W3007059190,6,19.5,0.9016134738922119
pre_ai,W3194288929,10,19.5,0.8833779931068421
pre_ai,W2937117015,21,20.0,0.8746435557092939
pre_ai,W3028781097,10,20.0,0.8548120260238647
pre_ai,W3047304065,21,20.0,0.8784326910972595
pre_ai,W3092319976,29,20.0,0.8518753051757812
pre_ai,W3215443832,5,20.0,0.8630973339080811
pre_ai,W2973237702,26,20.5,0.911439123061987
pre_ai,W3172131483,8,20.5,0.8665002807974815
pre_ai,W2928073911,22,21.0,0.8759626123038206
pre_ai,W2947042938,11,21.0,0.8924079266461459
pre_ai,W2998294779,25,21.0,0.8837113976478577
pre_ai,W3049313334,9,21.0,0.7374445464875963
pre_ai,W3080803321,26,21.0,0.8664734592804542
pre_ai,W3192051257,13,21.0,0.8797881007194519
pre_ai,W2911761612,54,21.5,0.8610620101292928
pre_ai,W3088958084,42,21.5,0.8692986922604697
pre_ai,W3155441106,18,21.5,0.8613219790988498
pre_ai,W3210860424,34,21.5,0.8116638625369352
pre_ai,W2964676977,6,22.0,0.8646858235200247
pre_ai,W2967164867,10,22.0,0.8611010849475861
pre_ai,W3001668074,34,22.0,0.8788594165269066
pre_ai,W3010273885,8,22.0,0.9113586917519569
pre_ai,W3087789065,4,22.0,0.8997016400098801
pre_ai,W3095454141,43,22.0,0.8729258082633795
pre_ai,W3127339289,35,22.0,0.8789326599666051
pre_ai,W3177636806,19,22.0,0.8181857654922887
pre_ai,W4200198817,17,22.0,0.9267608663615059
pre_ai,W3027324514,2,22.5,0.8201418220996857
pre_ai,W3181197587,16,22.5,0.9260987415909767
pre_ai,W2913401060,10,23.0,0.9339650511741638
pre_ai,W2997602596,19,23.0,0.8513597940143786
pre_ai,W3013928327,9,23.0,0.87773730357488
pre_ai,W3184446280,16,23.0,0.8754617236554623
pre_ai,W3213082814,20,23.0,0.9230290055274963
pre_ai,W3134552717,8,23.5,0.9300167188048363
pre_ai,W3012642752,21,24.0,0.8750849564870199
pre_ai,W3127919122,21,24.0,0.8599004717100234
pre_ai,W3196904596,18,24.0,0.8428886069191827
pre_ai,W4239155586,7,24.0,0.8740537166595459
pre_ai,W2991195797,25,25.0,0.9247532868385315
pre_ai,W2991503240,32,25.0,0.846859497949481
pre_ai,W3005400043,23,25.0,0.9170208366020866
pre_ai,W3006212954,15,25.0,0.9129972696304322
pre_ai,W3033772867,28,25.0,0.9213601052761078
pre_ai,W3158935439,25,25.0,0.7738085150718689
pre_ai,W4246570416,22,25.0,0.8982094878500159
pre_ai,W2940743779,26,25.5,0.9036536033336933
pre_ai,W3114756307,15,26.0,0.846895980834961
pre_ai,W3187901754,6,26.0,0.8391951024532318
pre_ai,W3216735305,24,26.0,0.8409364148974419
pre_ai,W3129502224,38,26.5,0.8917914205475858
pre_ai,W2910569091,31,27.0,0.8511935760897975
pre_ai,W2944036591,25,27.0,0.8657404613494873
pre_ai,W2999565209,64,27.0,0.8578213360160589
pre_ai,W3206761018,11,27.0,0.8647047227079218
pre_ai,W3088084350,14,27.5,0.9204485927309308
pre_ai,W3091481528,14,27.5,0.8470788896083832
pre_ai,W3123099570,16,27.5,0.8430010229349136
pre_ai,W2997556647,25,28.0,0.8744640231132508
pre_ai,W3010708038,35,28.0,0.8831241863114493
pre_ai,W3011691037,21,28.0,0.8838787987118676
pre_ai,W3080952353,31,28.0,0.8610040372417819
pre_ai,W3167889664,33,28.0,0.8798102176550663
pre_ai,W3169644305,25,28.0,0.8768016648292541
pre_ai,W3185663698,21,28.0,0.9176932034038362
pre_ai,W3163590128,30,28.5,0.8952695707480113
pre_ai,W3013242606,28,29.0,0.8735568416970116
pre_ai,W3036494986,26,29.0,0.7703681909121
pre_ai,W3165806532,57,29.0,0.8568802664154455
pre_ai,W3202491465,15,29.0,0.8824966112772624
pre_ai,W3205805847,36,29.0,0.7936815404229693
pre_ai,W2986260720,26,29.5,0.8578896958094376
pre_ai,W3106939866,4,29.5,0.8128202557563782
pre_ai,W2991132751,8,30.0,0.8942854851484299
pre_ai,W3046887261,65,30.0,0.8695989462045522
pre_ai,W3048547795,31,30.0,0.8754635222496525
pre_ai,W3095593122,25,30.0,0.851234712600708
pre_ai,W3159873698,31,30.0,0.8429138333566727
pre_ai,W3184883535,16,30.0,0.831123873591423
pre_ai,W3217039358,11,30.0,0.8378849137913097
pre_ai,W2969909285,20,30.5,0.9028079181909561
pre_ai,W2946111433,41,31.0,0.9100004492736444
pre_ai,W2948986652,19,31.0,0.844487168286976
pre_ai,W3035804970,35,31.0,0.8676281418119158
pre_ai,W3112266324,46,31.0,0.8126329999902974
pre_ai,W3204484329,24,31.0,0.8615166395902634
pre_ai,W3207916483,18,31.0,0.849458591805564
pre_ai,W2912302064,24,31.5,0.8776042511065801
pre_ai,W2991056169,21,32.0,0.8308882656551543
pre_ai,W3042726768,25,32.0,0.8519286060333252
pre_ai,W3128200126,3,32.0,0.8666806618372599
pre_ai,W3155020744,45,32.0,0.884874869717492
pre_ai,W3174260954,16,32.0,0.8532651551067829
pre_ai,W4200390638,23,32.0,0.8507584281589674
pre_ai,W2932545979,20,32.5,0.8829098045825958
pre_ai,W3172955171,16,32.5,0.8583551980555058
pre_ai,W2961274044,29,33.0,0.8827095648338055
pre_ai,W3026749629,5,33.0,0.888122808933258
pre_ai,W3157100400,10,33.0,0.8591723561286926
pre_ai,W3161419899,22,33.0,0.8963540657000109
pre_ai,W3202149963,22,33.0,0.825950332663276
pre_ai,W3209872393,11,33.0,0.8053006854924288
pre_ai,W2958678223,8,33.5,0.844857782125473
pre_ai,W3164279997,26,33.5,0.8832988005418044
pre_ai,W3212363351,4,33.5,0.8758746832609177
pre_ai,W3123737857,17,34.0,0.8739043649505166
pre_ai,W3127260247,15,34.0,0.8524255951245626
pre_ai,W3153018435,30,34.0,0.8549307763576508
pre_ai,W3199861585,46,34.0,0.8024913046670996
pre_ai,W3204316112,41,34.0,0.8458329192021998
pre_ai,W3210374032,39,34.0,0.8483172930203952
pre_ai,W2915592758,14,35.0,0.9029686791556222
pre_ai,W2949565546,36,35.0,0.8604792820082771
pre_ai,W3003864464,10,35.0,0.8233735382556915
pre_ai,W3030219861,35,35.0,0.9282703689166478
pre_ai,W3115184831,20,35.0,0.8835682928562164
pre_ai,W3189027484,35,35.0,0.8609456402914865
pre_ai,W4251379830,7,35.0,0.8686387198311942
pre_ai,W3154370685,14,35.5,0.8798342815467289
pre_ai,W2982178471,35,36.0,0.8900476506778172
pre_ai,W2992624774,66,36.0,0.8981400240551342
pre_ai,W3080836504,29,36.0,0.8414524279791733
pre_ai,W3104165525,25,36.0,0.9259049415588378
pre_ai,W3183899946,6,36.0,0.8072151144345602
pre_ai,W4312418013,19,36.0,0.8591691569278115
pre_ai,W3152545635,26,36.5,0.8815784546045157
pre_ai,W3158265235,16,36.5,0.9082384370267391
pre_ai,W2525128539,6,37.0,0.8315446873505911
pre_ai,W2952106059,54,37.0,0.8756769641681954
pre_ai,W2980492088,31,37.0,0.8686257869966568
pre_ai,W2995596639,27,37.0,0.902750222771256
pre_ai,W3044598777,21,37.0,0.9075418625559125
pre_ai,W3157924064,67,37.0,0.8841986709566259
pre_ai,W3189042692,30,37.0,0.905646010239919
pre_ai,W3195384142,31,37.0,0.8538769656612027
pre_ai,W4285061935,22,37.0,0.8194124427708712
pre_ai,W3101525345,26,37.5,0.8577496799138876
pre_ai,W3108882822,4,37.5,0.9029364436864853
pre_ai,W3196727768,48,37.5,0.8473651135961214
pre_ai,W3213752779,40,37.5,0.8567478597164154
pre_ai,W2905836243,25,38.0,0.8515566802024841
pre_ai,W2951986375,14,38.0,0.8750372699328831
pre_ai,W2972722026,23,38.0,0.8990555094636005
pre_ai,W2999179268,23,38.0,0.8589927450470303
pre_ai,W3007041933,23,38.0,0.8994126941846765
pre_ai,W3011697134,37,38.0,0.8757461953807522
pre_ai,W3012857673,31,38.0,0.820609652226971
pre_ai,W3157234734,29,38.0,0.8052444170261251
pre_ai,W3176729305,19,38.0,0.8777567179579484
pre_ai,W2913155403,10,38.5,0.8587507128715515
pre_ai,W2935326122,12,38.5,0.8736620247364044
pre_ai,W2952887137,40,38.5,0.8659720256924629
pre_ai,W3016159733,38,38.5,0.8846344649791718
pre_ai,W2984738299,19,39.0,0.8574275939088118
pre_ai,W2996748783,38,39.0,0.8469473013752385
pre_ai,W3150961847,12,39.0,0.8573451340198517
pre_ai,W3208233707,37,39.0,0.847034617050274
pre_ai,W4200142626,37,39.0,0.8633881855655361
pre_ai,W3004418636,8,39.5,0.8810315355658531
pre_ai,W3004809527,22,39.5,0.8897374326532538
pre_ai,W3002654150,40,40.0,0.9043313086032867
pre_ai,W3080662744,49,40.0,0.8275365123943407
pre_ai,W3088226084,8,40.0,0.9309656247496605
pre_ai,W3113058262,9,40.0,0.8725218243069119
pre_ai,W3166353495,67,40.0,0.8687201382508919
pre_ai,W3173257333,10,40.0,0.8934439778327942
pre_ai,W3184012478,59,40.0,0.8028379709033643
pre_ai,W3177949075,42,40.5,0.8486075458072481
pre_ai,W2921093320,13,41.0,0.9139468761590811
pre_ai,W3034767419,33,41.0,0.845495859781901
pre_ai,W3042954344,21,41.0,0.8726770338558015
pre_ai,W3046829123,41,41.0,0.8148139351751746
pre_ai,W3194937137,20,41.0,0.8588686555624008
pre_ai,W3215576107,10,41.0,0.9106604933738709
pre_ai,W3158360110,16,41.5,0.8461483381688595
pre_ai,W3186864539,90,41.5,0.8788192338413663
pre_ai,W3191065178,14,41.5,0.902359162058149
pre_ai,W2942561162,3,42.0,0.8942494988441467
pre_ai,W2982482569,23,42.0,0.8174235069233439
pre_ai,W3005831183,26,42.0,0.8877053879774534
pre_ai,W3006765097,36,42.0,0.8692893849478828
pre_ai,W3010838003,47,42.0,0.887217399921823
pre_ai,W3025812136,33,42.0,0.8576217365987373
pre_ai,W3083388580,63,42.0,0.8434291926641313
pre_ai,W3134794029,26,42.0,0.886589031953078
pre_ai,W3146172947,26,42.0,0.8531359296578628
pre_ai,W3203792778,13,42.0,0.9113877644905677
pre_ai,W3212967013,7,42.0,0.8000014509473529
pre_ai,W2978490038,24,42.5,0.8665981367230415
pre_ai,W3198980145,36,42.5,0.8818562792407142
pre_ai,W2944455368,9,43.0,0.8915969994333055
pre_ai,W2959287131,32,43.0,0.8108031023293734
pre_ai,W3033464402,31,43.0,0.8406852656795133
pre_ai,W3138752539,21,43.0,0.8719277012915838
pre_ai,W3142835581,41,43.0,0.8873770047978657
pre_ai,W3209817543,24,43.0,0.8882135599851608
pre_ai,W3140398584,22,43.5,0.9023396508260206
pre_ai,W2914087166,20,44.0,0.8941299915313721
pre_ai,W2945013255,13,44.0,0.8761844222362225
pre_ai,W3107090914,24,44.0,0.9194933076699575
pre_ai,W3194448995,39,44.0,0.8538101804562104
pre_ai,W4312805655,48,44.0,0.8448593951761723
pre_ai,W3036912207,26,44.5,0.8209487749980047
pre_ai,W2904640575,43,45.0,0.8854778797127479
pre_ai,W2996556734,7,45.0,0.8442145075116839
pre_ai,W3011994005,36,46.0,0.8562199887302187
pre_ai,W3118353763,8,46.0,0.8580929785966873
pre_ai,W3127098786,36,46.0,0.875229267610444
pre_ai,W3134583518,26,46.0,0.8648737623141363
pre_ai,W3157600114,37,46.0,0.8492743823979352
pre_ai,W2949442301,14,46.5,0.8383824186665672
pre_ai,W3202663209,16,46.5,0.8412432484328747
pre_ai,W3205941217,30,46.5,0.8780914902687073
pre_ai,W3210323920,14,46.5,0.8649085504668099
pre_ai,W4206130330,24,46.5,0.9233773077527682
pre_ai,W2957679572,10,47.0,0.8981343150138855
pre_ai,W2980148744,11,47.0,0.8365816690705039
pre_ai,W3009472629,23,47.0,0.8726028281709423
pre_ai,W3016788209,6,47.0,0.8440998494625092
pre_ai,W3042585281,16,47.0,0.8891130313277245
pre_ai,W3107287384,22,47.0,0.8855975243178281
pre_ai,W3167026146,20,47.0,0.8586990296840668
pre_ai,W3173287329,24,47.0,0.8711349293589592
pre_ai,W3191700521,17,47.0,0.8936501741409302
pre_ai,W3199892218,99,47.0,0.8449787503541119
pre_ai,W3207259923,13,47.0,0.8927528949884268
pre_ai,W4200213080,19,47.0,0.8546197696735984
pre_ai,W2964067963,24,47.5,0.8619828845063845
pre_ai,W2921072607,37,48.0,0.8303394607595496
pre_ai,W2970210691,18,48.0,0.8798803819550408
pre_ai,W3037182465,22,48.0,0.9057934419675306
pre_ai,W3092548104,43,48.0,0.836384371269581
pre_ai,W3094461574,111,48.0,0.8835599073418626
pre_ai,W3097307001,17,48.0,0.8876246809959412
pre_ai,W3113000191,11,48.0,0.878048761324449
pre_ai,W3216032781,43,48.0,0.849398039108099
pre_ai,W4200312632,7,48.0,0.8691711255482265
pre_ai,W4256600128,17,48.0,0.867766394334681
pre_ai,W4285665324,12,48.0,0.9020106842120489
pre_ai,W3041270572,38,48.5,0.846674360727009
pre_ai,W3129268193,12,48.5,0.8493095388015112
pre_ai,W3107790140,25,49.0,0.8871653819084168
pre_ai,W3175904037,63,49.0,0.8617717150657896
pre_ai,W3199007299,14,49.0,0.8715408529554095
pre_ai,W4213203998,9,49.0,0.8950696190198263
pre_ai,W4226264678,70,49.0,0.8798991245882851
pre_ai,W2967921360,17,50.0,0.8397194813279545
pre_ai,W2981124451,35,50.0,0.8560837575367519
pre_ai,W2987569638,57,50.0,0.9000389774640402
pre_ai,W2998234564,61,50.0,0.8483243086298958
pre_ai,W3024231075,78,50.0,0.830856252175111
pre_ai,W3192986277,37,50.0,0.9106319305059072
pre_ai,W3212828249,19,50.0,0.9262936554457012
pre_ai,W4200031727,8,50.0,0.8371335789561272
pre_ai,W4200057055,64,50.0,0.9018762046471238
pre_ai,W4200542320,22,50.0,0.8634553280743685
pre_ai,W2963338494,26,50.5,0.8781010600236746
pre_ai,W3126638293,44,50.5,0.8455245061354204
pre_ai,W3178111119,30,50.5,0.8642321407794953
pre_ai,W2963240104,27,51.0,0.8513010453294825
pre_ai,W2980908501,17,51.0,0.8899000918163973
pre_ai,W3113331908,23,51.0,0.8491355699041615
pre_ai,W3125497983,31,51.0,0.8557330946768483
pre_ai,W3138815405,29,51.0,0.8142086267471313
pre_ai,W3158897914,29,51.0,0.8518597997468094
pre_ai,W3212701710,35,51.0,0.8013823509216309
pre_ai,W2994498609,28,51.5,0.8540876060724258
pre_ai,W3183297030,14,51.5,0.8103661452020917
pre_ai,W3189126694,32,51.5,0.885931609198451
pre_ai,W4200212633,50,51.5,0.8836731612682343
pre_ai,W2914480677,37,52.0,0.8132906314489003
pre_ai,W2969619214,47,52.0,0.8802347830001344
pre_ai,W2972471121,45,52.0,0.9077540847990248
pre_ai,W3022537957,28,52.0,0.8755542061158589
pre_ai,W3038011090,25,52.0,0.9004124069213867
pre_ai,W3044485504,9,52.0,0.8777761790487502
pre_ai,W3132110389,12,52.0,0.8400937815507253
pre_ai,W3149245565,23,52.0,0.8933360628459764
pre_ai,W3173635306,5,52.0,0.8687665343284607
pre_ai,W3012351168,35,53.0,0.8764743719782148
pre_ai,W3014063548,25,53.0,0.8459875774383545
pre_ai,W3083235005,28,53.0,0.8776536413601467
pre_ai,W3184822797,17,53.0,0.8477051187964046
pre_ai,W3205889820,44,53.0,0.8631022613156926
pre_ai,W3014369706,10,53.5,0.8529929280281067
pre_ai,W3216068063,16,53.5,0.8543008305132389
pre_ai,W3180609141,33,54.0,0.8854818904038632
pre_ai,W3180931472,45,54.0,0.8146513806449043
pre_ai,W3186586976,11,54.0,0.8551531813361428
pre_ai,W3204131543,40,54.0,0.8916765585541725
pre_ai,W2999573698,34,54.5,0.8895855160320506
pre_ai,W2973353015,23,55.0,0.8614514703335969
pre_ai,W3082011327,23,55.0,0.8686045226843461
pre_ai,W3111678370,10,55.0,0.8757995069026947
pre_ai,W3134714719,41,55.0,0.8876377373206906
pre_ai,W3198417204,29,55.0,0.8571614335323202
pre_ai,W3199998819,30,55.0,0.885698143641154
pre_ai,W2942693463,26,55.5,0.86688766341943
pre_ai,W2947695822,22,55.5,0.8496682969006625
pre_ai,W3197832015,20,55.5,0.8383549511432647
pre_ai,W2941662359,33,56.0,0.9013388789061344
pre_ai,W2968497930,33,56.0,0.8632874434644525
pre_ai,W3007471432,17,56.0,0.885622946655049
pre_ai,W3013752645,57,56.0,0.8590011335255807
pre_ai,W3118788002,13,56.0,0.8290326732855576
pre_ai,W3127538876,33,56.0,0.8717846617554174
pre_ai,W2924304519,26,56.5,0.8831415818287776
pre_ai,W3111547676,26,56.5,0.8660446565884811
pre_ai,W4200438453,58,56.5,0.8371085123769169
pre_ai,W3135629469,55,57.0,0.8514541268348694
pre_ai,W3176358817,37,57.0,0.8590074004353704
pre_ai,W3172770773,8,57.5,0.8809950351715088
pre_ai,W2952157997,8,58.0,0.8671252429485321
pre_ai,W3015105096,17,58.0,0.8612457093070535
pre_ai,W3038069866,51,58.0,0.8478521541053173
pre_ai,W3085681521,29,58.0,0.8917488332452446
pre_ai,W3153613718,9,58.0,0.8990269435776604
pre_ai,W3200772731,22,58.0,0.8143808245658875
pre_ai,W3202845678,13,58.0,0.8683897577799283
pre_ai,W4285706870,25,58.0,0.9124848628044129
pre_ai,W3215640570,22,58.5,0.837119232524525
pre_ai,W4200381252,28,58.5,0.8870186997311456
pre_ai,W2945539094,33,59.0,0.8899761402245724
pre_ai,W2963992897,33,59.0,0.8361083847103696
pre_ai,W3068216173,12,59.0,0.9219948748747507
pre_ai,W3138561507,41,59.0,0.8787936248430391
pre_ai,W3197590031,22,59.0,0.8396102325482802
pre_ai,W2997630109,56,59.5,0.859378385756697
pre_ai,W3119912810,20,59.5,0.8517294853925705
pre_ai,W4200468831,18,59.5,0.8370230032338036
pre_ai,W3034785082,31,60.0,0.8704376932113401
pre_ai,W3040713809,8,60.0,0.8313639685511589
pre_ai,W3108033891,42,60.0,0.8658658592473893
pre_ai,W3207197303,48,60.0,0.8430020399391651
pre_ai,W3134479860,32,60.5,0.9003095161169767
pre_ai,W3154384630,18,60.5,0.8707925644185808
pre_ai,W2919800947,18,61.0,0.8819321592648824
pre_ai,W2947210332,32,61.0,0.8400576040148735
pre_ai,W3042764136,19,61.0,0.8787864132931358
pre_ai,W3043886394,21,61.0,0.8953911917550224
pre_ai,W3094538612,13,61.0,0.8401617407798767
pre_ai,W3100525695,31,61.0,0.8452560286368093
pre_ai,W3155284495,44,61.0,0.8836665898561478
pre_ai,W3212567204,25,61.0,0.8471921372413636
pre_ai,W2946950861,8,61.5,0.8731501027941704
pre_ai,W2955744104,10,61.5,0.9332144975662231
pre_ai,W2960159641,26,61.5,0.8476761602438413
pre_ai,W4200553394,21,62.0,0.8494253641083127
pre_ai,W3210440039,14,62.5,0.9108492646898542
pre_ai,W2978554212,25,63.0,0.8795513010025025
pre_ai,W3004587493,50,63.0,0.8205120801925659
pre_ai,W3134090383,41,63.0,0.86018873569442
pre_ai,W3135877542,24,63.0,0.8985448156793913
pre_ai,W3081924543,62,63.5,0.8644695685755822
pre_ai,W2935906552,23,64.0,0.8690790819085162
pre_ai,W2946387435,20,64.0,0.867577874660492
pre_ai,W3158006570,19,64.0,0.8830546234783373
pre_ai,W3121507661,40,64.5,0.8618468061089516
pre_ai,W3208943468,68,64.5,0.8826060785966761
pre_ai,W2950776495,34,65.0,0.8918030805447522
pre_ai,W2972457497,39,65.0,0.8670688500771155
pre_ai,W2982650349,27,65.0,0.8887444381360654
pre_ai,W3039682341,2,65.0,0.9229970872402191
pre_ai,W3083940436,41,65.0,0.8872953885939063
pre_ai,W3102394033,35,65.0,0.8686906933784485
pre_ai,W3103708580,25,65.0,0.8541475772857666
pre_ai,W3129932399,16,65.0,0.8263889066874981
pre_ai,W3165256668,10,65.0,0.8060866594314575
pre_ai,W3181437320,15,65.0,0.886456036567688
pre_ai,W3183499836,25,65.0,0.8893525695800781
pre_ai,W3204449655,57,65.0,0.8052997526369596
pre_ai,W4206829068,21,65.0,0.8482049249467396
pre_ai,W3032334321,14,65.5,0.8174554748194558
pre_ai,W3008582786,29,66.0,0.8907970539454756
pre_ai,W3095205441,24,66.0,0.8828576082984606
pre_ai,W3154086819,17,66.0,0.7715503959094777
pre_ai,W3186799240,42,66.0,0.9059346516927084
pre_ai,W2979496611,40,67.0,0.8534130722284317
pre_ai,W3037907262,32,67.0,0.87577323615551
pre_ai,W3043969805,37,67.0,0.8496031664513253
pre_ai,W3196632410,57,67.0,0.8058705016186363
pre_ai,W3087713548,48,67.5,0.8358210499087969
pre_ai,W3165322023,40,67.5,0.8823385968804359
pre_ai,W3183614880,14,67.5,0.7802144246441978
pre_ai,W3090217769,19,68.0,0.8306868954708702
pre_ai,W3094358716,54,68.0,0.8844462224730739
pre_ai,W3162542033,33,68.0,0.8507926211212621
pre_ai,W3034106594,22,68.5,0.8522451953454451
pre_ai,W3171896126,68,68.5,0.8814738673322341
pre_ai,W2913569190,42,69.0,0.8746133177053361
pre_ai,W2959379143,15,69.0,0.8387331406275431
pre_ai,W3041830623,25,69.0,0.8189249968528748
pre_ai,W2988273893,72,69.5,0.7935361746284697
pre_ai,W3121035662,16,69.5,0.8982833810150623
pre_ai,W2280720568,89,70.0,0.8773353709263748
pre_ai,W2957053640,35,70.0,0.8690036995070322
pre_ai,W3095253698,6,70.0,0.8616305291652679
pre_ai,W3112022214,14,70.0,0.819527132170541
pre_ai,W3190815597,16,70.5,0.8166263438761234
pre_ai,W3134168197,46,71.0,0.8619276531364607
pre_ai,W3154478205,15,71.0,0.8969405810038249
pre_ai,W2913632294,40,71.5,0.8451552301645279
pre_ai,W3139036418,60,71.5,0.8369256615638733
pre_ai,W2974527177,12,72.0,0.8905453781286875
pre_ai,W2983486486,46,72.0,0.897644122009692
pre_ai,W2997394312,24,72.0,0.8076888372500738
pre_ai,W3006037248,22,72.5,0.8966444351456382
pre_ai,W2987702168,79,73.0,0.8917424580718898
pre_ai,W3045744059,22,73.0,0.8385454443368044
pre_ai,W3127877939,11,73.0,0.8418653282252225
pre_ai,W3132187239,24,73.0,0.8480125690499941
pre_ai,W3162764852,23,73.0,0.8742000953010891
pre_ai,W4200119719,29,73.0,0.8206550787235128
pre_ai,W4400272652,17,73.0,0.8492764234542847
pre_ai,W3198693054,34,73.5,0.880683208213133
pre_ai,W3200460282,24,73.5,0.834520677725474
pre_ai,W4200076606,38,73.5,0.8755364935649069
pre_ai,W2976264607,28,74.5,0.8810436193432126
pre_ai,W3030460744,62,74.5,0.9193151170207609
pre_ai,W3081654689,16,74.5,0.8690163604915142
pre_ai,W3207096171,4,74.5,0.8269963711500168
pre_ai,W2921517324,19,75.0,0.8385374169600638
pre_ai,W2996007421,23,75.0,0.8522644250289254
pre_ai,W4200524305,65,75.0,0.8606717265569247
pre_ai,W3000669559,38,75.5,0.8107525376897109
pre_ai,W3003863232,34,75.5,0.8585553011473488
pre_ai,W3212612330,16,75.5,0.889810599386692
pre_ai,W2944585422,51,76.0,0.8764638491705352
pre_ai,W3136841128,15,76.0,0.8968064149220785
pre_ai,W3171440023,61,76.0,0.8498480026839209
pre_ai,W3194577901,50,76.0,0.8511497592926025
pre_ai,W3132566240,66,76.5,0.8579248795003602
pre_ai,W3137980416,34,76.5,0.8437344186446246
pre_ai,W3011886608,65,77.0,0.8354619585550749
pre_ai,W3048723746,21,77.0,0.8524348877725147
pre_ai,W3114217565,18,77.5,0.9249688585599264
pre_ai,W4316091869,48,77.5,0.8679319272438685
pre_ai,W2954412415,24,78.0,0.8313849543531736
pre_ai,W2971597483,13,78.0,0.895196006848262
pre_ai,W3040647138,15,78.0,0.8971279700597127
pre_ai,W3122286906,48,78.0,0.8638181835412979
pre_ai,W3216352091,64,78.5,0.8552320078015327
pre_ai,W3028104264,50,79.0,0.8814016568660736
pre_ai,W3122195138,19,79.0,0.8626443429997093
pre_ai,W3035141556,10,79.5,0.8118590533733367
pre_ai,W2928077553,48,80.0,0.8385257460176945
pre_ai,W2961641815,48,80.0,0.8790483064949512
pre_ai,W3008161459,53,80.0,0.8700659353778047
pre_ai,W3098825303,41,80.0,0.880569577217102
pre_ai,W3162668210,33,80.0,0.8540519674619039
pre_ai,W3175142837,37,80.0,0.893878385827348
pre_ai,W4205886955,8,80.5,0.8322271183133125
pre_ai,W2935333698,16,81.0,0.8930418267846107
pre_ai,W2948874525,29,81.0,0.9006974553239757
pre_ai,W3210431310,19,81.0,0.8740940846894917
pre_ai,W3190480761,28,81.5,0.9206069090536663
pre_ai,W2887057293,40,82.0,0.814427663385868
pre_ai,W2963863473,22,82.0,0.8595661195841703
pre_ai,W3005230427,34,82.0,0.8281511103405672
pre_ai,W3112181934,12,82.0,0.8499747514724731
pre_ai,W2937199323,26,82.5,0.8818076092463273
pre_ai,W3040356603,32,82.5,0.8360694423317909
pre_ai,W2911282046,28,83.0,0.8606211457933698
pre_ai,W2973089802,13,83.0,0.8591576264454768
pre_ai,W2987206738,22,83.0,0.8663399598815225
pre_ai,W3175490200,27,83.0,0.9009219827475371
pre_ai,W3010819167,16,83.5,0.8756860941648483
pre_ai,W3097659219,22,83.5,0.8783383017236536
pre_ai,W2981571558,29,84.0,0.8262287583844415
pre_ai,W2996952604,21,84.0,0.862885091985975
pre_ai,W3168230914,9,84.0,0.8359793490833707
pre_ai,W4200593399,23,84.0,0.8749710943387903
pre_ai,W3111977747,56,84.5,0.8489510661789349
pre_ai,W2972815763,25,85.0,0.8699919843673706
pre_ai,W3132130089,58,85.0,0.851717837925615
pre_ai,W3150614982,51,85.0,0.8441270262587304
pre_ai,W3175006144,39,85.0,0.8685847826493092
pre_ai,W3132066327,28,85.5,0.8815802591187614
pre_ai,W3156921839,20,85.5,0.8491883426904678
pre_ai,W2929687620,42,86.5,0.8634971664065406
pre_ai,W3112797281,42,86.5,0.860640484662283
pre_ai,W3093381347,54,87.0,0.8559012291608034
pre_ai,W3164815268,17,87.0,0.910726340378032
pre_ai,W3178223695,21,87.0,0.8490123266265506
pre_ai,W3200541606,13,87.0,0.8280623921981225
pre_ai,W3216076385,45,87.0,0.8244029601414998
pre_ai,W3009579950,47,88.0,0.840977930008097
pre_ai,W3048079645,56,88.0,0.8358983652932304
pre_ai,W3075866102,27,88.0,0.8259347478548685
pre_ai,W3081907472,36,88.0,0.8804228239589267
pre_ai,W3124610975,11,88.0,0.9077491543509744
pre_ai,W3133141107,43,88.0,0.8716844569805057
pre_ai,W3135057118,5,88.0,0.8164942979812622
pre_ai,W4200287649,31,88.0,0.825537218201545
pre_ai,W3081589508,31,89.0,0.8922469289072098
pre_ai,W3111652441,13,89.0,0.8548344465402457
pre_ai,W2992144887,26,89.5,0.9068796932697296
pre_ai,W3097870155,14,89.5,0.8462542848927634
pre_ai,W4213009770,21,90.0,0.8812496321541923
pre_ai,W3188985821,22,90.5,0.8455097729509528
pre_ai,W3006419773,18,91.0,0.8903854654894935
pre_ai,W3176095121,17,91.0,0.8587110182818245
pre_ai,W3014063087,24,91.5,0.8920772994558016
pre_ai,W3130609726,20,91.5,0.8373401015996933
pre_ai,W2955340272,11,92.0,0.8517202789133246
pre_ai,W2993721145,39,92.0,0.8711548615724612
pre_ai,W3037018491,20,92.0,0.8631488770246506
pre_ai,W3119485017,77,92.0,0.8349613663438079
pre_ai,W4206534710,17,92.0,0.8322722456034493
pre_ai,W65128537,76,92.0,0.8600841823377108
pre_ai,W3014800796,12,92.5,0.8732094963391622
pre_ai,W3166325436,40,92.5,0.8679919496178627
pre_ai,W2908773155,32,93.0,0.8926304914057255
pre_ai,W2963215104,13,93.0,0.7888604631790748
pre_ai,W3005486569,25,93.0,0.8740543460845948
pre_ai,W3134228534,33,93.0,0.8650724797537832
pre_ai,W3164619074,59,93.0,0.8784764873779426
pre_ai,W3176281970,27,93.0,0.8419217489383839
pre_ai,W2948448399,42,93.5,0.8992050659088862
pre_ai,W4316079591,8,93.5,0.8759245947003365
pre_ai,W3010129414,47,94.0,0.8726008369567546
pre_ai,W3200296173,31,94.0,0.8437833151509685
pre_ai,W4200235377,45,94.0,0.7695788317256503
pre_ai,W4205130811,23,94.0,0.858740772890008
pre_ai,W4386836805,40,94.0,0.845626138150692
pre_ai,W3040360539,24,95.0,0.866484339038531
pre_ai,W3155739973,37,95.0,0.8351399528013693
pre_ai,W3193931125,39,95.0,0.83789573265956
pre_ai,W2971494656,42,95.5,0.8669526520229521
pre_ai,W3148126537,64,95.5,0.8845146633684635
pre_ai,W2995855943,23,96.0,0.8615190101706464
pre_ai,W3080857959,42,96.0,0.8597144214879899
pre_ai,W3110739241,73,96.0,0.8438378327513394
pre_ai,W3123212400,16,96.5,0.8590788245201111
pre_ai,W3139314525,37,97.0,0.8427581545468923
pre_ai,W3215716459,20,97.0,0.8840788155794144
pre_ai,W2936287494,21,98.0,0.8328998372668311
pre_ai,W2957124251,34,98.0,0.8428392270032097
pre_ai,W3127094202,37,98.0,0.8441255881979659
pre_ai,W3149785282,29,98.0,0.8980120502669235
pre_ai,W4210381894,27,98.0,0.8181581828329298
pre_ai,W3029962036,61,99.0,0.8659648396929757
pre_ai,W3136851645,36,99.5,0.8780585759215884
pre_ai,W3197481953,50,99.5,0.9053994524478912
pre_ai,W3026309770,56,100.0,0.855680813746793
pre_ai,W3045484380,30,100.0,0.8836090048154195
pre_ai,W3202518412,14,100.0,0.8651789682252067
pre_ai,W4388442796,7,100.0,0.8178756407329014
pre_ai,W2956132527,46,100.5,0.8852609668088995
pre_ai,W2980067763,40,100.5,0.8628630608320236
pre_ai,W2919480348,62,101.0,0.8300235569477081
pre_ai,W3000348447,29,101.0,0.8785922116246717
pre_ai,W3000474342,71,101.0,0.8584958466005997
pre_ai,W3118439504,149,101.0,0.871642541565351
pre_ai,W4285470461,7,101.0,0.8919287664549691
pre_ai,W2909689684,33,102.0,0.8808739980061849
pre_ai,W2945196748,40,102.0,0.856112489104271
pre_ai,W2963836077,22,102.0,0.8683871030807495
pre_ai,W3158400100,36,102.0,0.8537112706237369
pre_ai,W2955923339,40,103.0,0.8967705503106117
pre_ai,W3111307103,16,103.0,0.869184598326683
pre_ai,W4248501526,9,103.0,0.8629872136645846
pre_ai,W2981337618,30,103.5,0.8949057837327321
pre_ai,W2974965626,71,104.0,0.8843785247332613
pre_ai,W2985567624,41,104.0,0.8868283207823591
pre_ai,W2914526403,49,105.0,0.8373805904874996
pre_ai,W3016079601,19,105.0,0.858742638638145
pre_ai,W3011506732,42,105.5,0.7749315954390026
pre_ai,W3122356436,20,105.5,0.8418009549379348
pre_ai,W2980968627,9,106.0,0.9004455871052213
pre_ai,W3007847068,53,106.0,0.8641209478648204
pre_ai,W3101215603,23,106.0,0.8921728471051091
pre_ai,W3135113037,111,106.0,0.8000387372197332
pre_ai,W3032205474,24,106.5,0.8652250493566195
pre_ai,W3045525261,35,107.0,0.9150031464440482
pre_ai,W3096818353,25,107.0,0.8799560475349426
pre_ai,W4226293389,18,107.0,0.8857227894994948
pre_ai,W3011059174,35,108.0,0.8264828222138542
pre_ai,W3129045429,20,108.0,0.9095744252204895
pre_ai,W2909070302,31,109.0,0.9240088078283495
pre_ai,W2965248628,28,109.0,0.8433363224778857
pre_ai,W3037379678,63,109.0,0.8690715119952247
pre_ai,W3078888767,37,109.0,0.8491253740078694
pre_ai,W3197649412,54,109.0,0.8449002206325531
pre_ai,W2914037204,28,109.5,0.8278076308114188
pre_ai,W2987161767,43,110.0,0.8754368673923404
pre_ai,W3083719831,63,110.0,0.8767557021171327
pre_ai,W3094497630,43,110.0,0.8669693955155306
pre_ai,W3213217218,69,110.0,0.8422367132228353
pre_ai,W76516486,27,110.0,0.8949013462773076
pre_ai,W2998723343,7,111.0,0.8361830626215253
pre_ai,W3174332327,47,111.0,0.8689093906828698
pre_ai,W3188353369,27,111.0,0.8588980149339747
pre_ai,W3007653678,20,111.5,0.8689648598432541
pre_ai,W3119120907,46,111.5,0.8483301232690397
pre_ai,W3115515327,18,112.5,0.8598777817355262
pre_ai,W3014940561,24,113.0,0.834342194100221
pre_ai,W3113368550,20,113.0,0.8471374541521073
pre_ai,W3166509103,31,113.0,0.8811719609845069
pre_ai,W3169104567,31,113.0,0.8234479004336942
pre_ai,W3201378813,15,113.0,0.8827407280604045
pre_ai,W3026775072,26,113.5,0.9251996393387134
pre_ai,W3215420900,52,113.5,0.8561714922006314
pre_ai,W2942012413,16,114.0,0.8625785782933235
pre_ai,W3006264153,9,114.0,0.9120636781056722
pre_ai,W2933595931,45,115.0,0.888176601462894
pre_ai,W2998996553,21,115.0,0.8813364846365792
pre_ai,W3199570482,17,115.0,0.8771909440264982
pre_ai,W2938676042,23,116.0,0.8517713987309
pre_ai,W3134701682,42,116.0,0.8939742289838337
pre_ai,W3084245397,69,117.0,0.8413371564685435
pre_ai,W3084226320,36,117.5,0.9110635568698248
pre_ai,W3202763328,24,117.5,0.834275983273983
pre_ai,W2913033606,59,118.0,0.900539802292646
pre_ai,W2915441641,22,118.0,0.8664459775794636
pre_ai,W3084462347,11,118.0,0.8560819138180126
pre_ai,W3092374968,17,118.0,0.9155340299886816
pre_ai,W2947874453,55,119.0,0.864704185182398
pre_ai,W3042578606,54,119.0,0.8820187394265775
pre_ai,W3134526988,35,119.0,0.8327946782112121
pre_ai,W3114772753,18,119.5,0.8256924913989173
pre_ai,W3080521557,31,120.0,0.8972201174305331
pre_ai,W2940598374,51,121.0,0.8615984437512416
pre_ai,W2965782008,22,121.0,0.8858808197758414
pre_ai,W4206295956,8,121.0,0.8228722587227821
pre_ai,W2962364220,23,122.0,0.8589114417200503
pre_ai,W3197142846,50,122.5,0.8689446151256561
pre_ai,W2966685824,32,123.0,0.8819281291216612
pre_ai,W3026135635,38,123.0,0.882518890656923
pre_ai,W3190880397,21,123.0,0.8757362706320626
pre_ai,W3025271680,16,123.5,0.880498219281435
pre_ai,W2943277636,1,124.0,0.9694507122039795
pre_ai,W2995990168,71,124.0,0.8680550833822975
pre_ai,W2997809966,25,124.0,0.8496039223670959
pre_ai,W2999279113,34,124.0,0.8456803910872516
pre_ai,W3097047828,12,125.0,0.8288532346487045
pre_ai,W3130050355,66,125.0,0.9211994617274313
pre_ai,W3215901681,27,125.0,0.8547284779725252
pre_ai,W2930049979,24,125.5,0.868321051200231
pre_ai,W2942662903,34,125.5,0.8632277022389805
pre_ai,W2993102633,48,125.5,0.8690167715152105
pre_ai,W2996011536,26,125.5,0.8597124264790461
pre_ai,W2946860715,25,126.0,0.8869374346733093
pre_ai,W3198073844,80,126.5,0.8721928186714649
pre_ai,W2912421626,51,127.0,0.8845118798461615
pre_ai,W3135374850,18,127.0,0.8502102626694573
pre_ai,W4285448125,10,127.0,0.9274161398410797
pre_ai,W3208204783,54,128.0,0.8581435360290386
pre_ai,W2967303539,58,128.5,0.850164600487413
pre_ai,W2945926810,25,129.0,0.8653793525695801
pre_ai,W3157497111,5,129.0,0.8451748490333557
pre_ai,W3202645105,63,129.0,0.8103816480863661
pre_ai,W2996331593,10,129.5,0.8858582079410553
pre_ai,W2981429783,8,130.0,0.855453722178936
pre_ai,W3015445249,22,130.0,0.880073070526123
pre_ai,W3015449506,85,130.0,0.8780235627118279
pre_ai,W3096490357,42,130.0,0.8660441835721334
pre_ai,W4200012473,51,130.0,0.8333629252863866
pre_ai,W3135786328,50,130.5,0.8516518127918243
pre_ai,W2990980477,31,131.0,0.9136019983599263
pre_ai,W3012518666,8,131.0,0.8811814710497856
pre_ai,W3092030361,34,132.0,0.8980331999414107
pre_ai,W2966891923,21,133.0,0.8594710599808466
pre_ai,W2992762629,37,133.0,0.8637066612372527
pre_ai,W2922225423,14,133.5,0.9099772700241634
pre_ai,W3087655541,87,134.0,0.864601351063827
pre_ai,W3184510696,41,134.0,0.877765515955483
pre_ai,W3212702034,45,134.0,0.8592863652441237
pre_ai,W4200038557,17,134.0,0.8785999732858994
pre_ai,W3128049755,31,135.0,0.8572978473478748
pre_ai,W3149783953,67,135.0,0.8544333621637145
pre_ai,W2920970663,40,136.0,0.8641514018177986
pre_ai,W2942580613,45,136.0,0.9143797940678067
pre_ai,W3212083706,28,136.0,0.89484917478902
pre_ai,W3105834279,92,136.5,0.8817584216594696
pre_ai,W3195246098,40,137.5,0.8429068073630333
pre_ai,W3011502582,31,138.0,0.8967143893241882
pre_ai,W3138085334,12,138.5,0.9124956180651983
pre_ai,W3215477562,32,140.5,0.8617928102612495
pre_ai,W3112040856,61,141.0,0.9083159937233222
pre_ai,W3130330155,16,141.5,0.8907337449491024
pre_ai,W2921356456,23,142.0,0.8592177525810574
pre_ai,W3122524001,12,142.0,0.8587047954400381
pre_ai,W3208764838,30,142.0,0.8417119781176249
pre_ai,W3171211369,18,143.0,0.8725441263781654
pre_ai,W3179591609,27,143.0,0.8514080886487607
pre_ai,W3043065230,30,143.5,0.8875735799471537
pre_ai,W2914369541,19,144.0,0.9195686390525416
pre_ai,W3129135152,16,144.0,0.7894131503999233
pre_ai,W1587457631,16,144.5,0.8844420276582241
pre_ai,W2970423848,19,145.0,0.8826316030401933
pre_ai,W3012633667,25,145.0,0.8549139761924743
pre_ai,W3168890075,37,145.0,0.8636506731445724
pre_ai,W3036273983,7,146.0,0.8472288846969604
pre_ai,W3205206189,20,146.0,0.8596326619386673
pre_ai,W2922776498,32,147.0,0.8752201590687037
pre_ai,W2969722623,31,147.0,0.8712400620983493
pre_ai,W3185891457,22,147.5,0.8633356121453372
pre_ai,W3141735920,26,148.5,0.8359593932445233
pre_ai,W3026429634,42,149.5,0.876025881086077
pre_ai,W3088292883,46,150.5,0.8720823811448138
pre_ai,W3176667832,82,150.5,0.8660592952879463
pre_ai,W3184556647,35,151.0,0.8492388316563197
pre_ai,W3004708860,32,151.5,0.8872051741927862
pre_ai,W3120205799,39,152.0,0.8378183612456689
pre_ai,W3130679092,17,153.0,0.9036094721625832
pre_ai,W3159196059,21,153.0,0.8675571736835298
pre_ai,W3175900407,38,153.5,0.8470218918825451
pre_ai,W2900449979,2,154.5,0.9296656250953674
pre_ai,W2969795819,43,156.0,0.8434836143671081
pre_ai,W3095739809,14,157.0,0.859669349023274
pre_ai,W2934601469,20,158.0,0.9072656810283661
pre_ai,W3008514296,35,158.0,0.8869065999984741
pre_ai,W3027708473,37,158.0,0.8784825995161727
pre_ai,W3033027995,15,158.0,0.8883143146832784
pre_ai,W3184791738,29,158.0,0.8866842121913515
pre_ai,W2140429715,69,159.0,0.8815523057744123
pre_ai,W3011128283,46,159.0,0.8243562877178192
pre_ai,W3128298583,15,159.0,0.8478464206059774
pre_ai,W2920922146,10,160.0,0.8633295834064484
pre_ai,W2950281474,11,160.0,0.8917241150682623
pre_ai,W2967684315,53,160.0,0.873840220694272
pre_ai,W2973656706,30,160.0,0.8904286007086436
pre_ai,W3001990985,32,160.0,0.8727893363684416
pre_ai,W3164058613,22,160.0,0.8732974014498971
pre_ai,W2976120536,19,161.0,0.8437564090678566
pre_ai,W3021589793,25,161.0,0.8409723281860352
pre_ai,W2916432696,81,162.0,0.8576996826831206
pre_ai,W3011898943,23,163.0,0.8638761380444402
pre_ai,W3044541442,19,163.0,0.863278185066424
pre_ai,W3083209157,17,163.0,0.8174292059505687
pre_ai,W3195786593,40,163.0,0.8588713020086288
pre_ai,W3015580046,37,164.0,0.8572515990283038
pre_ai,W4387217458,21,165.0,0.8475449198768252
pre_ai,W2886059460,24,165.5,0.9127415244777998
pre_ai,W3004203855,46,165.5,0.8422900632671688
pre_ai,W3203545634,26,165.5,0.8991239460615011
pre_ai,W2914791834,51,167.0,0.8499349869933783
pre_ai,W2998575606,33,167.0,0.8900734330668594
pre_ai,W3021068534,48,167.0,0.848668838540713
pre_ai,W3152620831,29,167.0,0.8542288233493937
pre_ai,W3039010952,34,169.5,0.8645554412813747
pre_ai,W2943516550,33,170.0,0.8562088464245652
pre_ai,W3118511563,11,170.0,0.8235718282786283
pre_ai,W3133969301,34,172.0,0.8862616524976843
pre_ai,W3134165162,27,173.0,0.8740371134546068
pre_ai,W3194163052,20,173.5,0.85079585313797
pre_ai,W2980108122,51,174.0,0.8398556604104883
pre_ai,W3088094292,9,174.0,0.8743965559535556
pre_ai,W3045849922,20,175.0,0.8796543091535568
pre_ai,W3135258944,19,175.0,0.8770116002936112
pre_ai,W3168107425,32,175.0,0.8481049910187721
pre_ai,W3137104800,25,176.0,0.8442367959022522
pre_ai,W3109619281,8,177.0,0.876989871263504
pre_ai,W4200435239,26,177.0,0.8625043355501615
pre_ai,W3007642370,14,180.5,0.8709343033177512
pre_ai,W2981870686,20,181.0,0.8555200904607773
pre_ai,W3092451121,25,181.0,0.8509552931785583
pre_ai,W3095224534,12,181.5,0.9102553923924764
pre_ai,W3165941799,20,181.5,0.8677803218364716
pre_ai,W3180911971,26,181.5,0.8579490414032569
pre_ai,W3161285312,10,182.5,0.8527053773403168
pre_ai,W3189748543,82,183.0,0.8977964644025012
pre_ai,W2951575167,72,183.5,0.8661349283324348
pre_ai,W3163466142,16,183.5,0.8262128233909607
pre_ai,W2294167815,83,184.0,0.8619742120604917
pre_ai,W3192443137,27,186.0,0.8901419485056842
pre_ai,W3016070848,55,190.0,0.8807340990413319
pre_ai,W3046329998,50,190.0,0.852081127166748
pre_ai,W3008349863,19,191.0,0.8980931639671326
pre_ai,W4200500757,29,191.0,0.8708461276416121
pre_ai,W3194776116,31,192.0,0.8835883890428851
pre_ai,W2970443440,73,194.0,0.8476547525353628
pre_ai,W2916614414,21,196.0,0.8201544597035363
pre_ai,W2945616044,42,196.0,0.8115257918834686
pre_ai,W3162749557,45,196.0,0.8385284900665283
pre_ai,W3159445402,30,196.5,0.8586775044600169
pre_ai,W3175568407,11,197.0,0.8693947141820734
pre_ai,W4200119056,54,201.0,0.8152752143365366
pre_ai,W2962211609,26,203.0,0.8732550327594464
pre_ai,W3117004496,19,203.0,0.8889413319135967
pre_ai,W3000431823,46,203.5,0.8265508374442225
pre_ai,W3214942932,31,204.0,0.857105101308515
pre_ai,W3020115235,22,205.0,0.8955891674215143
pre_ai,W4320165354,12,205.0,0.6774795353412628
pre_ai,W2971401203,16,206.0,0.8376628905534744
pre_ai,W2934703292,37,207.0,0.8682376645706795
pre_ai,W3011459091,14,207.0,0.8824797144957951
pre_ai,W3202857110,50,207.0,0.8664241480827332
pre_ai,W3118118825,32,207.5,0.8871054034680128
pre_ai,W3215718169,82,210.0,0.8825353165952171
pre_ai,W2930474986,28,212.0,0.8609891065529415
pre_ai,W3134064311,25,213.0,0.8916121292114257
pre_ai,W3035541285,52,215.0,0.9012954521637696
pre_ai,W3107774609,6,215.0,0.8298693100611368
pre_ai,W3202555073,11,216.0,0.8065711530772123
pre_ai,W3151512378,29,217.0,0.8977970090405695
pre_ai,W2942487336,44,218.5,0.879691248590296
pre_ai,W2944632539,24,219.5,0.8930646056930224
pre_ai,W2963676269,21,220.0,0.8487417130243211
pre_ai,W3209915407,54,220.5,0.8451181727427023
pre_ai,W3195314698,28,221.5,0.8906679259879249
pre_ai,W3117426003,22,222.0,0.9125030826438557
pre_ai,W3005713443,18,224.0,0.8680224186844296
pre_ai,W3213300764,31,225.0,0.9297450223276692
pre_ai,W3082644684,24,225.5,0.8731922705968221
pre_ai,W3204948883,53,227.0,0.8597638989394566
pre_ai,W3016072253,33,228.0,0.8436627893736868
pre_ai,W3045851925,17,228.0,0.8606521943036247
pre_ai,W3089576639,39,229.0,0.8274434499251537
pre_ai,W3137566472,15,231.0,0.8176096677780151
pre_ai,W3160223877,92,232.0,0.84975939794727
pre_ai,W2949358740,92,233.0,0.8738468308811602
pre_ai,W2981243040,28,244.5,0.910808903830392
pre_ai,W3078561748,28,244.5,0.8227184414863586
pre_ai,W3035421653,31,245.0,0.879992829215142
pre_ai,W3186905876,28,245.5,0.8269447492701667
pre_ai,W3180171386,45,247.0,0.8563876933521695
pre_ai,W2970344935,43,249.0,0.8640078791352206
pre_ai,W3205258739,21,249.0,0.8103366721244085
pre_ai,W3003857937,26,250.0,0.8434217526362493
pre_ai,W3013644800,36,253.5,0.9227143194940355
pre_ai,W3081275089,30,258.5,0.8889904061953227
pre_ai,W3190648631,36,258.5,0.8664990911881129
pre_ai,W2994780247,23,259.0,0.829480741334998
pre_ai,W4416028866,19,259.0,0.8624365047404641
pre_ai,W3127411040,14,259.5,0.9037390308720725
pre_ai,W3016991070,19,260.0,0.8542252528040033
pre_ai,W3048965532,9,260.0,0.8764003647698296
pre_ai,W2908468361,22,260.5,0.8662159036506306
pre_ai,W2910442694,29,262.0,0.855550034292813
pre_ai,W2912330488,73,263.0,0.8290898456965408
pre_ai,W2529037015,72,265.0,0.8438801757163472
pre_ai,W4239032602,14,266.0,0.8626701959541866
pre_ai,W3202646166,58,268.0,0.8411690695532437
pre_ai,W3112976265,8,270.0,0.8523219078779221
pre_ai,W3193542919,23,270.0,0.8232252286828082
pre_ai,W3165719609,37,274.0,0.8328328213176212
pre_ai,W3159194958,21,275.0,0.8581205521311078
pre_ai,W3184567309,38,280.0,0.8493581069143195
pre_ai,W2954032947,123,284.0,0.856780177694026
pre_ai,W3130008592,33,290.0,0.8667128519578413
pre_ai,W2990405341,54,291.5,0.8521313501728905
pre_ai,W3004787383,27,292.0,0.8749580736513491
pre_ai,W3190575406,18,292.5,0.8693730665577782
pre_ai,W3214801300,11,293.0,0.8954501748085022
pre_ai,W3093049034,8,295.5,0.8783057704567909
pre_ai,W3027318207,27,298.0,0.8533267400882862
pre_ai,W2980722100,8,307.5,0.802217647433281
pre_ai,W2986316826,29,311.0,0.8447683001386708
pre_ai,W3081936115,61,311.0,0.8535141974199013
pre_ai,W2521688368,26,311.5,0.8830623305760897
pre_ai,W3129657662,52,316.0,0.8406836436345027
pre_ai,W3151297785,49,322.0,0.8573575664539727
pre_ai,W4235153867,16,323.0,0.8385488614439964
pre_ai,W3131441297,25,327.0,0.910060863494873
pre_ai,W3189860874,31,329.0,0.8625655539574162
pre_ai,W4200183534,5,330.0,0.8550252795219422
pre_ai,W4213324330,30,336.5,0.8543612519900005
pre_ai,W2965140697,8,341.0,0.8875132575631142
pre_ai,W3154824153,11,350.0,0.8471401008692655
pre_ai,W3118546195,40,360.5,0.8384796768426895
pre_ai,W3214422127,30,364.5,0.8543255666891734
pre_ai,W3172726464,21,368.0,0.8450796604156494
pre_ai,W2968710730,80,373.0,0.8524589635431766
pre_ai,W4206140052,7,391.0,0.8947562064443316
pre_ai,W3099364108,50,393.0,0.8572058606147767
pre_ai,W2945475348,21,403.0,0.8363032851900373
pre_ai,W3022720010,28,414.0,0.8828868716955185
pre_ai,W3130582148,15,440.0,0.8653546214103699
pre_ai,W3117872405,7,442.0,0.864154611315046
pre_ai,W3136477683,4,459.5,0.8800162822008133
pre_ai,W3173917884,5,490.0,0.8417651534080506
pre_ai,W3114268646,8,533.5,0.8221717178821564
pre_ai,W1571347114,5,534.0,0.8822684049606323
pre_ai,W3154235728,21,537.0,0.8530044498897734
pre_ai,W3094581566,16,538.0,0.8480528891086578
pre_ai,W3174412764,23,547.0,0.8920644314392753
pre_ai,W2761401665,15,559.0,0.8739509065945943
pre_ai,W3043108046,6,590.0,0.8500635723272959
pre_ai,W3152825808,21,615.0,0.8430593950407845
pre_ai,W3199386213,60,635.5,0.8417752315600713
pre_ai,W3184780151,8,684.0,0.8727739974856377
pre_ai,W2937847156,4,690.0,0.8810958117246628
pre_ai,W1480301574,33,905.0,0.8375548756483829
pre_ai,W3041768796,4,937.5,0.8700149357318878
pre_ai,W766292727,3,1322.0,0.8755249381065369
pre_ai,W4312742999,1,2138.0,0.9277268052101135
pre_ai,W2990680699,2,5659.5,0.8888554871082306
