query_ai_group,candidate_field,n,share
post_ai,Medicine,18358,0.6620744373918062
post_ai,"Biochemistry, Genetics and Molecular Biology",1530,0.05517888055395268
post_ai,Social Sciences,1284,0.0463069821119446
post_ai,Health Professions,1245,0.04490046162723601
post_ai,Psychology,1164,0.04197922677437969
post_ai,Agricultural and Biological Sciences,565,0.020376514714368146
post_ai,Environmental Science,511,0.018429024812463935
post_ai,Immunology and Microbiology,473,0.017058568955568378
post_ai,Mathematics,319,0.011504616272360069
post_ai,Computer Science,315,0.011360357761107906
post_ai,Decision Sciences,300,0.01081938834391229
post_ai,Neuroscience,299,0.01078332371609925
post_ai,Nursing,289,0.01042267743796884
post_ai,"Business, Management and Accounting",211,0.007609636468551645
post_ai,"Economics, Econometrics and Finance",210,0.007573571840738603
post_ai,Engineering,159,0.0057342758222735145
post_ai,"Pharmacology, Toxicology and Pharmaceutics",91,0.0032818811309867284
post_ai,Arts and Humanities,88,0.0031736872475476054
post_ai,Chemistry,63,0.002272071552221581
post_ai,Dentistry,57,0.002055683785343335
post_ai,Materials Science,50,0.0018032313906520484
post_ai,Veterinary,50,0.0018032313906520484
post_ai,Physics and Astronomy,32,0.001154068090017311
post_ai,Earth and Planetary Sciences,27,0.0009737449509521061
post_ai,unknown,22,0.0007934218118869013
post_ai,Energy,10,0.0003606462781304097
post_ai,Chemical Engineering,6,0.00021638776687824582
pre_ai,Medicine,17623,0.6770004994045561
pre_ai,"Biochemistry, Genetics and Molecular Biology",1510,0.058007759978487186
pre_ai,Psychology,1086,0.04171948830240867
pre_ai,Health Professions,1077,0.04137374668664285
pre_ai,Social Sciences,1018,0.03910721831662249
pre_ai,Immunology and Microbiology,578,0.022204294879182514
pre_ai,Environmental Science,482,0.01851638431101379
pre_ai,Agricultural and Biological Sciences,421,0.01617302447082325
pre_ai,Neuroscience,410,0.01575045138488725
pre_ai,Mathematics,258,0.00991125965195344
pre_ai,Nursing,226,0.008681956129230534
pre_ai,Computer Science,207,0.007952057162613806
pre_ai,Decision Sciences,188,0.007222158195997081
pre_ai,"Economics, Econometrics and Finance",158,0.006069686143444355
pre_ai,"Business, Management and Accounting",150,0.005762360262763628
pre_ai,Engineering,138,0.0053013714417425375
pre_ai,Dentistry,129,0.00495562982597672
pre_ai,Chemistry,60,0.002304944105105451
pre_ai,"Pharmacology, Toxicology and Pharmaceutics",60,0.002304944105105451
pre_ai,Arts and Humanities,58,0.0022281126349352697
pre_ai,Materials Science,55,0.002112865429679997
pre_ai,Physics and Astronomy,36,0.0013829664630632707
pre_ai,Veterinary,35,0.0013445507279781798
pre_ai,Earth and Planetary Sciences,34,0.001306134992893089
pre_ai,unknown,21,0.0008067304367869079
pre_ai,Energy,8,0.0003073258806807268
pre_ai,Chemical Engineering,5,0.00019207867542545427
