query_ai_group,candidate_work_type,n,share
post_ai,article,3803,0.7384466019417476
post_ai,review,836,0.16233009708737864
post_ai,preprint,316,0.06135922330097087
post_ai,editorial,64,0.012427184466019418
post_ai,book,40,0.007766990291262136
post_ai,letter,34,0.006601941747572815
post_ai,book-chapter,29,0.005631067961165049
post_ai,paratext,15,0.002912621359223301
post_ai,report,6,0.0011650485436893205
post_ai,other,4,0.0007766990291262136
post_ai,dissertation,2,0.0003883495145631068
post_ai,erratum,1,0.0001941747572815534
pre_ai,article,3221,0.7584177066164351
pre_ai,review,676,0.15917117965622793
pre_ai,preprint,141,0.033199905815870026
pre_ai,book,60,0.014127619496114905
pre_ai,letter,52,0.012243936896632918
pre_ai,editorial,39,0.009182952672474688
pre_ai,book-chapter,37,0.00871203202260419
pre_ai,report,8,0.0018836825994819873
pre_ai,paratext,6,0.0014127619496114904
pre_ai,other,4,0.0009418412997409936
pre_ai,reference-entry,2,0.0004709206498704968
pre_ai,erratum,1,0.0002354603249352484
